  0
SECTION
  2
HEADER
  9
$ACADVER
  1
AC1032
  9
$ACADMAINTVER
 90
      328
  9
$DWGCODEPAGE
  3
ANSI_1250
  9
$LASTSAVEDBY
  1
Jakub
  9
$REQUIREDVERSIONS
160
                 0
  9
$INSBASE
 10
0.0
 20
0.0
 30
0.0
  9
$EXTMIN
 10
-268.1589196283469
 20
-56.14297732056423
 30
0.0
  9
$EXTMAX
 10
838.1764113668968
 20
505.8669985427179
 30
0.0
  9
$LIMMIN
 10
0.0
 20
0.0
  9
$LIMMAX
 10
420.0
 20
297.0
  9
$ORTHOMODE
 70
     0
  9
$REGENMODE
 70
     1
  9
$FILLMODE
 70
     1
  9
$QTEXTMODE
 70
     0
  9
$MIRRTEXT
 70
     0
  9
$LTSCALE
 40
1.0
  9
$ATTMODE
 70
     1
  9
$TEXTSIZE
 40
2.5
  9
$TRACEWID
 40
1.0
  9
$TEXTSTYLE
  7
Standard
  9
$CLAYER
  8
Ściany
  9
$CELTYPE
  6
ByLayer
  9
$CECOLOR
 62
   256
  9
$CELTSCALE
 40
1.0
  9
$DISPSILH
 70
     0
  9
$DIMSCALE
 40
1.0
  9
$DIMASZ
 40
2.5
  9
$DIMEXO
 40
0.625
  9
$DIMDLI
 40
3.75
  9
$DIMRND
 40
0.0
  9
$DIMDLE
 40
0.0
  9
$DIMEXE
 40
1.25
  9
$DIMTP
 40
0.0
  9
$DIMTM
 40
0.0
  9
$DIMTXT
 40
2.5
  9
$DIMCEN
 40
2.5
  9
$DIMTSZ
 40
0.0
  9
$DIMTOL
 70
     0
  9
$DIMLIM
 70
     0
  9
$DIMTIH
 70
     0
  9
$DIMTOH
 70
     0
  9
$DIMSE1
 70
     0
  9
$DIMSE2
 70
     0
  9
$DIMTAD
 70
     1
  9
$DIMZIN
 70
     8
  9
$DIMBLK
  1

  9
$DIMASO
 70
     1
  9
$DIMSHO
 70
     1
  9
$DIMPOST
  1

  9
$DIMAPOST
  1

  9
$DIMALT
 70
     0
  9
$DIMALTD
 70
     3
  9
$DIMALTF
 40
0.03937007874016
  9
$DIMLFAC
 40
1.0
  9
$DIMTOFL
 70
     1
  9
$DIMTVP
 40
0.0
  9
$DIMTIX
 70
     0
  9
$DIMSOXD
 70
     0
  9
$DIMSAH
 70
     0
  9
$DIMBLK1
  1

  9
$DIMBLK2
  1

  9
$DIMSTYLE
  2
ISO-25
  9
$DIMCLRD
 70
     0
  9
$DIMCLRE
 70
     0
  9
$DIMCLRT
 70
     0
  9
$DIMTFAC
 40
1.0
  9
$DIMGAP
 40
0.625
  9
$DIMJUST
 70
     0
  9
$DIMSD1
 70
     0
  9
$DIMSD2
 70
     0
  9
$DIMTOLJ
 70
     0
  9
$DIMTZIN
 70
     8
  9
$DIMALTZ
 70
     0
  9
$DIMALTTZ
 70
     0
  9
$DIMUPT
 70
     0
  9
$DIMDEC
 70
     2
  9
$DIMTDEC
 70
     2
  9
$DIMALTU
 70
     2
  9
$DIMALTTD
 70
     3
  9
$DIMTXSTY
  7
Standard
  9
$DIMAUNIT
 70
     0
  9
$DIMADEC
 70
     0
  9
$DIMALTRND
 40
0.0
  9
$DIMAZIN
 70
     0
  9
$DIMDSEP
 70
    44
  9
$DIMATFIT
 70
     3
  9
$DIMFRAC
 70
     0
  9
$DIMLDRBLK
  1

  9
$DIMLUNIT
 70
     2
  9
$DIMLWD
 70
    -2
  9
$DIMLWE
 70
    -2
  9
$DIMTMOVE
 70
     0
  9
$DIMFXL
 40
1.0
  9
$DIMFXLON
 70
     0
  9
$DIMJOGANG
 40
0.7853981633974483
  9
$DIMTFILL
 70
     0
  9
$DIMTFILLCLR
 70
     0
  9
$DIMARCSYM
 70
     0
  9
$DIMLTYPE
  6

  9
$DIMLTEX1
  6

  9
$DIMLTEX2
  6

  9
$DIMTXTDIRECTION
 70
     0
  9
$LUNITS
 70
     2
  9
$LUPREC
 70
     4
  9
$SKETCHINC
 40
1.0
  9
$FILLETRAD
 40
10.0
  9
$AUNITS
 70
     0
  9
$AUPREC
 70
     0
  9
$MENU
  1
.
  9
$ELEVATION
 40
0.0
  9
$PELEVATION
 40
0.0
  9
$THICKNESS
 40
0.0
  9
$LIMCHECK
 70
     0
  9
$CHAMFERA
 40
0.0
  9
$CHAMFERB
 40
0.0
  9
$CHAMFERC
 40
0.0
  9
$CHAMFERD
 40
0.0
  9
$SKPOLY
 70
     0
  9
$TDCREATE
 40
2460909.891574074
  9
$TDUCREATE
 40
2460909.808240741
  9
$TDUPDATE
 40
2460923.976307871
  9
$TDUUPDATE
 40
2460923.892974537
  9
$TDINDWG
 40
0.3439351852
  9
$TDUSRTIMER
 40
0.3439351852
  9
$USRTIMER
 70
     1
  9
$ANGBASE
 50
0.0
  9
$ANGDIR
 70
     0
  9
$PDMODE
 70
     0
  9
$PDSIZE
 40
0.0
  9
$PLINEWID
 40
0.0
  9
$SPLFRAME
 70
     0
  9
$SPLINETYPE
 70
     6
  9
$SPLINESEGS
 70
     8
  9
$HANDSEED
  5
58B
  9
$SURFTAB1
 70
     6
  9
$SURFTAB2
 70
     6
  9
$SURFTYPE
 70
     6
  9
$SURFU
 70
     6
  9
$SURFV
 70
     6
  9
$UCSBASE
  2

  9
$UCSNAME
  2

  9
$UCSORG
 10
0.0
 20
0.0
 30
0.0
  9
$UCSXDIR
 10
1.0
 20
0.0
 30
0.0
  9
$UCSYDIR
 10
0.0
 20
1.0
 30
0.0
  9
$UCSORTHOREF
  2

  9
$UCSORTHOVIEW
 70
     0
  9
$UCSORGTOP
 10
0.0
 20
0.0
 30
0.0
  9
$UCSORGBOTTOM
 10
0.0
 20
0.0
 30
0.0
  9
$UCSORGLEFT
 10
0.0
 20
0.0
 30
0.0
  9
$UCSORGRIGHT
 10
0.0
 20
0.0
 30
0.0
  9
$UCSORGFRONT
 10
0.0
 20
0.0
 30
0.0
  9
$UCSORGBACK
 10
0.0
 20
0.0
 30
0.0
  9
$PUCSBASE
  2

  9
$PUCSNAME
  2

  9
$PUCSORG
 10
0.0
 20
0.0
 30
0.0
  9
$PUCSXDIR
 10
1.0
 20
0.0
 30
0.0
  9
$PUCSYDIR
 10
0.0
 20
1.0
 30
0.0
  9
$PUCSORTHOREF
  2

  9
$PUCSORTHOVIEW
 70
     0
  9
$PUCSORGTOP
 10
0.0
 20
0.0
 30
0.0
  9
$PUCSORGBOTTOM
 10
0.0
 20
0.0
 30
0.0
  9
$PUCSORGLEFT
 10
0.0
 20
0.0
 30
0.0
  9
$PUCSORGRIGHT
 10
0.0
 20
0.0
 30
0.0
  9
$PUCSORGFRONT
 10
0.0
 20
0.0
 30
0.0
  9
$PUCSORGBACK
 10
0.0
 20
0.0
 30
0.0
  9
$USERI1
 70
     0
  9
$USERI2
 70
     0
  9
$USERI3
 70
     0
  9
$USERI4
 70
     0
  9
$USERI5
 70
     0
  9
$USERR1
 40
0.0
  9
$USERR2
 40
0.0
  9
$USERR3
 40
0.0
  9
$USERR4
 40
0.0
  9
$USERR5
 40
0.0
  9
$WORLDVIEW
 70
     1
  9
$SHADEDGE
 70
     3
  9
$SHADEDIF
 70
    70
  9
$TILEMODE
 70
     1
  9
$MAXACTVP
 70
    64
  9
$PINSBASE
 10
0.0
 20
0.0
 30
0.0
  9
$PLIMCHECK
 70
     0
  9
$PEXTMIN
 10
0.0
 20
0.0
 30
0.0
  9
$PEXTMAX
 10
0.0
 20
0.0
 30
0.0
  9
$PLIMMIN
 10
0.0
 20
0.0
  9
$PLIMMAX
 10
12.0
 20
9.0
  9
$UNITMODE
 70
     0
  9
$VISRETAIN
 70
     1
  9
$PLINEGEN
 70
     0
  9
$PSLTSCALE
 70
     1
  9
$TREEDEPTH
 70
  3020
  9
$CMLSTYLE
  2
Standard
  9
$CMLJUST
 70
     0
  9
$CMLSCALE
 40
20.0
  9
$PROXYGRAPHICS
 70
     1
  9
$MEASUREMENT
 70
     1
  9
$CELWEIGHT
370
    -1
  9
$ENDCAPS
280
     0
  9
$JOINSTYLE
280
     0
  9
$LWDISPLAY
290
     0
  9
$INSUNITS
 70
     4
  9
$HYPERLINKBASE
  1

  9
$STYLESHEET
  1

  9
$XEDIT
290
     1
  9
$CEPSNTYPE
380
     0
  9
$PSTYLEMODE
290
     1
  9
$FINGERPRINTGUID
  2
{6F10B3E9-A799-FF4A-855E-427DCAAE96A7}
  9
$VERSIONGUID
  2
{014135CC-7565-2E45-820F-8EC88D5F03B3}
  9
$EXTNAMES
290
     1
  9
$PSVPSCALE
 40
0.0
  9
$OLESTARTUP
290
     0
  9
$SORTENTS
280
   127
  9
$INDEXCTL
280
     0
  9
$HIDETEXT
280
     1
  9
$XCLIPFRAME
280
     2
  9
$HALOGAP
280
     0
  9
$OBSCOLOR
 70
   257
  9
$OBSLTYPE
280
     0
  9
$INTERSECTIONDISPLAY
280
     0
  9
$INTERSECTIONCOLOR
 70
   257
  9
$DIMASSOC
280
     2
  9
$PROJECTNAME
  1

  9
$CAMERADISPLAY
290
     0
  9
$LENSLENGTH
 40
50.0
  9
$CAMERAHEIGHT
 40
0.0
  9
$STEPSPERSEC
 40
2.0
  9
$STEPSIZE
 40
6.0
  9
$3DDWFPREC
 40
2.0
  9
$PSOLWIDTH
 40
5.0
  9
$PSOLHEIGHT
 40
80.0
  9
$LOFTANG1
 40
1.570796326794896
  9
$LOFTANG2
 40
1.570796326794896
  9
$LOFTMAG1
 40
0.0
  9
$LOFTMAG2
 40
0.0
  9
$LOFTPARAM
 70
     7
  9
$LOFTNORMALS
280
     1
  9
$LATITUDE
 40
37.795
  9
$LONGITUDE
 40
-122.394
  9
$NORTHDIRECTION
 40
0.0
  9
$TIMEZONE
 70
 -8000
  9
$LIGHTGLYPHDISPLAY
280
     1
  9
$TILEMODELIGHTSYNCH
280
     1
  9
$CMATERIAL
347
EC
  9
$SOLIDHIST
280
     0
  9
$SHOWHIST
280
     1
  9
$DWFFRAME
280
     2
  9
$DGNFRAME
280
     0
  9
$REALWORLDSCALE
290
     1
  9
$INTERFERECOLOR
 62
     1
  9
$INTERFEREOBJVS
345
F9
  9
$INTERFEREVPVS
346
F6
  9
$CSHADOW
280
     0
  9
$SHADOWPLANELOCATION
 40
0.0
  0
ENDSEC
  0
SECTION
  2
CLASSES
  0
CLASS
  1
ACDBDICTIONARYWDFLT
  2
AcDbDictionaryWithDefault
  3
ObjectDBX Classes
 90
        0
 91
        1
280
     0
281
     0
  0
CLASS
  1
DICTIONARYVAR
  2
AcDbDictionaryVar
  3
ObjectDBX Classes
 90
        0
 91
       13
280
     0
281
     0
  0
CLASS
  1
TABLESTYLE
  2
AcDbTableStyle
  3
ObjectDBX Classes
 90
     4095
 91
        1
280
     0
281
     0
  0
CLASS
  1
MATERIAL
  2
AcDbMaterial
  3
ObjectDBX Classes
 90
     1153
 91
        3
280
     0
281
     0
  0
CLASS
  1
VISUALSTYLE
  2
AcDbVisualStyle
  3
ObjectDBX Classes
 90
     4095
 91
       24
280
     0
281
     0
  0
CLASS
  1
SCALE
  2
AcDbScale
  3
ObjectDBX Classes
 90
     1153
 91
       17
280
     0
281
     0
  0
CLASS
  1
MLEADERSTYLE
  2
AcDbMLeaderStyle
  3
ACDB_MLEADERSTYLE_CLASS
 90
     4095
 91
        2
280
     0
281
     0
  0
CLASS
  1
CELLSTYLEMAP
  2
AcDbCellStyleMap
  3
ObjectDBX Classes
 90
     1152
 91
        1
280
     0
281
     0
  0
CLASS
  1
EXACXREFPANELOBJECT
  2
ExAcXREFPanelObject
  3
EXAC_ESW
 90
     1025
 91
        0
280
     0
281
     0
  0
CLASS
  1
NPOCOLLECTION
  2
AcDbImpNonPersistentObjectsCollection
  3
ObjectDBX Classes
 90
     1153
 91
        0
280
     0
281
     0
  0
CLASS
  1
LAYER_INDEX
  2
AcDbLayerIndex
  3
ObjectDBX Classes
 90
        0
 91
        0
280
     0
281
     0
  0
CLASS
  1
SPATIAL_INDEX
  2
AcDbSpatialIndex
  3
ObjectDBX Classes
 90
        0
 91
        0
280
     0
281
     0
  0
CLASS
  1
IDBUFFER
  2
AcDbIdBuffer
  3
ObjectDBX Classes
 90
        0
 91
        0
280
     0
281
     0
  0
CLASS
  1
ACDBSECTIONVIEWSTYLE
  2
AcDbSectionViewStyle
  3
ObjectDBX Classes
 90
     1025
 91
        2
280
     0
281
     0
  0
CLASS
  1
ACDBDETAILVIEWSTYLE
  2
AcDbDetailViewStyle
  3
ObjectDBX Classes
 90
     1025
 91
        2
280
     0
281
     0
  0
CLASS
  1
SORTENTSTABLE
  2
AcDbSortentsTable
  3
ObjectDBX Classes
 90
        0
 91
        1
280
     0
281
     0
  0
ENDSEC
  0
SECTION
  2
TABLES
  0
TABLE
  2
VPORT
  5
8
330
0
100
AcDbSymbolTable
 70
     1
  0
VPORT
  5
EA
330
8
100
AcDbSymbolTableRecord
100
AcDbViewportTableRecord
  2
*Active
 70
     0
 10
0.0
 20
0.0
 11
1.0
 21
1.0
 12
404.1408876854728
 22
166.6333064654973
 13
0.0
 23
0.0
 14
10.0
 24
10.0
 15
10.0
 25
10.0
 16
0.0
 26
0.0
 36
1.0
 17
0.0
 27
0.0
 37
0.0
 40
933.2489315165727
 41
2.165816326530612
 42
50.0
 43
0.0
 44
0.0
 50
0.0
 51
0.0
 71
     0
 72
  1000
 73
     1
 74
     3
 75
     0
 76
     1
 77
     0
 78
     0
281
     0
 65
     1
110
0.0
120
0.0
130
0.0
111
1.0
121
0.0
131
0.0
112
0.0
122
1.0
132
0.0
 79
     0
146
0.0
348
F5
 60
     3
 61
     5
292
     1
282
     1
141
0.0
142
0.0
 63
   250
421
  3355443
1001
ACAD_NAV_VCDISPLAY
1070
     3
  0
ENDTAB
  0
TABLE
  2
LTYPE
  5
5
330
0
100
AcDbSymbolTable
 70
     2
  0
LTYPE
  5
14
330
5
100
AcDbSymbolTableRecord
100
AcDbLinetypeTableRecord
  2
ByBlock
 70
     0
  3

 72
    65
 73
     0
 40
0.0
  0
LTYPE
  5
15
330
5
100
AcDbSymbolTableRecord
100
AcDbLinetypeTableRecord
  2
ByLayer
 70
     0
  3

 72
    65
 73
     0
 40
0.0
  0
LTYPE
  5
16
330
5
100
AcDbSymbolTableRecord
100
AcDbLinetypeTableRecord
  2
Continuous
 70
     0
  3
Solid line
 72
    65
 73
     0
 40
0.0
  0
ENDTAB
  0
TABLE
  2
LAYER
  5
2
102
{ACAD_XDICTIONARY
360
1FF
102
}
330
0
100
AcDbSymbolTable
 70
     7
  0
LAYER
  5
10
102
{ACAD_XDICTIONARY
360
13C
102
}
330
2
100
AcDbSymbolTableRecord
100
AcDbLayerTableRecord
  2
0
 70
     0
 62
     7
  6
Continuous
370
    -3
390
F
347
EE
348
0
  0
LAYER
  5
2C1
330
2
100
AcDbSymbolTableRecord
100
AcDbLayerTableRecord
  2
Szyny
 70
     0
 62
    -6
  6
Continuous
370
    -3
390
F
347
EE
348
0
1001
AcAecLayerStandard
1000

1000

1001
AcCmTransparency
1071
        0
  0
LAYER
  5
2C4
330
2
100
AcDbSymbolTableRecord
100
AcDbLayerTableRecord
  2
Ściany
 70
     0
 62
    30
  6
Continuous
370
    -3
390
F
347
EE
348
0
1001
AcAecLayerStandard
1000

1000

1001
AcCmTransparency
1071
        0
  0
LAYER
  5
2C9
330
2
100
AcDbSymbolTableRecord
100
AcDbLayerTableRecord
  2
1
 70
     0
 62
     7
  6
Continuous
370
    -3
390
F
347
EE
348
0
  0
LAYER
  5
2F5
330
2
100
AcDbSymbolTableRecord
100
AcDbLayerTableRecord
  2
Zasilacz
 70
     0
 62
    -4
  6
Continuous
370
    -3
390
F
347
EE
348
0
1001
AcAecLayerStandard
1000

1000

1001
AcCmTransparency
1071
        0
  0
LAYER
  5
32B
330
2
100
AcDbSymbolTableRecord
100
AcDbLayerTableRecord
  2
Obudowy
 70
     0
 62
  -240
  6
Continuous
370
    -3
390
F
347
EE
348
0
1001
AcAecLayerStandard
1000

1000

1001
AcCmTransparency
1071
        0
  0
LAYER
  5
38E
330
2
100
AcDbSymbolTableRecord
100
AcDbLayerTableRecord
  2
Podłoga
 70
     0
 62
    30
  6
Continuous
370
    -3
390
F
347
EE
348
0
1001
AcAecLayerStandard
1000

1000

1001
AcCmTransparency
1071
        0
  0
ENDTAB
  0
TABLE
  2
STYLE
  5
3
330
0
100
AcDbSymbolTable
 70
     2
  0
STYLE
  5
11
330
3
100
AcDbSymbolTableRecord
100
AcDbTextStyleTableRecord
  2
Standard
 70
     0
 40
0.0
 41
1.0
 50
0.0
 71
     0
 42
2.5
  3
arial.ttf
  4

1001
ACAD
1000
Arial
1071
       34
  0
STYLE
  5
132
330
3
100
AcDbSymbolTableRecord
100
AcDbTextStyleTableRecord
  2
Annotative
 70
     0
 40
0.0
 41
1.0
 50
0.0
 71
     0
 42
2.5
  3
arial.ttf
  4

1001
AcadAnnotative
1000
AnnotativeData
1002
{
1070
     1
1070
     1
1002
}
1001
ACAD
1000
Arial
1071
       34
  0
ENDTAB
  0
TABLE
  2
VIEW
  5
6
330
0
100
AcDbSymbolTable
 70
     0
  0
ENDTAB
  0
TABLE
  2
UCS
  5
7
330
0
100
AcDbSymbolTable
 70
     0
  0
ENDTAB
  0
TABLE
  2
APPID
  5
9
330
0
100
AcDbSymbolTable
 70
    14
  0
APPID
  5
12
330
9
100
AcDbSymbolTableRecord
100
AcDbRegAppTableRecord
  2
ACAD
 70
     0
  0
APPID
  5
9E
330
9
100
AcDbSymbolTableRecord
100
AcDbRegAppTableRecord
  2
ACAD_PSEXT
 70
     0
  0
APPID
  5
133
330
9
100
AcDbSymbolTableRecord
100
AcDbRegAppTableRecord
  2
AcadAnnoPO
 70
     0
  0
APPID
  5
134
330
9
100
AcDbSymbolTableRecord
100
AcDbRegAppTableRecord
  2
AcadAnnotative
 70
     0
  0
APPID
  5
135
330
9
100
AcDbSymbolTableRecord
100
AcDbRegAppTableRecord
  2
ACAD_DSTYLE_DIMJAG
 70
     0
  0
APPID
  5
136
330
9
100
AcDbSymbolTableRecord
100
AcDbRegAppTableRecord
  2
ACAD_DSTYLE_DIMTALN
 70
     0
  0
APPID
  5
165
330
9
100
AcDbSymbolTableRecord
100
AcDbRegAppTableRecord
  2
ACAD_MLEADERVER
 70
     0
  0
APPID
  5
217
330
9
100
AcDbSymbolTableRecord
100
AcDbRegAppTableRecord
  2
ACAD_NAV_VCDISPLAY
 70
     0
  0
APPID
  5
2C2
330
9
100
AcDbSymbolTableRecord
100
AcDbRegAppTableRecord
  2
AcAecLayerStandard
 70
     0
  0
APPID
  5
2C3
330
9
100
AcDbSymbolTableRecord
100
AcDbRegAppTableRecord
  2
AcCmTransparency
 70
     0
  0
APPID
  5
2D3
330
9
100
AcDbSymbolTableRecord
100
AcDbRegAppTableRecord
  2
ACAD_EXEMPT_FROM_CAD_STANDARDS
 70
     0
  0
APPID
  5
2DF
330
9
100
AcDbSymbolTableRecord
100
AcDbRegAppTableRecord
  2
ACAD_DSTYLE_DIMRADIAL_EXTENSION
 70
     0
  0
APPID
  5
400
330
9
100
AcDbSymbolTableRecord
100
AcDbRegAppTableRecord
  2
GradientColor1ACI
 70
     0
  0
APPID
  5
401
330
9
100
AcDbSymbolTableRecord
100
AcDbRegAppTableRecord
  2
GradientColor2ACI
 70
     0
  0
ENDTAB
  0
TABLE
  2
DIMSTYLE
  5
A
330
0
100
AcDbSymbolTable
 70
     4
100
AcDbDimStyleTable
 71
     2
340
27
340
137
  0
DIMSTYLE
105
1B0
330
A
100
AcDbSymbolTableRecord
100
AcDbDimStyleTableRecord
  2
Standard
 70
     0
340
11
  0
DIMSTYLE
105
137
330
A
100
AcDbSymbolTableRecord
100
AcDbDimStyleTableRecord
  2
Annotative
 70
     0
 40
0.0
 41
2.5
 42
0.625
 43
3.75
 44
1.25
 73
     0
 74
     0
 77
     1
 78
     8
140
2.5
141
2.5
143
0.03937007874016
147
0.625
171
     3
172
     1
271
     2
272
     2
274
     3
278
    44
283
     0
284
     8
340
11
1001
AcadAnnotative
1000
AnnotativeData
1002
{
1070
     1
1070
     1
1002
}
1001
ACAD_DSTYLE_DIMJAG
1070
   388
1040
1.5
1001
ACAD_DSTYLE_DIMTALN
1070
   392
1070
     0
  0
DIMSTYLE
105
27
330
A
100
AcDbSymbolTableRecord
100
AcDbDimStyleTableRecord
  2
ISO-25
 70
     0
 41
2.5
 42
0.625
 43
3.75
 44
1.25
 73
     0
 74
     0
 77
     1
 78
     8
140
2.5
141
2.5
143
0.03937007874016
147
0.625
171
     3
172
     1
271
     2
272
     2
274
     3
278
    44
283
     0
284
     8
340
11
  0
ENDTAB
  0
TABLE
  2
BLOCK_RECORD
  5
1
330
0
100
AcDbSymbolTable
 70
     3
  0
BLOCK_RECORD
  5
1F
102
{ACAD_XDICTIONARY
360
1CE
102
}
330
1
100
AcDbSymbolTableRecord
100
AcDbBlockTableRecord
  2
*Model_Space
340
22
 70
     0
280
     1
281
     0
  0
BLOCK_RECORD
  5
D2
330
1
100
AcDbSymbolTableRecord
100
AcDbBlockTableRecord
  2
*Paper_Space
340
D3
 70
     0
280
     1
281
     0
  0
BLOCK_RECORD
  5
D6
330
1
100
AcDbSymbolTableRecord
100
AcDbBlockTableRecord
  2
*Paper_Space0
340
D7
 70
     0
280
     1
281
     0
  0
BLOCK_RECORD
  5
2C5
330
1
100
AcDbSymbolTableRecord
100
AcDbBlockTableRecord
  2
railInner18
340
0
 70
     4
280
     1
281
     0
  0
ENDTAB
  0
ENDSEC
  0
SECTION
  2
BLOCKS
  0
BLOCK
  5
20
330
1F
100
AcDbEntity
  8
0
100
AcDbBlockBegin
  2
*Model_Space
 70
     0
 10
0.0
 20
0.0
 30
0.0
  3
*Model_Space
  1

  0
ENDBLK
  5
21
330
1F
100
AcDbEntity
  8
0
100
AcDbBlockEnd
  0
BLOCK
  5
D4
330
D2
100
AcDbEntity
 67
     1
  8
0
100
AcDbBlockBegin
  2
*Paper_Space
 70
     0
 10
0.0
 20
0.0
 30
0.0
  3
*Paper_Space
  1

  0
ENDBLK
  5
D5
330
D2
100
AcDbEntity
 67
     1
  8
0
100
AcDbBlockEnd
  0
BLOCK
  5
D8
330
D6
100
AcDbEntity
 67
     1
  8
0
100
AcDbBlockBegin
  2
*Paper_Space0
 70
     0
 10
0.0
 20
0.0
 30
0.0
  3
*Paper_Space0
  1

  0
ENDBLK
  5
D9
330
D6
100
AcDbEntity
 67
     1
  8
0
100
AcDbBlockEnd
  0
BLOCK
  5
2C6
330
2C5
100
AcDbEntity
  8
0
100
AcDbBlockBegin
  2
railInner18
 70
     0
 10
0.0
 20
0.0
 30
0.0
  3
railInner18
  1

  4
railInner18
  0
3DSOLID
  5
2C7
330
2C5
100
AcDbEntity
  8
1
 62
   254
420
 13292014
100
AcDbModelerGeometry
290
     1
  2
{0ffee8bc-7337-bc4b-b4e4-249d2ed7f326}
100
AcDb3dSolid
350
0
  0
ENDBLK
  5
2C8
330
2C5
100
AcDbEntity
  8
0
100
AcDbBlockEnd
  0
ENDSEC
  0
SECTION
  2
ENTITIES
  0
CIRCLE
  5
2DE
102
{ACAD_REACTORS
330
2E9
102
}
330
1F
100
AcDbEntity
  8
Szyny
100
AcDbCircle
 10
619.0989755019947
 20
201.4021474012704
 30
0.0
 40
1.749999999999999
  0
CIRCLE
  5
2E1
102
{ACAD_REACTORS
330
2E9
102
}
330
1F
100
AcDbEntity
  8
Szyny
100
AcDbCircle
 10
626.594216707239
 20
206.6503717938825
 30
0.0
 40
1.749999999999999
  0
LWPOLYLINE
  5
2E4
102
{ACAD_REACTORS
330
2E9
102
}
330
1F
100
AcDbEntity
  8
Szyny
100
AcDbPolyline
 90
        4
 70
     1
 43
0.0
 10
634.4367050032253
 20
218.5508078080511
 10
640.4592575849111
 20
209.9497113430166
 10
618.0144915713928
 20
194.2337169869979
 10
611.9919389897069
 20
202.8348134520324
  0
CIRCLE
  5
2E5
102
{ACAD_REACTORS
330
2E9
102
}
330
1F
100
AcDbEntity
  8
Szyny
100
AcDbCircle
 10
689.3620889549978
 20
101.0560219758689
 30
0.0
 40
1.749999999999999
  0
CIRCLE
  5
2E6
102
{ACAD_REACTORS
330
2E9
102
}
330
1F
100
AcDbEntity
  8
Szyny
100
AcDbCircle
 10
696.8573301602422
 20
106.304246368481
 30
0.0
 40
1.749999999999999
  0
LWPOLYLINE
  5
2E8
102
{ACAD_REACTORS
330
2E9
102
}
330
1F
100
AcDbEntity
  8
Szyny
100
AcDbPolyline
 90
        4
 70
     1
 43
0.0
 10
704.6998184562283
 20
118.2046823826496
 10
710.7223710379143
 20
109.6035859176151
 10
688.2776050243959
 20
93.8875915615965
 10
682.25505244271
 20
102.4886880266309
  0
CIRCLE
  5
2EA
102
{ACAD_REACTORS
330
2F0
102
}
330
1F
100
AcDbEntity
  8
Szyny
100
AcDbCircle
 10
708.7511406151137
 20
86.17827936574371
 30
0.0
 40
1.75
  0
CIRCLE
  5
2EB
102
{ACAD_REACTORS
330
2F0
102
}
330
1F
100
AcDbEntity
  8
Szyny
100
AcDbCircle
 10
711.8806249265436
 20
94.77646684593478
 30
0.0
 40
1.75
  0
LWPOLYLINE
  5
2EC
102
{ACAD_REACTORS
330
2F0
102
}
330
1F
100
AcDbEntity
  8
Szyny
100
AcDbPolyline
 90
        4
 70
     1
 43
0.0
 10
711.4790055664826
 20
109.0229998238078
 10
721.3457780847349
 20
105.4317883188883
 10
711.9744261576114
 20
79.68421050935441
 10
702.1076536393594
 20
83.27542201427394
  0
CIRCLE
  5
2ED
102
{ACAD_REACTORS
330
2F0
102
}
330
1F
100
AcDbEntity
  8
Szyny
100
AcDbCircle
 10
823.8634866613875
 20
44.28081180834932
 30
0.0
 40
1.75
  0
CIRCLE
  5
2EE
102
{ACAD_REACTORS
330
2F0
102
}
330
1F
100
AcDbEntity
  8
Szyny
100
AcDbCircle
 10
826.9929709728174
 20
52.87899928854038
 30
0.0
 40
1.75
  0
LWPOLYLINE
  5
2EF
102
{ACAD_REACTORS
330
2F0
102
}
330
1F
100
AcDbEntity
  8
Szyny
100
AcDbPolyline
 90
        4
 70
     1
 43
0.0
 10
826.5913516127566
 20
67.12553226641341
 10
836.4581241310085
 20
63.53432076149389
 10
827.0867722038852
 20
37.78674295196001
 10
817.2199996856333
 20
41.37795445687954
  0
LWPOLYLINE
  5
2F6
330
1F
100
AcDbEntity
  8
Zasilacz
100
AcDbPolyline
 90
        4
 70
     1
 43
0.0
 10
623.1505384168449
 20
64.95825602094436
 10
703.1505384168449
 20
64.95825602094436
 10
703.1505384168449
 20
18.95825602094436
 10
623.1505384168449
 20
18.95825602094436
  0
LWPOLYLINE
  5
342
330
1F
100
AcDbEntity
  8
Obudowy
100
AcDbPolyline
 90
        4
 70
     0
 43
0.0
 10
616.3151983379759
 20
31.95825602094436
 10
616.3151983379759
 20
18.95825602094436
 10
631.3151983379758
 20
18.95825602094436
 10
631.3151983379758
 20
31.95825602094436
  0
ARC
  5
343
330
1F
100
AcDbEntity
  8
Obudowy
100
AcDbCircle
 10
623.8151983379758
 20
31.95825602094436
 30
0.0
 40
7.5
100
AcDbArc
 50
0.0
 51
179.9999999999998
  0
LWPOLYLINE
  5
345
330
1F
100
AcDbEntity
  8
Obudowy
100
AcDbPolyline
 90
        4
 70
     0
 43
0.0
 10
706.3151983379758
 20
31.95825602094436
 10
706.3151983379758
 20
18.95825602094436
 10
721.3151983379758
 20
18.95825602094436
 10
721.3151983379758
 20
31.95825602094436
  0
ARC
  5
346
330
1F
100
AcDbEntity
  8
Obudowy
100
AcDbCircle
 10
713.8151983379758
 20
31.95825602094436
 30
0.0
 40
7.5
100
AcDbArc
 50
0.0
 51
179.9999999999998
  0
LWPOLYLINE
  5
347
330
1F
100
AcDbEntity
  8
Obudowy
100
AcDbPolyline
 90
        4
 70
     0
 43
0.0
 10
796.3151983379758
 20
31.95825602094436
 10
796.3151983379758
 20
18.95825602094436
 10
811.3151983379758
 20
18.95825602094436
 10
811.3151983379758
 20
31.95825602094436
  0
ARC
  5
348
330
1F
100
AcDbEntity
  8
Obudowy
100
AcDbCircle
 10
803.8151983379759
 20
31.95825602094436
 30
0.0
 40
7.5
100
AcDbArc
 50
0.0
 51
179.9999999999998
  0
LWPOLYLINE
  5
38F
330
1F
100
AcDbEntity
  8
Podłoga
100
AcDbPolyline
 90
        4
 70
     1
 43
0.0
 10
280.05251295141
 20
9.532184217940084
 10
280.05251295141
 20
375.2921842179401
 10
480.05251295141
 20
375.2921842179401
 10
480.0525129514098
 20
9.532184217940084
  0
CIRCLE
  5
390
330
1F
100
AcDbEntity
  8
Podłoga
100
AcDbCircle
 10
290.05251295141
 20
22.53218421794008
 30
0.0
 40
2.25
  0
CIRCLE
  5
391
330
1F
100
AcDbEntity
  8
Podłoga
100
AcDbCircle
 10
380.0525129514099
 20
22.53218421794008
 30
0.0
 40
2.25
  0
CIRCLE
  5
392
330
1F
100
AcDbEntity
  8
Podłoga
100
AcDbCircle
 10
470.0525129514098
 20
22.53218421794008
 30
0.0
 40
2.25
  0
CIRCLE
  5
394
330
1F
100
AcDbEntity
  8
Podłoga
100
AcDbCircle
 10
290.05251295141
 20
362.2921842179401
 30
0.0
 40
2.25
  0
CIRCLE
  5
395
330
1F
100
AcDbEntity
  8
Podłoga
100
AcDbCircle
 10
380.05251295141
 20
362.2921842179401
 30
0.0
 40
2.25
  0
CIRCLE
  5
396
330
1F
100
AcDbEntity
  8
Podłoga
100
AcDbCircle
 10
470.0525129514099
 20
362.2921842179401
 30
0.0
 40
2.25
  0
LWPOLYLINE
  5
414
330
1F
100
AcDbEntity
  8
Podłoga
100
AcDbPolyline
 90
        4
 70
     1
 43
0.0
 10
0.0
 20
0.0
 10
500.0
 20
0.0
 10
500.0
 20
500.0
 10
0.0
 20
500.0
  0
LWPOLYLINE
  5
484
330
1F
100
AcDbEntity
  8
Obudowy
100
AcDbPolyline
 90
        4
 70
     1
 43
0.0
 10
613.8151983379758
 20
18.95825602094436
 10
813.8151983379758
 20
18.95825602094436
 10
813.8151983379758
 20
15.95825602094436
 10
613.8151983379758
 20
15.95825602094436
  0
CIRCLE
  5
4C1
330
1F
100
AcDbEntity
  8
Podłoga
100
AcDbCircle
 10
290.05251295141
 20
171.0321842179401
 30
0.0
 40
1.749999999999999
  0
CIRCLE
  5
4C2
330
1F
100
AcDbEntity
  8
Podłoga
100
AcDbCircle
 10
363.55251295141
 20
171.0321842179401
 30
0.0
 40
1.749999999999999
  0
CIRCLE
  5
4C3
330
1F
100
AcDbEntity
  8
Podłoga
100
AcDbCircle
 10
290.05251295141
 20
57.53218421794008
 30
0.0
 40
1.749999999999999
  0
CIRCLE
  5
4C4
330
1F
100
AcDbEntity
  8
Podłoga
100
AcDbCircle
 10
363.55251295141
 20
57.53218421794008
 30
0.0
 40
1.749999999999999
  0
LWPOLYLINE
  5
4C5
330
1F
100
AcDbEntity
  8
Obudowy
100
AcDbPolyline
 90
        4
 70
     0
 43
0.0
 10
271.9993228124838
 20
22.53218421794008
 10
271.9993228124838
 20
9.532184217940084
 10
286.9993228124838
 20
9.532184217940084
 10
286.9993228124838
 20
22.53218421794008
  0
ARC
  5
4C6
330
1F
100
AcDbEntity
  8
Obudowy
100
AcDbCircle
 10
279.4993228124838
 20
22.53218421794008
 30
0.0
 40
7.5
100
AcDbArc
 50
0.0
 51
179.9999999999998
  0
LWPOLYLINE
  5
4C7
330
1F
100
AcDbEntity
  8
Obudowy
100
AcDbPolyline
 90
        4
 70
     0
 43
0.0
 10
361.9993228124838
 20
22.53218421794008
 10
361.9993228124838
 20
9.532184217940084
 10
376.9993228124838
 20
9.532184217940084
 10
376.9993228124838
 20
22.53218421794008
  0
ARC
  5
4C8
330
1F
100
AcDbEntity
  8
Obudowy
100
AcDbCircle
 10
369.4993228124838
 20
22.53218421794008
 30
0.0
 40
7.5
100
AcDbArc
 50
0.0
 51
179.9999999999998
  0
LWPOLYLINE
  5
4C9
330
1F
100
AcDbEntity
  8
Obudowy
100
AcDbPolyline
 90
        4
 70
     0
 43
0.0
 10
451.9993228124838
 20
22.53218421794008
 10
451.9993228124838
 20
9.532184217940084
 10
466.9993228124837
 20
9.532184217940084
 10
466.9993228124837
 20
22.53218421794008
  0
ARC
  5
4CA
330
1F
100
AcDbEntity
  8
Obudowy
100
AcDbCircle
 10
459.4993228124837
 20
22.53218421794008
 30
0.0
 40
7.5
100
AcDbArc
 50
0.0
 51
179.9999999999998
  0
LWPOLYLINE
  5
4CD
330
1F
100
AcDbEntity
  8
Obudowy
100
AcDbPolyline
 90
        4
 70
     1
 43
0.0
 10
567.1880504600116
 20
73.6645374935972
 10
604.4705188228296
 20
20.41965461481277
 10
614.3003433542974
 20
27.30257185102534
 10
577.0178749914793
 20
80.54745472980977
  0
LWPOLYLINE
  5
4CF
330
1F
100
AcDbEntity
  8
Obudowy
100
AcDbPolyline
 90
        4
 70
     1
 43
0.0
 10
565.2742074146643
 20
86.53721688154677
 10
576.5505188640952
 20
82.43297516163876
 10
615.882835346547
 20
190.4976265520183
 10
604.606523897116
 20
194.6018682719263
  0
CIRCLE
  5
4D3
330
1F
100
AcDbEntity
  8
Podłoga
100
AcDbCircle
 10
290.05251295141
 20
211.4918068594495
 30
0.0
 40
1.749999999999999
  0
CIRCLE
  5
4D4
330
1F
100
AcDbEntity
  8
Podłoga
100
AcDbCircle
 10
363.55251295141
 20
211.4918068594495
 30
0.0
 40
1.749999999999999
  0
CIRCLE
  5
4D5
330
1F
100
AcDbEntity
  8
Podłoga
100
AcDbCircle
 10
290.05251295141
 20
324.9918068594495
 30
0.0
 40
1.749999999999999
  0
CIRCLE
  5
4D6
330
1F
100
AcDbEntity
  8
Podłoga
100
AcDbCircle
 10
363.55251295141
 20
324.9918068594495
 30
0.0
 40
1.749999999999999
  0
LINE
  5
523
330
1F
100
AcDbEntity
  8
Ściany
100
AcDbLine
 10
257.3003812722841
 20
58.68816833657672
 30
0.0
 11
257.3003812722841
 21
267.9506449280518
 31
0.0
  0
ARC
  5
524
330
1F
100
AcDbEntity
  8
Ściany
100
AcDbCircle
 10
254.3003812722842
 20
267.9506449280517
 30
0.0
 40
2.999999999999999
100
AcDbArc
 50
0.0
 51
69.99999999999984
  0
LINE
  5
525
330
1F
100
AcDbEntity
  8
Ściany
100
AcDbLine
 10
204.5029111468372
 20
286.0754417954747
 30
0.0
 11
159.9401119149255
 21
163.6401571581082
 31
0.0
  0
ARC
  5
526
330
1F
100
AcDbEntity
  8
Ściany
100
AcDbCircle
 10
207.3219890091949
 20
285.0493813654976
 30
0.0
 40
2.999999999999999
100
AcDbArc
 50
69.99999999999984
 51
159.9999999999963
  0
LINE
  5
527
330
1F
100
AcDbEntity
  8
Ściany
100
AcDbLine
 10
255.3264417022611
 20
270.7697227904095
 30
0.0
 11
208.3480494391718
 21
287.8684592278555
 31
0.0
  0
LINE
  5
528
330
1F
100
AcDbEntity
  8
Ściany
100
AcDbLine
 10
69.36716285894089
 20
55.60263965244896
 30
0.0
 11
50.64310183295036
 21
82.343370084835
 31
0.0
  0
ARC
  5
529
330
1F
100
AcDbEntity
  8
Ściany
100
AcDbCircle
 10
73.46292308038584
 20
58.4705218342042
 30
0.0
 40
4.999999999999999
100
AcDbArc
 50
214.999999999998
 51
249.9999999999998
  0
ARC
  5
52A
330
1F
100
AcDbEntity
  8
Ściany
100
AcDbCircle
 10
53.1005579658174
 20
84.06409939388813
 30
0.0
 40
2.999999999999999
100
AcDbArc
 50
124.9999999999992
 51
214.999999999998
  0
LINE
  5
52B
330
1F
100
AcDbEntity
  8
Ściany
100
AcDbLine
 10
51.37982865676427
 20
86.52155552675505
 30
0.0
 11
158.1095309927511
 21
161.2544976532915
 31
0.0
  0
ARC
  5
52C
330
1F
100
AcDbEntity
  8
Ściany
100
AcDbCircle
 10
155.241648810996
 20
165.3502578747365
 30
0.0
 40
4.999999999999999
100
AcDbArc
 50
304.9999999999993
 51
339.9999999999963
  0
LINE
  5
52D
330
1F
100
AcDbEntity
  8
Ściany
100
AcDbLine
 10
188.2414006285894
 20
11.37368360988694
 30
0.0
 11
71.75282236375754
 21
53.77205873027448
 31
0.0
  0
ARC
  5
52E
330
1F
100
AcDbEntity
  8
Ściany
100
AcDbCircle
 10
189.9515013452178
 20
16.07214671381655
 30
0.0
 40
4.999999999999999
100
AcDbArc
 50
249.9999999999998
 51
304.9999999999993
  0
LINE
  5
52F
330
1F
100
AcDbEntity
  8
Ściany
100
AcDbLine
 10
192.819383526973
 20
11.9763864923716
 30
0.0
 11
256.0211105813372
 21
56.2307122037098
 31
0.0
  0
ARC
  5
530
330
1F
100
AcDbEntity
  8
Ściany
100
AcDbCircle
 10
254.3003812722841
 20
58.68816833657672
 30
0.0
 40
2.999999999999999
100
AcDbArc
 50
304.9999999999993
 51
0.0
  0
CIRCLE
  5
531
330
1F
100
AcDbEntity
  8
Ściany
100
AcDbCircle
 10
63.60826549934596
 20
76.46718670583995
 30
0.0
 40
1.749999999999999
  0
CIRCLE
  5
532
330
1F
100
AcDbEntity
  8
Ściany
100
AcDbCircle
 10
68.85648989195793
 20
68.97194550059568
 30
0.0
 40
1.749999999999999
  0
CIRCLE
  5
533
330
1F
100
AcDbEntity
  8
Ściany
100
AcDbCircle
 10
163.9543909247475
 20
146.730300158843
 30
0.0
 40
1.749999999999999
  0
CIRCLE
  5
534
330
1F
100
AcDbEntity
  8
Ściany
100
AcDbCircle
 10
169.2026153173594
 20
139.2350589535987
 30
0.0
 40
1.749999999999999
  0
CIRCLE
  5
535
330
1F
100
AcDbEntity
  8
Ściany
100
AcDbCircle
 10
175.4821704472937
 20
161.7535949251445
 30
0.0
 40
1.749999999999999
  0
CIRCLE
  5
536
330
1F
100
AcDbEntity
  8
Ściany
100
AcDbCircle
 10
184.0803579274846
 20
158.6241106137146
 30
0.0
 40
1.749999999999999
  0
CIRCLE
  5
537
330
1F
100
AcDbEntity
  8
Ściany
100
AcDbCircle
 10
217.3796380046882
 20
276.8659409714183
 30
0.0
 40
1.749999999999999
  0
CIRCLE
  5
538
330
1F
100
AcDbEntity
  8
Ściany
100
AcDbCircle
 10
225.9778254848792
 20
273.7364566599885
 30
0.0
 40
1.749999999999999
  0
CIRCLE
  5
539
330
1F
100
AcDbEntity
  8
Ściany
100
AcDbCircle
 10
238.3003812722841
 20
73.68816833657684
 30
0.0
 40
2.249999999999999
  0
CIRCLE
  5
53A
330
1F
100
AcDbEntity
  8
Ściany
100
AcDbCircle
 10
238.3003812722842
 20
163.6881683365768
 30
0.0
 40
2.249999999999999
  0
CIRCLE
  5
53B
330
1F
100
AcDbEntity
  8
Ściany
100
AcDbCircle
 10
238.3003812722841
 20
253.6881683365769
 30
0.0
 40
2.249999999999999
  0
CIRCLE
  5
53C
330
1F
100
AcDbEntity
  8
Ściany
100
AcDbCircle
 10
242.3017638388643
 20
56.39051890540918
 30
0.0
 40
2.249999999999999
  0
CIRCLE
  5
53D
330
1F
100
AcDbEntity
  8
Ściany
100
AcDbCircle
 10
197.2484014029698
 20
24.84381490610167
 30
0.0
 40
2.249999999999999
  0
CIRCLE
  5
53E
330
1F
100
AcDbEntity
  8
Ściany
100
AcDbCircle
 10
176.3766150637765
 20
24.20553457123742
 30
0.0
 40
2.249999999999999
  0
CIRCLE
  5
53F
330
1F
100
AcDbEntity
  8
Ściany
100
AcDbCircle
 10
87.1058160891153
 20
56.69744818717596
 30
0.0
 40
2.249999999999999
  0
LINE
  5
540
330
1F
100
AcDbEntity
  8
Ściany
100
AcDbLine
 10
149.27104802953
 20
136.7541064246842
 30
0.0
 11
87.51639986434064
 21
93.51303625993024
 31
0.0
  0
LINE
  5
541
330
1F
100
AcDbEntity
  8
Ściany
100
AcDbLine
 10
187.2948296107302
 20
165.7015163388102
 30
0.0
 11
215.8801798390273
 21
155.2972997196356
 31
0.0
  0
ARC
  5
542
330
1F
100
AcDbEntity
  8
Ściany
100
AcDbCircle
 10
219.3003812722841
 20
164.6942259274947
 30
0.0
 40
10.0
100
AcDbArc
 50
249.9999999999998
 51
0.0
  0
LINE
  5
543
330
1F
100
AcDbEntity
  8
Ściany
100
AcDbLine
 10
181.3181048361278
 20
178.5186439799261
 30
0.0
 11
209.903455064425
 21
257.0562482593741
 31
0.0
  0
ARC
  5
544
330
1F
100
AcDbEntity
  8
Ściany
100
AcDbCircle
 10
190.7150310439869
 20
175.0984425466694
 30
0.0
 40
10.0
100
AcDbArc
 50
159.9999999999963
 51
249.9999999999998
  0
LINE
  5
545
330
1F
100
AcDbEntity
  8
Ściany
100
AcDbLine
 10
229.3003812722841
 20
164.6942259274947
 30
0.0
 11
229.3003812722841
 21
253.6360468261174
 31
0.0
  0
ARC
  5
546
330
1F
100
AcDbEntity
  8
Ściany
100
AcDbCircle
 10
219.3003812722841
 20
253.6360468261174
 30
0.0
 40
10.0
100
AcDbArc
 50
0.0
 51
159.9999999999963
  0
LINE
  5
547
330
1F
100
AcDbEntity
  8
Ściany
100
AcDbLine
 10
163.1983328359304
 20
134.2983503453048
 30
0.0
 11
208.6199789950295
 21
69.42951692024189
 31
0.0
  0
ARC
  5
548
330
1F
100
AcDbEntity
  8
Ściany
100
AcDbCircle
 10
155.0068123930405
 20
128.5625859817943
 30
0.0
 40
10.0
100
AcDbArc
 50
34.99999999999803
 51
124.999999999999
  0
LINE
  5
549
330
1F
100
AcDbEntity
  8
Ściany
100
AcDbLine
 10
206.1642229156499
 20
55.5022321138415
 30
0.0
 11
190.8312209095592
 21
44.76594852579228
 31
0.0
  0
ARC
  5
54A
330
1F
100
AcDbEntity
  8
Ściany
100
AcDbCircle
 10
200.4284585521395
 20
63.69375255673141
 30
0.0
 40
10.0
100
AcDbArc
 50
304.999999999999
 51
34.99999999999803
  0
ARC
  5
54B
330
1F
100
AcDbEntity
  8
Ściany
100
AcDbCircle
 10
185.0954565460488
 20
52.95746896868219
 30
0.0
 40
10.0
100
AcDbArc
 50
249.9999999999998
 51
304.999999999999
  0
LINE
  5
54C
330
1F
100
AcDbEntity
  8
Ściany
100
AcDbLine
 10
181.6752551127921
 20
43.56054276082306
 30
0.0
 11
90.83196279459421
 21
76.62479714739085
 31
0.0
  0
LINE
  5
54D
330
1F
100
AcDbEntity
  8
Ściany
100
AcDbLine
 10
88.51639986434049
 20
94.21324379813986
 30
0.0
 11
149.27104802953
 21
136.7541064246842
 31
0.0
  0
ARC
  5
54E
330
1F
100
AcDbEntity
  8
Ściany
100
AcDbCircle
 10
94.25216422785094
 20
86.02172335524995
 30
0.0
 40
10.0
100
AcDbArc
 50
124.999999999999
 51
249.9999999999998
  0
LINE
  5
54F
330
1F
100
AcDbEntity
  8
Ściany
100
AcDbLine
 10
211.1088608293941
 20
92.89845062160429
 30
0.0
 11
184.5327560178037
 21
130.8530617352468
 31
0.0
  0
ARC
  5
550
330
1F
100
AcDbEntity
  8
Ściany
100
AcDbCircle
 10
192.7242764606936
 20
136.5888260987573
 30
0.0
 40
10.0
100
AcDbArc
 50
69.99999999999984
 51
214.999999999998
  0
ARC
  5
551
330
1F
100
AcDbEntity
  8
Ściany
100
AcDbCircle
 10
219.3003812722841
 20
98.63421498511469
 30
0.0
 40
10.0
100
AcDbArc
 50
214.999999999998
 51
0.0
  0
LINE
  5
552
330
1F
100
AcDbEntity
  8
Ściany
100
AcDbLine
 10
229.3003812722841
 20
98.63421498511469
 30
0.0
 11
229.300381272284
 21
126.9159150045994
 31
0.0
  0
ARC
  5
553
330
1F
100
AcDbEntity
  8
Ściany
100
AcDbCircle
 10
219.300381272284
 20
126.9159150045994
 30
0.0
 40
10.0
100
AcDbArc
 50
0.0
 51
69.99999999999984
  0
LINE
  5
554
330
1F
100
AcDbEntity
  8
Ściany
100
AcDbLine
 10
222.7205827055407
 20
136.3128412124586
 30
0.0
 11
196.1444778939504
 21
145.9857523066164
 31
0.0
  0
LWPOLYLINE
  5
555
330
1F
100
AcDbEntity
  8
Ściany
100
AcDbPolyline
 90
        4
 70
     1
 43
0.0
 10
237.4179678775527
 20
91.07219361180046
 10
237.4179678775527
 20
111.0721936118004
 10
249.9179678775527
 20
111.0721936118004
 10
249.9179678775527
 20
91.07219361180046
  0
LINE
  5
556
330
1F
100
AcDbEntity
  8
Ściany
100
AcDbLine
 10
195.914155715113
 20
295.8491761538166
 30
0.0
 11
65.93661460212138
 21
131.8472770324398
 31
0.0
  0
ARC
  5
557
330
1F
100
AcDbEntity
  8
Ściany
100
AcDbCircle
 10
63.5854730817781
 20
133.7106432206371
 30
0.0
 40
2.999999999999999
100
AcDbArc
 50
251.6018801837155
 51
321.6018801837169
  0
LINE
  5
558
330
1F
100
AcDbEntity
  8
Ściany
100
AcDbLine
 10
13.30079532487679
 20
150.4362964295473
 30
0.0
 11
54.42356935777548
 21
274.0694612982661
 31
0.0
  0
ARC
  5
559
330
1F
100
AcDbEntity
  8
Ściany
100
AcDbCircle
 10
16.14745443272244
 20
149.4894427324433
 30
0.0
 40
2.999999999999999
100
AcDbArc
 50
161.6018801837205
 51
251.6018801837155
  0
LINE
  5
55A
330
1F
100
AcDbEntity
  8
Ściany
100
AcDbLine
 10
62.63861938467392
 20
130.8639841127915
 30
0.0
 11
15.20060073561819
 21
146.6427836245976
 31
0.0
  0
LINE
  5
55B
330
1F
100
AcDbEntity
  8
Ściany
100
AcDbLine
 10
50.54478136821916
 20
414.9968159644758
 30
0.0
 11
19.26121795386658
 21
405.6696628370347
 31
0.0
  0
ARC
  5
55C
330
1F
100
AcDbEntity
  8
Ściany
100
AcDbCircle
 10
51.9733804431506
 20
410.2052499696152
 30
0.0
 40
4.999999999999999
100
AcDbArc
 50
71.60188018371575
 51
106.6018801837191
  0
ARC
  5
55D
330
1F
100
AcDbEntity
  8
Ściany
100
AcDbCircle
 10
20.11837739882555
 20
402.7947232401182
 30
0.0
 40
2.999999999999999
100
AcDbArc
 50
106.6018801837191
 51
196.601880183716
  0
LINE
  5
55E
330
1F
100
AcDbEntity
  8
Ściany
100
AcDbLine
 10
17.24343780190921
 20
401.9375637951593
 30
0.0
 11
54.47070350622678
 21
277.0761498683711
 31
0.0
  0
ARC
  5
55F
330
1F
100
AcDbEntity
  8
Ściany
100
AcDbCircle
 10
49.6791375113662
 20
275.6475507934396
 30
0.0
 40
4.999999999999999
100
AcDbArc
 50
341.6018801837206
 51
16.60188018371774
  0
LINE
  5
560
330
1F
100
AcDbEntity
  8
Ściany
100
AcDbLine
 10
171.1797471510128
 20
375.8242491796198
 30
0.0
 11
53.55146993832429
 21
414.9496818160246
 31
0.0
  0
ARC
  5
561
330
1F
100
AcDbEntity
  8
Ściany
100
AcDbCircle
 10
169.6016576558393
 20
371.0798173332102
 30
0.0
 40
4.999999999999999
100
AcDbArc
 50
16.60188018371774
 51
71.60188018371575
  0
LINE
  5
562
330
1F
100
AcDbEntity
  8
Ściany
100
AcDbLine
 10
174.3932236506999
 20
372.5084164081418
 30
0.0
 11
196.4379537916858
 21
298.5697017869728
 31
0.0
  0
ARC
  5
563
330
1F
100
AcDbEntity
  8
Ściany
100
AcDbCircle
 10
193.5630141947695
 20
297.712542342014
 30
0.0
 40
2.999999999999999
100
AcDbArc
 50
321.6018801837169
 51
16.60188018371774
  0
CIRCLE
  5
564
330
1F
100
AcDbEntity
  8
Ściany
100
AcDbCircle
 10
33.07202329992586
 20
402.2219598780688
 30
0.0
 40
1.749999999999999
  0
CIRCLE
  5
565
330
1F
100
AcDbEntity
  8
Ściany
100
AcDbCircle
 10
41.84058907052076
 20
404.8362961851936
 30
0.0
 40
1.749999999999999
  0
CIRCLE
  5
566
330
1F
100
AcDbEntity
  8
Ściany
100
AcDbCircle
 10
68.07270063574788
 20
284.8285930039832
 30
0.0
 40
1.749999999999999
  0
CIRCLE
  5
567
330
1F
100
AcDbEntity
  8
Ściany
100
AcDbCircle
 10
76.84126640634281
 20
287.4429293111079
 30
0.0
 40
1.749999999999999
  0
CIRCLE
  5
568
330
1F
100
AcDbEntity
  8
Ściany
100
AcDbCircle
 10
67.7758811590736
 20
265.8944707757445
 30
0.0
 40
1.749999999999999
  0
CIRCLE
  5
569
330
1F
100
AcDbEntity
  8
Ściany
100
AcDbCircle
 10
76.45819143800264
 20
263.006566999577
 30
0.0
 40
1.749999999999999
  0
CIRCLE
  5
56A
330
1F
100
AcDbEntity
  8
Ściany
100
AcDbCircle
 10
29.11268852732269
 20
149.655890538716
 30
0.0
 40
1.749999999999999
  0
CIRCLE
  5
56B
330
1F
100
AcDbEntity
  8
Ściany
100
AcDbCircle
 10
37.79499880625162
 20
146.7679867625484
 30
0.0
 40
1.749999999999999
  0
CIRCLE
  5
56C
330
1F
100
AcDbEntity
  8
Ściany
100
AcDbCircle
 10
171.706761811951
 20
295.8947877440149
 30
0.0
 40
2.249999999999999
  0
CIRCLE
  5
56D
330
1F
100
AcDbEntity
  8
Ściany
100
AcDbCircle
 10
115.8057761660334
 20
225.3605421337094
 30
0.0
 40
2.249999999999999
  0
CIRCLE
  5
56E
330
1F
100
AcDbEntity
  8
Ściany
100
AcDbCircle
 10
59.90479052011562
 20
154.8262965234039
 30
0.0
 40
2.249999999999999
  0
CIRCLE
  5
56F
330
1F
100
AcDbEntity
  8
Ściany
100
AcDbCircle
 10
185.586652404082
 20
306.965848011134
 30
0.0
 40
2.249999999999999
  0
CIRCLE
  5
570
330
1F
100
AcDbEntity
  8
Ściany
100
AcDbCircle
 10
169.8720625798354
 20
359.673073954601
 30
0.0
 40
2.249999999999999
  0
CIRCLE
  5
571
330
1F
100
AcDbEntity
  8
Ściany
100
AcDbCircle
 10
153.9110047560892
 20
373.1372300708171
 30
0.0
 40
2.249999999999999
  0
CIRCLE
  5
572
330
1F
100
AcDbEntity
  8
Ściany
100
AcDbCircle
 10
63.76679967431204
 20
403.1209304791137
 30
0.0
 40
2.249999999999999
  0
LINE
  5
573
330
1F
100
AcDbEntity
  8
Ściany
100
AcDbLine
 10
62.76159561999794
 20
301.767222331992
 30
0.0
 11
41.22160585702641
 21
374.0130219331493
 31
0.0
  0
LINE
  5
574
330
1F
100
AcDbEntity
  8
Ściany
100
AcDbLine
 10
74.58148454205275
 20
255.4633268982215
 30
0.0
 11
103.4465076281062
 21
245.8622637604896
 31
0.0
  0
ARC
  5
575
330
1F
100
AcDbEntity
  8
Ściany
100
AcDbCircle
 10
100.2903286377592
 20
236.3734000676708
 30
0.0
 40
10.0
100
AcDbArc
 50
321.6018801837169
 51
71.60188018371575
  0
LINE
  5
576
330
1F
100
AcDbEntity
  8
Ściany
100
AcDbLine
 10
61.93644185888707
 20
249.1306421957498
 30
0.0
 11
35.55773768521067
 21
169.8246430547816
 31
0.0
  0
ARC
  5
577
330
1F
100
AcDbEntity
  8
Ściany
100
AcDbCircle
 10
71.42530555170572
 20
245.9744632054028
 30
0.0
 40
10.0
100
AcDbArc
 50
71.60188018371575
 51
161.6018801837205
  0
LINE
  5
578
330
1F
100
AcDbEntity
  8
Ściany
100
AcDbLine
 10
108.1274670389043
 20
230.1621794403467
 30
0.0
 11
52.88373977917434
 21
160.4572434371104
 31
0.0
  0
ARC
  5
579
330
1F
100
AcDbEntity
  8
Ściany
100
AcDbCircle
 10
45.04660137802926
 20
166.6684640644346
 30
0.0
 40
10.0
100
AcDbArc
 50
161.6018801837205
 51
321.6018801837169
  0
LINE
  5
57A
330
1F
100
AcDbEntity
  8
Ściany
100
AcDbLine
 10
75.20192575958219
 20
295.0412884921338
 30
0.0
 11
151.0909621192728
 21
317.6675044843963
 31
0.0
  0
ARC
  5
57B
330
1F
100
AcDbEntity
  8
Ściany
100
AcDbCircle
 10
72.3447276097192
 20
304.6244204818551
 30
0.0
 40
10.0
100
AcDbArc
 50
196.6018801837194
 51
286.6018801837191
  0
LINE
  5
57C
330
1F
100
AcDbEntity
  8
Ściany
100
AcDbLine
 10
157.8168959591309
 20
330.1078346239807
 30
0.0
 11
152.4687526847436
 21
348.0456744972324
 31
0.0
  0
ARC
  5
57D
330
1F
100
AcDbEntity
  8
Ściany
100
AcDbCircle
 10
148.2337639694097
 20
327.2506364741176
 30
0.0
 40
10.0
100
AcDbArc
 50
286.6018801837191
 51
16.60188018371942
  0
ARC
  5
57E
330
1F
100
AcDbEntity
  8
Ściany
100
AcDbCircle
 10
142.8856206950224
 20
345.1884763473694
 30
0.0
 40
10.0
100
AcDbArc
 50
16.60188018371942
 51
71.60188018371575
  0
LINE
  5
57F
330
1F
100
AcDbEntity
  8
Ściany
100
AcDbLine
 10
146.0417996853694
 20
354.677340040188
 30
0.0
 11
54.30971632673555
 21
385.1891993744514
 31
0.0
  0
LINE
  5
580
330
1F
100
AcDbEntity
  8
Ściany
100
AcDbLine
 10
41.57040534666726
 20
372.8431375317696
 30
0.0
 11
62.76159561999794
 21
301.767222331992
 31
0.0
  0
ARC
  5
581
330
1F
100
AcDbEntity
  8
Ściany
100
AcDbCircle
 10
51.15353733638849
 20
375.7003356816326
 30
0.0
 40
10.0
100
AcDbArc
 50
71.60188018371575
 51
196.6018801837194
  0
LINE
  5
582
330
1F
100
AcDbEntity
  8
Ściany
100
AcDbLine
 10
138.4644607485533
 20
297.7286769110509
 30
0.0
 11
94.06195324626379
 21
284.4901279250935
 31
0.0
  0
ARC
  5
583
330
1F
100
AcDbEntity
  8
Ściany
100
AcDbCircle
 10
96.91915139612683
 20
274.9069959353722
 30
0.0
 40
10.0
100
AcDbArc
 50
106.6018801837191
 51
251.6018801837155
  0
ARC
  5
584
330
1F
100
AcDbEntity
  8
Ściany
100
AcDbCircle
 10
141.3216588984164
 20
288.1455449213298
 30
0.0
 40
10.0
100
AcDbArc
 50
321.6018801837169
 51
106.6018801837191
  0
LINE
  5
585
330
1F
100
AcDbEntity
  8
Ściany
100
AcDbLine
 10
149.1587972995615
 20
281.9343242940056
 30
0.0
 11
131.5924094458795
 21
259.7695645667688
 31
0.0
  0
ARC
  5
586
330
1F
100
AcDbEntity
  8
Ściany
100
AcDbCircle
 10
123.7552710447344
 20
265.980785194093
 30
0.0
 40
10.0
100
AcDbArc
 50
251.6018801837155
 51
321.6018801837169
  0
LINE
  5
587
330
1F
100
AcDbEntity
  8
Ściany
100
AcDbLine
 10
120.5990920543875
 20
256.4919215012742
 30
0.0
 11
93.76297240577981
 21
265.4181322425535
 31
0.0
  0
ENDSEC
  0
SECTION
  2
OBJECTS
  0
DICTIONARY
  5
C
330
0
100
AcDbDictionary
281
     1
  3
ACAD_CIP_PREVIOUS_PRODUCT_INFO
350
216
  3
ACAD_COLOR
350
6B
  3
ACAD_DETAILVIEWSTYLE
350
21B
  3
ACAD_GROUP
350
D
  3
ACAD_LAST_SAVED_VERSION_INFO
350
397
  3
ACAD_LAYOUT
350
1A
  3
ACAD_MATERIAL
350
6A
  3
ACAD_MLEADERSTYLE
350
12D
  3
ACAD_MLINESTYLE
350
17
  3
ACAD_PLOTSETTINGS
350
19
  3
ACAD_PLOTSTYLENAME
350
E
  3
ACAD_SCALELIST
350
10C
  3
ACAD_SECTIONVIEWSTYLE
350
219
  3
ACAD_TABLESTYLE
350
7E
  3
ACAD_VISUALSTYLE
350
EF
  3
ACDB_RECOMPOSE_DATA
350
58A
  3
AcDbVariableDictionary
350
5E
  0
DICTIONARY
  5
1FF
330
2
100
AcDbDictionary
280
     1
281
     1
  3
ACAD_LAYERSTATES
360
200
  0
DICTIONARY
  5
13C
330
10
100
AcDbDictionary
280
     1
281
     1
  0
DICTIONARY
  5
1CE
330
1F
100
AcDbDictionary
280
     1
281
     1
  3
ACAD_SORTENTS
360
31A
  0
XRECORD
  5
216
102
{ACAD_REACTORS
330
C
102
}
330
C
100
AcDbXrecord
280
     1
300
ACD
300
2025
300

  0
DICTIONARY
  5
6B
102
{ACAD_REACTORS
330
C
102
}
330
C
100
AcDbDictionary
281
     1
  0
DICTIONARY
  5
21B
102
{ACAD_REACTORS
330
C
102
}
330
C
100
AcDbDictionary
281
     1
  3
Imperial24
350
2CC
  3
Metric50
350
21C
  0
DICTIONARY
  5
D
102
{ACAD_REACTORS
330
C
102
}
330
C
100
AcDbDictionary
281
     1
  3
*A1
350
2E9
  3
*A2
350
2F0
  0
XRECORD
  5
397
102
{ACAD_REACTORS
330
C
102
}
330
C
100
AcDbXrecord
280
     1
300
{014135CC-7565-2E45-820F-8EC88D5F03B3}
301
{04173BFA-74E5-A042-9440-99B104237A9D}
302
{014135CC-7565-2E45-820F-8EC88D5F03B3}
303
C:\Users\Jakub\Desktop\6U case.dxf
  0
DICTIONARY
  5
1A
102
{ACAD_REACTORS
330
C
102
}
330
C
100
AcDbDictionary
281
     1
  3
Layout1
350
D3
  3
Layout2
350
D7
  3
Model
350
22
  0
DICTIONARY
  5
6A
102
{ACAD_REACTORS
330
C
102
}
330
C
100
AcDbDictionary
281
     1
  3
ByBlock
350
ED
  3
ByLayer
350
EC
  3
Global
350
EE
  0
DICTIONARY
  5
12D
102
{ACAD_REACTORS
330
C
102
}
330
C
100
AcDbDictionary
281
     1
  3
Annotative
350
13B
  3
Standard
350
12E
  0
DICTIONARY
  5
17
102
{ACAD_REACTORS
330
C
102
}
330
C
100
AcDbDictionary
281
     1
  3
Standard
350
18
  0
DICTIONARY
  5
19
102
{ACAD_REACTORS
330
C
102
}
330
C
100
AcDbDictionary
281
     1
  0
ACDBDICTIONARYWDFLT
  5
E
102
{ACAD_REACTORS
330
C
102
}
330
C
100
AcDbDictionary
281
     1
  3
Normal
350
F
100
AcDbDictionaryWithDefault
340
F
  0
DICTIONARY
  5
10C
102
{ACAD_REACTORS
330
C
102
}
330
C
100
AcDbDictionary
281
     1
  3
A0
350
10D
  3
A1
350
1BE
  3
A2
350
1BF
  3
A3
350
1C0
  3
A4
350
1C1
  3
A5
350
1C2
  3
A6
350
1C3
  3
A7
350
1C4
  3
A8
350
1C5
  3
A9
350
1C6
  3
B0
350
1C7
  3
B1
350
1C8
  3
B2
350
1C9
  3
B3
350
1CA
  3
B4
350
1CB
  3
B5
350
1CC
  3
B6
350
1CD
  0
DICTIONARY
  5
219
102
{ACAD_REACTORS
330
C
102
}
330
C
100
AcDbDictionary
281
     1
  3
Imperial24
350
2CB
  3
Metric50
350
21A
  0
DICTIONARY
  5
7E
102
{ACAD_REACTORS
330
C
102
}
330
C
100
AcDbDictionary
281
     1
  3
Standard
350
7F
  0
DICTIONARY
  5
EF
102
{ACAD_REACTORS
330
C
102
}
330
C
100
AcDbDictionary
281
     1
  3
2dWireframe
350
F5
  3
Basic
350
F4
  3
Brighten
350
FB
  3
ColorChange
350
FF
  3
Conceptual
350
F8
  3
Dim
350
FA
  3
EdgeColorOff
350
1E6
  3
Facepattern
350
FE
  3
Flat
350
F0
  3
FlatWithEdges
350
F1
  3
Gouraud
350
F2
  3
GouraudWithEdges
350
F3
  3
Hidden
350
F7
  3
JitterOff
350
1E4
  3
Linepattern
350
FD
  3
OverhangOff
350
1E5
  3
Realistic
350
F9
  3
Shaded
350
1F3
  3
Shaded with edges
350
1F2
  3
Shades of Gray
350
1EF
  3
Sketchy
350
1F0
  3
Thicken
350
FC
  3
Wireframe
350
F6
  3
X-Ray
350
1F1
  0
XRECORD
  5
58A
102
{ACAD_REACTORS
330
C
102
}
330
C
100
AcDbXrecord
280
     1
 90
        1
330
7F
  0
DICTIONARY
  5
5E
102
{ACAD_REACTORS
330
C
102
}
330
C
100
AcDbDictionary
281
     1
  3
CANNOSCALE
350
146
  3
CENTEREXE
350
259
  3
CENTERLTYPEFILE
350
25A
  3
CMLEADERSTYLE
350
145
  3
CTABLESTYLE
350
84
  3
CVIEWDETAILSTYLE
350
227
  3
CVIEWSECTIONSTYLE
350
228
  3
DIMASSOC
350
5F
  3
HIDETEXT
350
63
  3
HPCOLOR
350
3FE
  3
HPTRANSPARENCY
350
3FD
  3
LAYEREVAL
350
1AE
  3
LAYERNOTIFY
350
1AF
  0
DICTIONARY
  5
200
102
{ACAD_REACTORS
330
1FF
102
}
330
1FF
100
AcDbDictionary
281
     1
  0
SORTENTSTABLE
  5
31A
102
{ACAD_REACTORS
330
1CE
102
}
330
1CE
100
AcDbSortentsTable
330
1F
331
342
  5
363
331
343
  5
364
331
345
  5
366
331
346
  5
369
331
347
  5
36A
331
348
  5
36B
331
38F
  5
394
331
390
  5
395
331
391
  5
396
331
392
  5
398
331
394
  5
399
331
395
  5
39A
331
396
  5
39B
331
484
  5
48A
  0
ACDBDETAILVIEWSTYLE
  5
2CC
102
{ACAD_REACTORS
330
21B
102
}
330
21B
100
AcDbModelDocViewStyle
 70
     0
  3
Imperial24
290
     0
300
Imperial24
 90
        0
100
AcDbDetailViewStyle
 70
     0
 71
     0
 90
        3
 71
     1
340
11
 62
   256
 40
0.24
340
0
 62
   256
 40
0.24
300

 40
0.36
280
     3
 71
     2
340
16
 90
       25
 62
   256
 71
     3
340
11
 62
   256
 40
0.24
 90
        1
 40
0.75
 90
        1
300
%<\AcVar ViewType \f "%tc1">% %<\AcVar ViewDetailId>%\PSCALE %<\AcVar ViewScale \f "%sn">%
 71
     4
340
16
 90
       25
 62
   256
340
16
 90
       25
 62
   256
280
     0
  0
ACDBDETAILVIEWSTYLE
  5
21C
102
{ACAD_REACTORS
330
21B
102
}
330
21B
100
AcDbModelDocViewStyle
 70
     0
  3
Metric50
290
     0
300
Metric50
 90
        0
100
AcDbDetailViewStyle
 70
     0
 71
     0
 90
        3
 71
     1
340
11
 62
   256
 40
5.0
340
0
 62
   256
 40
5.0
300

 40
0.0
280
     1
 71
     2
340
16
 90
       25
 62
   256
 71
     3
340
11
 62
   256
 40
5.0
 90
        0
 40
15.0
 90
        1
300
%<\AcVar ViewDetailId>% (%<\AcVar ViewScale \f "%sn">%)
 71
     4
340
16
 90
       25
 62
   256
340
16
 90
       25
 62
   256
280
     0
  0
GROUP
  5
2E9
102
{ACAD_REACTORS
330
D
102
}
330
D
100
AcDbGroup
300

 70
     1
 71
     1
340
2E8
340
2E6
340
2E5
340
2E4
340
2E1
340
2DE
  0
GROUP
  5
2F0
102
{ACAD_REACTORS
330
D
102
}
330
D
100
AcDbGroup
300

 70
     1
 71
     1
340
2EF
340
2EE
340
2ED
340
2EC
340
2EB
340
2EA
  0
LAYOUT
  5
D3
102
{ACAD_REACTORS
330
1A
102
}
330
1A
100
AcDbPlotSettings
  1

  2
C:\Documents and Settings\basas\Application Data\Autodesk\AutoCAD 2005\R16.1\enu\plotters\Default Windows System Printer.pc3
  4

  6

 40
0.0
 41
0.0
 42
0.0
 43
0.0
 44
0.0
 45
0.0
 46
0.0
 47
0.0
 48
0.0
 49
0.0
140
0.0
141
0.0
142
1.0
143
1.0
 70
   688
 72
     0
 73
     0
 74
     5
  7

 75
    16
147
1.0
 76
     0
 77
     2
 78
   300
148
0.0
149
0.0
100
AcDbLayout
  1
Layout1
 70
     1
 71
     1
 10
0.0
 20
0.0
 11
12.0
 21
9.0
 12
0.0
 22
0.0
 32
0.0
 14
0.0
 24
0.0
 34
0.0
 15
0.0
 25
0.0
 35
0.0
146
0.0
 13
0.0
 23
0.0
 33
0.0
 16
1.0
 26
0.0
 36
0.0
 17
0.0
 27
1.0
 37
0.0
 76
     0
330
D2
  0
LAYOUT
  5
D7
102
{ACAD_REACTORS
330
1A
102
}
330
1A
100
AcDbPlotSettings
  1

  2
C:\Documents and Settings\basas\Application Data\Autodesk\AutoCAD 2005\R16.1\enu\plotters\Default Windows System Printer.pc3
  4

  6

 40
0.0
 41
0.0
 42
0.0
 43
0.0
 44
0.0
 45
0.0
 46
0.0
 47
0.0
 48
0.0
 49
0.0
140
0.0
141
0.0
142
1.0
143
1.0
 70
   688
 72
     0
 73
     0
 74
     5
  7

 75
    16
147
1.0
 76
     0
 77
     2
 78
   300
148
0.0
149
0.0
100
AcDbLayout
  1
Layout2
 70
     1
 71
     2
 10
0.0
 20
0.0
 11
12.0
 21
9.0
 12
0.0
 22
0.0
 32
0.0
 14
0.0
 24
0.0
 34
0.0
 15
0.0
 25
0.0
 35
0.0
146
0.0
 13
0.0
 23
0.0
 33
0.0
 16
1.0
 26
0.0
 36
0.0
 17
0.0
 27
1.0
 37
0.0
 76
     0
330
D6
  0
LAYOUT
  5
22
102
{ACAD_XDICTIONARY
360
205
102
}
102
{ACAD_REACTORS
330
1A
102
}
330
1A
100
AcDbPlotSettings
  1

  2
none_device
  4
ISO_A4_(210.00_x_297.00_MM)
  6

 40
7.5
 41
20.0
 42
7.5
 43
20.0
 44
210.0
 45
297.0
 46
11.54999923706054
 47
-13.65000009536743
 48
0.0
 49
0.0
140
0.0
141
0.0
142
1.0
143
8.704084754739808
 70
 11952
 72
     1
 73
     0
 74
     0
  7

 75
     0
147
0.1148885871608098
 76
     0
 77
     2
 78
   300
148
0.0
149
0.0
100
AcDbLayout
  1
Model
 70
     1
 71
     0
 10
0.0
 20
0.0
 11
12.0
 21
9.0
 12
0.0
 22
0.0
 32
0.0
 14
0.0
 24
0.0
 34
0.0
 15
0.0
 25
0.0
 35
0.0
146
0.0
 13
0.0
 23
0.0
 33
0.0
 16
1.0
 26
0.0
 36
0.0
 17
0.0
 27
1.0
 37
0.0
 76
     0
330
1F
331
EA
1001
ACAD_PSEXT
1000
None
1000
None
1000
Not applicable
1000
The layout will not be plotted unless a new plotter configuration name is selected.
1070
     0
  0
MATERIAL
  5
ED
102
{ACAD_XDICTIONARY
360
1F9
102
}
102
{ACAD_REACTORS
330
6A
102
}
330
6A
100
AcDbMaterial
  1
ByBlock
 94
       63
  0
MATERIAL
  5
EC
102
{ACAD_XDICTIONARY
360
1F7
102
}
102
{ACAD_REACTORS
330
6A
102
}
330
6A
100
AcDbMaterial
  1
ByLayer
 94
       63
  0
MATERIAL
  5
EE
102
{ACAD_XDICTIONARY
360
173
102
}
102
{ACAD_REACTORS
330
6A
102
}
330
6A
100
AcDbMaterial
  1
Global
 43
0.0007999999797903
 43
0.0
 43
0.0
 43
0.0
 43
0.0
 43
0.0007999999797903
 43
0.0
 43
0.0
 43
0.0
 43
0.0
 43
1.0
 43
0.0
 43
0.0
 43
0.0
 43
0.0
 43
1.0
 49
0.0007999999797903
 49
0.0
 49
0.0
 49
0.0
 49
0.0
 49
0.0007999999797903
 49
0.0
 49
0.0
 49
0.0
 49
0.0
 49
1.0
 49
0.0
 49
0.0
 49
0.0
 49
0.0
 49
1.0
142
0.0007999999797903
142
0.0
142
0.0
142
0.0
142
0.0
142
0.0007999999797903
142
0.0
142
0.0
142
0.0
142
0.0
142
1.0
142
0.0
142
0.0
142
0.0
142
0.0
142
1.0
144
0.0007999999797903
144
0.0
144
0.0
144
0.0
144
0.0
144
0.0007999999797903
144
0.0
144
0.0
144
0.0
144
0.0
144
1.0
144
0.0
144
0.0
144
0.0
144
0.0
144
1.0
 94
       63
1001
ACAD
1070
    -1
1070
     3
1070
     0
1000

1071
        0
1070
     0
  0
MLEADERSTYLE
  5
13B
102
{ACAD_REACTORS
330
12D
102
}
330
12D
100
AcDbMLeaderStyle
179
     2
170
     2
171
     1
172
     0
 90
        2
 40
0.0
 41
0.0
173
     1
 91
-1056964608
340
14
 92
       -2
290
     1
 42
2.0
291
     1
 43
8.0
  3
Standard
 44
4.0
300

342
11
174
     1
178
     1
175
     1
176
     0
 93
-1056964608
 45
4.0
292
     0
297
     0
 46
4.0
 94
-1056964608
 47
1.0
 49
1.0
140
1.0
293
     1
141
0.0
294
     1
177
     0
142
1.0
295
     0
296
     1
143
3.75
271
     0
272
     9
273
     9
298
     0
  0
MLEADERSTYLE
  5
12E
102
{ACAD_REACTORS
330
12D
102
}
330
12D
100
AcDbMLeaderStyle
179
     2
170
     2
171
     1
172
     0
 90
        2
 40
0.0
 41
0.0
173
     1
 91
-1056964608
340
14
 92
       -2
290
     1
 42
2.0
291
     1
 43
8.0
  3
Standard
 44
4.0
300

342
11
174
     1
178
     1
175
     1
176
     0
 93
-1056964608
 45
4.0
292
     0
297
     0
 46
4.0
 94
-1056964608
 47
1.0
 49
1.0
140
1.0
293
     1
141
0.0
294
     1
177
     0
142
1.0
295
     0
296
     0
143
3.75
271
     0
272
     9
273
     9
298
     0
  0
MLINESTYLE
  5
18
102
{ACAD_REACTORS
330
17
102
}
330
17
100
AcDbMlineStyle
  2
STANDARD
 70
     0
  3

 62
   256
 51
90.0
 52
90.0
 71
     2
 49
0.5
 62
   256
  6
BYLAYER
 49
-0.5
 62
   256
  6
BYLAYER
  0
ACDBPLACEHOLDER
  5
F
102
{ACAD_REACTORS
330
E
102
}
330
E
  0
SCALE
  5
10D
102
{ACAD_REACTORS
330
10C
102
}
330
10C
100
AcDbScale
 70
     0
300
1:1
140
1.0
141
1.0
290
     1
  0
SCALE
  5
1BE
102
{ACAD_REACTORS
330
10C
102
}
330
10C
100
AcDbScale
 70
     0
300
1:2
140
1.0
141
2.0
290
     0
  0
SCALE
  5
1BF
102
{ACAD_REACTORS
330
10C
102
}
330
10C
100
AcDbScale
 70
     0
300
1:4
140
1.0
141
4.0
290
     0
  0
SCALE
  5
1C0
102
{ACAD_REACTORS
330
10C
102
}
330
10C
100
AcDbScale
 70
     0
300
1:5
140
1.0
141
5.0
290
     0
  0
SCALE
  5
1C1
102
{ACAD_REACTORS
330
10C
102
}
330
10C
100
AcDbScale
 70
     0
300
1:8
140
1.0
141
8.0
290
     0
  0
SCALE
  5
1C2
102
{ACAD_REACTORS
330
10C
102
}
330
10C
100
AcDbScale
 70
     0
300
1:10
140
1.0
141
10.0
290
     0
  0
SCALE
  5
1C3
102
{ACAD_REACTORS
330
10C
102
}
330
10C
100
AcDbScale
 70
     0
300
1:16
140
1.0
141
16.0
290
     0
  0
SCALE
  5
1C4
102
{ACAD_REACTORS
330
10C
102
}
330
10C
100
AcDbScale
 70
     0
300
1:20
140
1.0
141
20.0
290
     0
  0
SCALE
  5
1C5
102
{ACAD_REACTORS
330
10C
102
}
330
10C
100
AcDbScale
 70
     0
300
1:30
140
1.0
141
30.0
290
     0
  0
SCALE
  5
1C6
102
{ACAD_REACTORS
330
10C
102
}
330
10C
100
AcDbScale
 70
     0
300
1:40
140
1.0
141
40.0
290
     0
  0
SCALE
  5
1C7
102
{ACAD_REACTORS
330
10C
102
}
330
10C
100
AcDbScale
 70
     0
300
1:50
140
1.0
141
50.0
290
     0
  0
SCALE
  5
1C8
102
{ACAD_REACTORS
330
10C
102
}
330
10C
100
AcDbScale
 70
     0
300
1:100
140
1.0
141
100.0
290
     0
  0
SCALE
  5
1C9
102
{ACAD_REACTORS
330
10C
102
}
330
10C
100
AcDbScale
 70
     0
300
2:1
140
2.0
141
1.0
290
     0
  0
SCALE
  5
1CA
102
{ACAD_REACTORS
330
10C
102
}
330
10C
100
AcDbScale
 70
     0
300
4:1
140
4.0
141
1.0
290
     0
  0
SCALE
  5
1CB
102
{ACAD_REACTORS
330
10C
102
}
330
10C
100
AcDbScale
 70
     0
300
8:1
140
8.0
141
1.0
290
     0
  0
SCALE
  5
1CC
102
{ACAD_REACTORS
330
10C
102
}
330
10C
100
AcDbScale
 70
     0
300
10:1
140
10.0
141
1.0
290
     0
  0
SCALE
  5
1CD
102
{ACAD_REACTORS
330
10C
102
}
330
10C
100
AcDbScale
 70
     0
300
100:1
140
100.0
141
1.0
290
     0
  0
ACDBSECTIONVIEWSTYLE
  5
2CB
102
{ACAD_REACTORS
330
219
102
}
330
219
100
AcDbModelDocViewStyle
 70
     0
  3
Imperial24
290
     0
300
Imperial24
 90
        0
100
AcDbSectionViewStyle
 70
     0
 71
     0
 90
       78
 71
     1
340
11
 62
   256
 40
0.24
340
0
340
0
 62
   256
 40
0.24
300
I, O, Q, S, X, Z
 40
0.48
 90
        3
 40
0.18
 90
        1
 71
     2
340
16
 90
       25
 62
   256
340
16
 90
       50
 62
   256
 40
0.24
 40
0.0
 40
0.24
 71
     3
340
11
 62
   256
 40
0.24
 90
        1
 40
0.75
 90
        1
300
%<\AcVar ViewType \f "%tc1">% %<\AcVar ViewSectionStartId>%-%<\AcVar ViewSectionEndId>%\PSCALE %<\AcVar ViewScale \f "%sn">%
 71
     4
 62
   256
 62
   257
300
ANSI31
 40
1.0
 90
        0
290
     0
290
     0
 90
        6
 40
0.0
 40
1.570796326794896
 40
0.2617993877991494
 40
1.308996938995747
 40
-0.2617993877991494
 40
1.832595714594046
  0
ACDBSECTIONVIEWSTYLE
  5
21A
102
{ACAD_REACTORS
330
219
102
}
330
219
100
AcDbModelDocViewStyle
 70
     0
  3
Metric50
290
     0
300
Metric50
 90
        0
100
AcDbSectionViewStyle
 70
     0
 71
     0
 90
      102
 71
     1
340
11
 62
   256
 40
5.0
340
0
340
0
 62
   256
 40
5.0
300
I, O, Q, S, X, Z
 40
10.0
 90
        0
 40
2.5
 90
        0
 71
     2
340
16
 90
       25
 62
   256
340
16
 90
       50
 62
   256
 40
5.0
 40
2.5
 40
5.0
 71
     3
340
11
 62
   256
 40
5.0
 90
        0
 40
15.0
 90
        1
300
%<\AcVar ViewSectionStartId>%-%<\AcVar ViewSectionEndId>% (%<\AcVar ViewScale \f "%sn">%)
 71
     4
 62
   256
 62
   257
300
ANSI31
 40
1.0
 90
        0
290
     0
290
     0
 90
        6
 40
0.0
 40
1.570796326794896
 40
0.2617993877991494
 40
1.308996938995747
 40
-0.2617993877991494
 40
1.832595714594046
  0
TABLESTYLE
  5
7F
102
{ACAD_XDICTIONARY
360
162
102
}
102
{ACAD_REACTORS
330
7E
102
}
330
7E
100
AcDbTableStyle
280
     0
  3
Standard
 70
     0
 71
     0
 40
1.5
 41
1.5
280
     0
281
     0
  7
Standard
140
4.5
170
     2
 62
     0
 63
     7
283
     0
 90
      512
 91
        0
  1

274
    -2
284
     1
 64
     0
275
    -2
285
     1
 65
     0
276
    -2
286
     1
 66
     0
277
    -2
287
     1
 67
     0
278
    -2
288
     1
 68
     0
279
    -2
289
     1
 69
     0
  7
Standard
140
6.0
170
     5
 62
     0
 63
     7
283
     0
 90
      512
 91
        0
  1

274
    -2
284
     1
 64
     0
275
    -2
285
     1
 65
     0
276
    -2
286
     1
 66
     0
277
    -2
287
     1
 67
     0
278
    -2
288
     1
 68
     0
279
    -2
289
     1
 69
     0
  7
Standard
140
4.5
170
     5
 62
     0
 63
     7
283
     0
 90
      512
 91
        0
  1

274
    -2
284
     1
 64
     0
275
    -2
285
     1
 65
     0
276
    -2
286
     1
 66
     0
277
    -2
287
     1
 67
     0
278
    -2
288
     1
 68
     0
279
    -2
289
     1
 69
     0
  0
VISUALSTYLE
  5
F5
102
{ACAD_REACTORS
330
EF
102
}
330
EF
100
AcDbVisualStyle
  2
2dWireframe
 70
     4
177
     3
291
     0
 70
    58
 90
        0
176
     1
 90
        2
176
     1
 90
        1
176
     1
 90
        0
176
     1
 40
0.6
176
     1
 40
30.0
176
     1
 62
     7
420
 16777215
176
     1
 90
        1
176
     1
 90
        4
176
     1
 62
     7
176
     1
 62
   257
176
     1
 90
        1
176
     1
 90
        1
176
     1
 40
1.0
176
     1
 90
        0
176
     1
 62
   257
176
     1
 40
1.0
176
     1
 90
        1
176
     1
 90
        6
176
     1
 90
        2
176
     1
 62
     7
176
     1
 90
        5
176
     1
 90
        0
176
     1
 90
        0
176
     1
290
     0
176
     1
 90
        1
176
     1
 40
0.0
176
     1
 90
        0
176
     1
290
     1
176
     1
290
     1
176
     1
290
     0
176
     1
290
     0
176
     1
290
     0
176
     1
290
     0
176
     1
290
     0
176
     1
290
     0
176
     1
290
     0
176
     1
 90
       50
176
     1
 40
0.0
176
     1
 40
1.0
176
     1
 90
        0
176
     1
 62
    18
420
        0
176
     1
 90
       50
176
     1
 90
        3
176
     1
 62
     5
420
      255
176
     1
290
     0
176
     1
 90
       50
176
     1
 90
       50
176
     1
 90
       50
176
     1
290
     0
176
     1
 90
       50
176
     1
 62
   256
176
     0
 40
1.0
176
     0
 90
        2
176
     1
  1
strokes_ogs.tif
176
     1
290
     0
176
     1
 40
1.0
176
     1
 40
1.0
176
     1
  0
VISUALSTYLE
  5
F4
102
{ACAD_REACTORS
330
EF
102
}
330
EF
100
AcDbVisualStyle
  2
Basic
 70
     7
177
     3
291
     1
 70
    58
 90
        1
176
     1
 90
        0
176
     1
 90
        1
176
     1
 90
        0
176
     1
 40
0.6
176
     1
 40
30.0
176
     1
 62
     7
420
 16777215
176
     1
 90
        0
176
     1
 90
        4
176
     1
 62
     7
176
     1
 62
   257
176
     1
 90
        1
176
     1
 90
        1
176
     1
 40
1.0
176
     1
 90
        8
176
     1
 62
     7
176
     1
 40
1.0
176
     1
 90
        1
176
     1
 90
        6
176
     1
 90
        2
176
     1
 62
     7
176
     1
 90
        5
176
     1
 90
        0
176
     1
 90
        0
176
     1
290
     0
176
     1
 90
        1
176
     1
 40
0.0
176
     1
 90
        0
176
     1
290
     0
176
     1
290
     1
176
     1
290
     1
176
     1
290
     0
176
     1
290
     0
176
     1
290
     0
176
     1
290
     0
176
     1
290
     0
176
     1
290
     0
176
     1
 90
       50
176
     1
 40
0.0
176
     1
 40
1.0
176
     1
 90
        0
176
     1
 62
    18
420
        0
176
     1
 90
       50
176
     1
 90
        3
176
     1
 62
     5
420
      255
176
     1
290
     0
176
     1
 90
       50
176
     1
 90
       50
176
     1
 90
       50
176
     1
290
     0
176
     1
 90
       50
176
     1
 62
   256
176
     0
 40
1.0
176
     0
 90
        2
176
     1
  1
strokes_ogs.tif
176
     1
290
     0
176
     1
 40
1.0
176
     1
 40
1.0
176
     1
  0
VISUALSTYLE
  5
FB
102
{ACAD_REACTORS
330
EF
102
}
330
EF
100
AcDbVisualStyle
  2
Brighten
 70
    12
177
     3
291
     1
 70
    58
 90
        2
176
     1
 90
        2
176
     1
 90
        1
176
     1
 90
        0
176
     1
 40
0.6
176
     1
 40
30.0
176
     1
 62
     7
420
 16777215
176
     1
 90
        1
176
     1
 90
        4
176
     1
 62
     7
176
     1
 62
   257
176
     1
 90
        1
176
     1
 90
        1
176
     1
 40
1.0
176
     1
 90
        8
176
     1
 62
     7
176
     1
 40
1.0
176
     1
 90
        1
176
     1
 90
        6
176
     1
 90
        2
176
     1
 62
     7
176
     1
 90
        5
176
     1
 90
        0
176
     1
 90
        0
176
     1
290
     0
176
     1
 90
        1
176
     1
 40
50.0
176
     1
 90
        0
176
     1
290
     0
176
     1
290
     1
176
     1
290
     1
176
     1
290
     0
176
     1
290
     0
176
     1
290
     0
176
     1
290
     0
176
     1
290
     0
176
     1
290
     0
176
     1
 90
       50
176
     1
 40
0.0
176
     1
 40
1.0
176
     1
 90
        0
176
     1
 62
    18
420
        0
176
     1
 90
       50
176
     1
 90
        3
176
     1
 62
     5
420
      255
176
     1
290
     0
176
     1
 90
       50
176
     1
 90
       50
176
     1
 90
       50
176
     1
290
     0
176
     1
 90
       50
176
     1
 62
   256
176
     0
 40
1.0
176
     0
 90
        2
176
     1
  1
strokes_ogs.tif
176
     1
290
     0
176
     1
 40
1.0
176
     1
 40
1.0
176
     1
  0
VISUALSTYLE
  5
FF
102
{ACAD_REACTORS
330
EF
102
}
330
EF
100
AcDbVisualStyle
  2
ColorChange
 70
    16
177
     3
291
     1
 70
    58
 90
        2
176
     1
 90
        2
176
     1
 90
        3
176
     1
 90
        0
176
     1
 40
0.6
176
     1
 40
30.0
176
     1
 62
     8
420
  8421504
176
     1
 90
        1
176
     1
 90
        4
176
     1
 62
     7
176
     1
 62
   257
176
     1
 90
        1
176
     1
 90
        1
176
     1
 40
1.0
176
     1
 90
        8
176
     1
 62
     8
420
  8421504
176
     1
 40
1.0
176
     1
 90
        1
176
     1
 90
        6
176
     1
 90
        2
176
     1
 62
     7
176
     1
 90
        5
176
     1
 90
        0
176
     1
 90
        0
176
     1
290
     0
176
     1
 90
        1
176
     1
 40
0.0
176
     1
 90
        0
176
     1
290
     0
176
     1
290
     1
176
     1
290
     1
176
     1
290
     0
176
     1
290
     0
176
     1
290
     0
176
     1
290
     0
176
     1
290
     0
176
     1
290
     0
176
     1
 90
       50
176
     1
 40
0.0
176
     1
 40
1.0
176
     1
 90
        0
176
     1
 62
    18
420
        0
176
     1
 90
       50
176
     1
 90
        3
176
     1
 62
     5
420
      255
176
     1
290
     0
176
     1
 90
       50
176
     1
 90
       50
176
     1
 90
       50
176
     1
290
     0
176
     1
 90
       50
176
     1
 62
   256
176
     0
 40
1.0
176
     0
 90
        2
176
     1
  1
strokes_ogs.tif
176
     1
290
     0
176
     1
 40
1.0
176
     1
 40
1.0
176
     1
  0
VISUALSTYLE
  5
F8
102
{ACAD_REACTORS
330
EF
102
}
330
EF
100
AcDbVisualStyle
  2
Conceptual
 70
     9
177
     3
291
     0
 70
    58
 90
        3
176
     1
 90
        2
176
     1
 90
        1
176
     1
 90
        0
176
     1
 40
0.6
176
     1
 40
30.0
176
     1
 62
     7
420
 16777215
176
     1
 90
        2
176
     1
 90
        2
176
     1
 62
     7
176
     1
 62
   257
176
     1
 90
        1
176
     1
 90
        1
176
     1
 40
40.0
176
     1
 90
        8
176
     1
 62
     7
176
     1
 40
1.0
176
     1
 90
        1
176
     1
 90
        6
176
     1
 90
        2
176
     1
 62
     7
176
     1
 90
        3
176
     1
 90
        0
176
     1
 90
        0
176
     1
290
     0
176
     1
 90
        1
176
     1
 40
0.0
176
     1
 90
        0
176
     1
290
     0
176
     1
290
     1
176
     1
290
     1
176
     1
290
     0
176
     1
290
     0
176
     1
290
     0
176
     1
290
     0
176
     1
290
     0
176
     1
290
     0
176
     1
 90
       50
176
     1
 40
0.0
176
     1
 40
1.0
176
     1
 90
        0
176
     1
 62
    18
420
        0
176
     1
 90
       50
176
     1
 90
        3
176
     1
 62
     5
420
      255
176
     1
290
     0
176
     1
 90
       50
176
     1
 90
       50
176
     1
 90
       50
176
     1
290
     0
176
     1
 90
       50
176
     1
 62
   256
176
     0
 40
1.0
176
     0
 90
        2
176
     1
  1
strokes_ogs.tif
176
     1
290
     0
176
     1
 40
1.0
176
     1
 40
1.0
176
     1
  0
VISUALSTYLE
  5
FA
102
{ACAD_REACTORS
330
EF
102
}
330
EF
100
AcDbVisualStyle
  2
Dim
 70
    11
177
     3
291
     1
 70
    58
 90
        2
176
     1
 90
        2
176
     1
 90
        1
176
     1
 90
        0
176
     1
 40
0.6
176
     1
 40
30.0
176
     1
 62
     7
420
 16777215
176
     1
 90
        1
176
     1
 90
        4
176
     1
 62
     7
176
     1
 62
   257
176
     1
 90
        1
176
     1
 90
        1
176
     1
 40
1.0
176
     1
 90
        8
176
     1
 62
     7
176
     1
 40
1.0
176
     1
 90
        1
176
     1
 90
        6
176
     1
 90
        2
176
     1
 62
     7
176
     1
 90
        5
176
     1
 90
        0
176
     1
 90
        0
176
     1
290
     0
176
     1
 90
        1
176
     1
 40
-50.0
176
     1
 90
        0
176
     1
290
     0
176
     1
290
     1
176
     1
290
     1
176
     1
290
     0
176
     1
290
     0
176
     1
290
     0
176
     1
290
     0
176
     1
290
     0
176
     1
290
     0
176
     1
 90
       50
176
     1
 40
0.0
176
     1
 40
1.0
176
     1
 90
        0
176
     1
 62
    18
420
        0
176
     1
 90
       50
176
     1
 90
        3
176
     1
 62
     5
420
      255
176
     1
290
     0
176
     1
 90
       50
176
     1
 90
       50
176
     1
 90
       50
176
     1
290
     0
176
     1
 90
       50
176
     1
 62
   256
176
     0
 40
1.0
176
     0
 90
        2
176
     1
  1
strokes_ogs.tif
176
     1
290
     0
176
     1
 40
1.0
176
     1
 40
1.0
176
     1
  0
VISUALSTYLE
  5
1E6
102
{ACAD_REACTORS
330
EF
102
}
330
EF
100
AcDbVisualStyle
  2
EdgeColorOff
 70
    22
177
     3
291
     1
 70
    58
 90
        2
176
     0
 90
        2
176
     0
 90
        0
176
     0
 90
        0
176
     0
 40
0.6
176
     0
 40
30.0
176
     0
 62
     7
420
 16777215
176
     0
 90
        1
176
     0
 90
        4
176
     0
 62
     7
176
     0
 62
   257
176
     0
 90
        1
176
     0
 90
        1
176
     0
 40
1.0
176
     0
 90
        8
176
     2
 62
     7
176
     0
 40
1.0
176
     0
 90
        1
176
     0
 90
        6
176
     0
 90
        2
176
     0
 62
     7
176
     0
 90
        5
176
     0
 90
        0
176
     0
 90
        0
176
     0
290
     0
176
     0
 90
        1
176
     0
 40
0.0
176
     0
 90
        0
176
     0
290
     0
176
     1
290
     1
176
     1
290
     1
176
     1
290
     0
176
     1
290
     0
176
     1
290
     0
176
     1
290
     0
176
     1
290
     0
176
     1
290
     0
176
     1
 90
       50
176
     1
 40
0.0
176
     1
 40
1.0
176
     1
 90
        0
176
     1
 62
    18
420
        0
176
     1
 90
       50
176
     1
 90
        3
176
     1
 62
     5
420
      255
176
     1
290
     0
176
     1
 90
       50
176
     1
 90
       50
176
     1
 90
       50
176
     1
290
     0
176
     1
 90
       50
176
     1
 62
   256
176
     0
 40
1.0
176
     0
 90
        2
176
     1
  1
strokes_ogs.tif
176
     1
290
     0
176
     1
 40
1.0
176
     1
 40
1.0
176
     1
  0
VISUALSTYLE
  5
FE
102
{ACAD_REACTORS
330
EF
102
}
330
EF
100
AcDbVisualStyle
  2
Facepattern
 70
    15
177
     3
291
     1
 70
    58
 90
        2
176
     1
 90
        2
176
     1
 90
        1
176
     1
 90
        0
176
     1
 40
0.6
176
     1
 40
30.0
176
     1
 62
     7
420
 16777215
176
     1
 90
        1
176
     1
 90
        4
176
     1
 62
     7
176
     1
 62
   257
176
     1
 90
        1
176
     1
 90
        1
176
     1
 40
1.0
176
     1
 90
        8
176
     1
 62
     7
176
     1
 40
1.0
176
     1
 90
        1
176
     1
 90
        6
176
     1
 90
        2
176
     1
 62
     7
176
     1
 90
        5
176
     1
 90
        0
176
     1
 90
        0
176
     1
290
     0
176
     1
 90
        1
176
     1
 40
0.0
176
     1
 90
        0
176
     1
290
     0
176
     1
290
     1
176
     1
290
     1
176
     1
290
     0
176
     1
290
     0
176
     1
290
     0
176
     1
290
     0
176
     1
290
     0
176
     1
290
     0
176
     1
 90
       50
176
     1
 40
0.0
176
     1
 40
1.0
176
     1
 90
        0
176
     1
 62
    18
420
        0
176
     1
 90
       50
176
     1
 90
        3
176
     1
 62
     5
420
      255
176
     1
290
     0
176
     1
 90
       50
176
     1
 90
       50
176
     1
 90
       50
176
     1
290
     0
176
     1
 90
       50
176
     1
 62
   256
176
     0
 40
1.0
176
     0
 90
        2
176
     1
  1
strokes_ogs.tif
176
     1
290
     0
176
     1
 40
1.0
176
     1
 40
1.0
176
     1
  0
VISUALSTYLE
  5
F0
102
{ACAD_REACTORS
330
EF
102
}
330
EF
100
AcDbVisualStyle
  2
Flat
 70
     0
177
     3
291
     1
 70
    58
 90
        2
176
     1
 90
        1
176
     1
 90
        1
176
     1
 90
        2
176
     1
 40
0.6
176
     1
 40
30.0
176
     1
 62
     7
420
 16777215
176
     1
 90
        0
176
     1
 90
        0
176
     1
 62
     7
176
     1
 62
   257
176
     1
 90
        1
176
     1
 90
        1
176
     1
 40
1.0
176
     1
 90
        8
176
     1
 62
     7
176
     1
 40
1.0
176
     1
 90
        1
176
     1
 90
        6
176
     1
 90
        2
176
     1
 62
     7
176
     1
 90
        5
176
     1
 90
        0
176
     1
 90
        0
176
     1
290
     0
176
     1
 90
       13
176
     1
 40
0.0
176
     1
 90
        0
176
     1
290
     0
176
     1
290
     1
176
     1
290
     1
176
     1
290
     0
176
     1
290
     0
176
     1
290
     0
176
     1
290
     0
176
     1
290
     0
176
     1
290
     0
176
     1
 90
       50
176
     1
 40
0.0
176
     1
 40
1.0
176
     1
 90
        0
176
     1
 62
    18
420
        0
176
     1
 90
       50
176
     1
 90
        3
176
     1
 62
     5
420
      255
176
     1
290
     0
176
     1
 90
       50
176
     1
 90
       50
176
     1
 90
       50
176
     1
290
     0
176
     1
 90
       50
176
     1
 62
   256
176
     0
 40
1.0
176
     0
 90
        2
176
     1
  1
strokes_ogs.tif
176
     1
290
     0
176
     1
 40
1.0
176
     1
 40
1.0
176
     1
  0
VISUALSTYLE
  5
F1
102
{ACAD_REACTORS
330
EF
102
}
330
EF
100
AcDbVisualStyle
  2
FlatWithEdges
 70
     1
177
     3
291
     1
 70
    58
 90
        2
176
     1
 90
        1
176
     1
 90
        1
176
     1
 90
        2
176
     1
 40
0.6
176
     1
 40
30.0
176
     1
 62
     7
420
 16777215
176
     1
 90
        1
176
     1
 90
        0
176
     1
 62
     7
176
     1
 62
   257
176
     1
 90
        1
176
     1
 90
        1
176
     1
 40
1.0
176
     1
 90
        0
176
     1
 62
   257
176
     1
 40
1.0
176
     1
 90
        1
176
     1
 90
        6
176
     1
 90
        2
176
     1
 62
     7
176
     1
 90
        5
176
     1
 90
        0
176
     1
 90
        0
176
     1
290
     0
176
     1
 90
       13
176
     1
 40
0.0
176
     1
 90
        0
176
     1
290
     0
176
     1
290
     1
176
     1
290
     1
176
     1
290
     0
176
     1
290
     0
176
     1
290
     0
176
     1
290
     0
176
     1
290
     0
176
     1
290
     0
176
     1
 90
       50
176
     1
 40
0.0
176
     1
 40
1.0
176
     1
 90
        0
176
     1
 62
    18
420
        0
176
     1
 90
       50
176
     1
 90
        3
176
     1
 62
     5
420
      255
176
     1
290
     0
176
     1
 90
       50
176
     1
 90
       50
176
     1
 90
       50
176
     1
290
     0
176
     1
 90
       50
176
     1
 62
   256
176
     0
 40
1.0
176
     0
 90
        2
176
     1
  1
strokes_ogs.tif
176
     1
290
     0
176
     1
 40
1.0
176
     1
 40
1.0
176
     1
  0
VISUALSTYLE
  5
F2
102
{ACAD_REACTORS
330
EF
102
}
330
EF
100
AcDbVisualStyle
  2
Gouraud
 70
     2
177
     3
291
     1
 70
    58
 90
        2
176
     1
 90
        2
176
     1
 90
        1
176
     1
 90
        2
176
     1
 40
0.6
176
     1
 40
30.0
176
     1
 62
     7
420
 16777215
176
     1
 90
        0
176
     1
 90
        0
176
     1
 62
     7
176
     1
 62
   257
176
     1
 90
        1
176
     1
 90
        1
176
     1
 40
1.0
176
     1
 90
        0
176
     1
 62
     7
176
     1
 40
1.0
176
     1
 90
        1
176
     1
 90
        6
176
     1
 90
        2
176
     1
 62
     7
176
     1
 90
        5
176
     1
 90
        0
176
     1
 90
        0
176
     1
290
     0
176
     1
 90
       13
176
     1
 40
0.0
176
     1
 90
        0
176
     1
290
     0
176
     1
290
     1
176
     1
290
     1
176
     1
290
     0
176
     1
290
     0
176
     1
290
     0
176
     1
290
     0
176
     1
290
     0
176
     1
290
     0
176
     1
 90
       50
176
     1
 40
0.0
176
     1
 40
1.0
176
     1
 90
        0
176
     1
 62
    18
420
        0
176
     1
 90
       50
176
     1
 90
        3
176
     1
 62
     5
420
      255
176
     1
290
     0
176
     1
 90
       50
176
     1
 90
       50
176
     1
 90
       50
176
     1
290
     0
176
     1
 90
       50
176
     1
 62
   256
176
     0
 40
1.0
176
     0
 90
        2
176
     1
  1
strokes_ogs.tif
176
     1
290
     0
176
     1
 40
1.0
176
     1
 40
1.0
176
     1
  0
VISUALSTYLE
  5
F3
102
{ACAD_REACTORS
330
EF
102
}
330
EF
100
AcDbVisualStyle
  2
GouraudWithEdges
 70
     3
177
     3
291
     1
 70
    58
 90
        2
176
     1
 90
        2
176
     1
 90
        1
176
     1
 90
        2
176
     1
 40
0.6
176
     1
 40
30.0
176
     1
 62
     7
420
 16777215
176
     1
 90
        1
176
     1
 90
        0
176
     1
 62
     7
176
     1
 62
   257
176
     1
 90
        1
176
     1
 90
        1
176
     1
 40
1.0
176
     1
 90
        0
176
     1
 62
   257
176
     1
 40
1.0
176
     1
 90
        1
176
     1
 90
        6
176
     1
 90
        2
176
     1
 62
     7
176
     1
 90
        5
176
     1
 90
        0
176
     1
 90
        0
176
     1
290
     0
176
     1
 90
       13
176
     1
 40
0.0
176
     1
 90
        0
176
     1
290
     0
176
     1
290
     1
176
     1
290
     1
176
     1
290
     0
176
     1
290
     0
176
     1
290
     0
176
     1
290
     0
176
     1
290
     0
176
     1
290
     0
176
     1
 90
       50
176
     1
 40
0.0
176
     1
 40
1.0
176
     1
 90
        0
176
     1
 62
    18
420
        0
176
     1
 90
       50
176
     1
 90
        3
176
     1
 62
     5
420
      255
176
     1
290
     0
176
     1
 90
       50
176
     1
 90
       50
176
     1
 90
       50
176
     1
290
     0
176
     1
 90
       50
176
     1
 62
   256
176
     0
 40
1.0
176
     0
 90
        2
176
     1
  1
strokes_ogs.tif
176
     1
290
     0
176
     1
 40
1.0
176
     1
 40
1.0
176
     1
  0
VISUALSTYLE
  5
F7
102
{ACAD_REACTORS
330
EF
102
}
330
EF
100
AcDbVisualStyle
  2
Hidden
 70
     6
177
     3
291
     0
 70
    58
 90
        1
176
     1
 90
        2
176
     1
 90
        2
176
     1
 90
        0
176
     1
 40
0.6
176
     1
 40
30.0
176
     1
 62
     7
420
 16777215
176
     1
 90
        2
176
     1
 90
        2
176
     1
 62
     7
176
     1
 62
   257
176
     1
 90
        2
176
     1
 90
        1
176
     1
 40
40.0
176
     1
 90
        0
176
     1
 62
   257
176
     1
 40
1.0
176
     1
 90
        1
176
     1
 90
        6
176
     1
 90
        2
176
     1
 62
     7
176
     1
 90
        3
176
     1
 90
        0
176
     1
 90
        0
176
     1
290
     0
176
     1
 90
        1
176
     1
 40
0.0
176
     1
 90
        0
176
     1
290
     0
176
     1
290
     1
176
     1
290
     1
176
     1
290
     0
176
     1
290
     0
176
     1
290
     0
176
     1
290
     0
176
     1
290
     0
176
     1
290
     0
176
     1
 90
       50
176
     1
 40
0.0
176
     1
 40
1.0
176
     1
 90
        0
176
     1
 62
    18
420
        0
176
     1
 90
       50
176
     1
 90
        3
176
     1
 62
     5
420
      255
176
     1
290
     0
176
     1
 90
       50
176
     1
 90
       50
176
     1
 90
       50
176
     1
290
     0
176
     1
 90
       50
176
     1
 62
   256
176
     0
 40
1.0
176
     0
 90
        2
176
     1
  1
strokes_ogs.tif
176
     1
290
     0
176
     1
 40
1.0
176
     1
 40
1.0
176
     1
  0
VISUALSTYLE
  5
1E4
102
{ACAD_REACTORS
330
EF
102
}
330
EF
100
AcDbVisualStyle
  2
JitterOff
 70
    20
177
     3
291
     1
 70
    58
 90
        2
176
     0
 90
        2
176
     0
 90
        0
176
     0
 90
        0
176
     0
 40
0.6
176
     0
 40
30.0
176
     0
 62
     7
420
 16777215
176
     0
 90
        1
176
     0
 90
        4
176
     0
 62
     7
176
     0
 62
   257
176
     0
 90
        1
176
     0
 90
        1
176
     0
 40
1.0
176
     0
 90
       10
176
     2
 62
     7
176
     0
 40
1.0
176
     0
 90
        1
176
     0
 90
        6
176
     0
 90
        2
176
     0
 62
     7
176
     0
 90
        5
176
     0
 90
        0
176
     0
 90
        0
176
     0
290
     0
176
     0
 90
        1
176
     0
 40
0.0
176
     0
 90
        0
176
     0
290
     0
176
     1
290
     1
176
     1
290
     1
176
     1
290
     0
176
     1
290
     0
176
     1
290
     0
176
     1
290
     0
176
     1
290
     0
176
     1
290
     0
176
     1
 90
       50
176
     1
 40
0.0
176
     1
 40
1.0
176
     1
 90
        0
176
     1
 62
    18
420
        0
176
     1
 90
       50
176
     1
 90
        3
176
     1
 62
     5
420
      255
176
     1
290
     0
176
     1
 90
       50
176
     1
 90
       50
176
     1
 90
       50
176
     1
290
     0
176
     1
 90
       50
176
     1
 62
   256
176
     0
 40
1.0
176
     0
 90
        2
176
     1
  1
strokes_ogs.tif
176
     1
290
     0
176
     1
 40
1.0
176
     1
 40
1.0
176
     1
  0
VISUALSTYLE
  5
FD
102
{ACAD_REACTORS
330
EF
102
}
330
EF
100
AcDbVisualStyle
  2
Linepattern
 70
    14
177
     3
291
     1
 70
    58
 90
        2
176
     1
 90
        2
176
     1
 90
        1
176
     1
 90
        0
176
     1
 40
0.6
176
     1
 40
30.0
176
     1
 62
     7
420
 16777215
176
     1
 90
        1
176
     1
 90
        4
176
     1
 62
     7
176
     1
 62
   257
176
     1
 90
        7
176
     1
 90
        7
176
     1
 40
1.0
176
     1
 90
        8
176
     1
 62
     7
176
     1
 40
1.0
176
     1
 90
        1
176
     1
 90
        6
176
     1
 90
        2
176
     1
 62
     7
176
     1
 90
        5
176
     1
 90
        0
176
     1
 90
        0
176
     1
290
     0
176
     1
 90
        1
176
     1
 40
0.0
176
     1
 90
        0
176
     1
290
     0
176
     1
290
     1
176
     1
290
     1
176
     1
290
     0
176
     1
290
     0
176
     1
290
     0
176
     1
290
     0
176
     1
290
     0
176
     1
290
     0
176
     1
 90
       50
176
     1
 40
0.0
176
     1
 40
1.0
176
     1
 90
        0
176
     1
 62
    18
420
        0
176
     1
 90
       50
176
     1
 90
        3
176
     1
 62
     5
420
      255
176
     1
290
     0
176
     1
 90
       50
176
     1
 90
       50
176
     1
 90
       50
176
     1
290
     0
176
     1
 90
       50
176
     1
 62
   256
176
     0
 40
1.0
176
     0
 90
        2
176
     1
  1
strokes_ogs.tif
176
     1
290
     0
176
     1
 40
1.0
176
     1
 40
1.0
176
     1
  0
VISUALSTYLE
  5
1E5
102
{ACAD_REACTORS
330
EF
102
}
330
EF
100
AcDbVisualStyle
  2
OverhangOff
 70
    21
177
     3
291
     1
 70
    58
 90
        2
176
     0
 90
        2
176
     0
 90
        0
176
     0
 90
        0
176
     0
 40
0.6
176
     0
 40
30.0
176
     0
 62
     7
420
 16777215
176
     0
 90
        1
176
     0
 90
        4
176
     0
 62
     7
176
     0
 62
   257
176
     0
 90
        1
176
     0
 90
        1
176
     0
 40
1.0
176
     0
 90
        9
176
     2
 62
     7
176
     0
 40
1.0
176
     0
 90
        1
176
     0
 90
        6
176
     0
 90
        2
176
     0
 62
     7
176
     0
 90
        5
176
     0
 90
        0
176
     0
 90
        0
176
     0
290
     0
176
     0
 90
        1
176
     0
 40
0.0
176
     0
 90
        0
176
     0
290
     0
176
     1
290
     1
176
     1
290
     1
176
     1
290
     0
176
     1
290
     0
176
     1
290
     0
176
     1
290
     0
176
     1
290
     0
176
     1
290
     0
176
     1
 90
       50
176
     1
 40
0.0
176
     1
 40
1.0
176
     1
 90
        0
176
     1
 62
    18
420
        0
176
     1
 90
       50
176
     1
 90
        3
176
     1
 62
     5
420
      255
176
     1
290
     0
176
     1
 90
       50
176
     1
 90
       50
176
     1
 90
       50
176
     1
290
     0
176
     1
 90
       50
176
     1
 62
   256
176
     0
 40
1.0
176
     0
 90
        2
176
     1
  1
strokes_ogs.tif
176
     1
290
     0
176
     1
 40
1.0
176
     1
 40
1.0
176
     1
  0
VISUALSTYLE
  5
F9
102
{ACAD_REACTORS
330
EF
102
}
330
EF
100
AcDbVisualStyle
  2
Realistic
 70
     8
177
     3
291
     0
 70
    58
 90
        2
176
     1
 90
        3
176
     1
 90
        0
176
     1
 90
        2
176
     1
 40
0.6
176
     1
 40
30.0
176
     1
 62
     7
420
 16777215
176
     1
 90
        0
176
     1
 90
        0
176
     1
 62
     7
176
     1
 62
   257
176
     1
 90
        1
176
     1
 90
        1
176
     1
 40
1.0
176
     1
 90
        8
176
     1
 62
   257
176
     1
 40
1.0
176
     1
 90
        1
176
     1
 90
        6
176
     1
 90
        2
176
     1
 62
     7
176
     1
 90
        3
176
     1
 90
        0
176
     1
 90
        0
176
     1
290
     0
176
     1
 90
       13
176
     1
 40
0.0
176
     1
 90
        0
176
     1
290
     0
176
     1
290
     1
176
     1
290
     1
176
     1
290
     0
176
     1
290
     0
176
     1
290
     0
176
     1
290
     0
176
     1
290
     0
176
     1
290
     0
176
     1
 90
       50
176
     1
 40
0.0
176
     1
 40
1.0
176
     1
 90
        0
176
     1
 62
    18
420
        0
176
     1
 90
       50
176
     1
 90
        3
176
     1
 62
     5
420
      255
176
     1
290
     0
176
     1
 90
       50
176
     1
 90
       50
176
     1
 90
       50
176
     1
290
     0
176
     1
 90
       50
176
     1
 62
   256
176
     0
 40
1.0
176
     0
 90
        2
176
     1
  1
strokes_ogs.tif
176
     1
290
     0
176
     1
 40
1.0
176
     1
 40
1.0
176
     1
  0
VISUALSTYLE
  5
1F3
102
{ACAD_REACTORS
330
EF
102
}
330
EF
100
AcDbVisualStyle
  2
Shaded
 70
    27
177
     3
291
     0
 70
    58
 90
        2
176
     1
 90
        2
176
     1
 90
        1
176
     1
 90
        2
176
     1
 40
0.6
176
     1
 40
30.0
176
     1
 62
     7
420
 16777215
176
     1
 90
        0
176
     1
 90
        4
176
     1
 62
     7
176
     1
 62
   257
176
     1
 90
        1
176
     1
 90
        1
176
     1
 40
1.0
176
     1
 90
        8
176
     1
 62
   257
176
     1
 40
1.0
176
     1
 90
        1
176
     1
 90
        6
176
     1
 90
        2
176
     1
 62
     8
420
  7895160
176
     1
 90
        3
176
     1
 90
        0
176
     1
 90
        0
176
     1
290
     0
176
     1
 90
        5
176
     1
 40
0.0
176
     1
 90
        0
176
     1
290
     0
176
     1
290
     1
176
     1
290
     1
176
     1
290
     0
176
     1
290
     0
176
     1
290
     0
176
     1
290
     0
176
     1
290
     0
176
     1
290
     0
176
     1
 90
       50
176
     1
 40
0.0
176
     1
 40
1.0
176
     1
 90
        0
176
     1
 62
    18
420
        0
176
     1
 90
       50
176
     1
 90
        3
176
     1
 62
     5
420
      255
176
     1
290
     0
176
     1
 90
       50
176
     1
 90
       50
176
     1
 90
       50
176
     1
290
     0
176
     1
 90
       50
176
     1
 62
   256
176
     0
 40
1.0
176
     0
 90
        2
176
     1
  1
strokes_ogs.tif
176
     1
290
     0
176
     1
 40
1.0
176
     1
 40
1.0
176
     1
  0
VISUALSTYLE
  5
1F2
102
{ACAD_REACTORS
330
EF
102
}
330
EF
100
AcDbVisualStyle
  2
Shaded with edges
 70
    26
177
     3
291
     0
 70
    58
 90
        2
176
     1
 90
        2
176
     1
 90
        1
176
     1
 90
        2
176
     1
 40
0.6
176
     1
 40
30.0
176
     1
 62
     7
420
 16777215
176
     1
 90
        1
176
     1
 90
        2
176
     1
 62
     7
176
     1
 62
   257
176
     1
 90
        2
176
     1
 90
        1
176
     1
 40
1.0
176
     1
 90
        8
176
     1
 62
   257
176
     1
 40
1.0
176
     1
 90
        1
176
     1
 90
        6
176
     1
 90
        2
176
     1
 62
     7
176
     1
 90
        3
176
     1
 90
        0
176
     1
 90
        0
176
     1
290
     0
176
     1
 90
        5
176
     1
 40
0.0
176
     1
 90
        0
176
     1
290
     0
176
     1
290
     1
176
     1
290
     1
176
     1
290
     0
176
     1
290
     0
176
     1
290
     0
176
     1
290
     0
176
     1
290
     0
176
     1
290
     0
176
     1
 90
       50
176
     1
 40
0.0
176
     1
 40
1.0
176
     1
 90
        0
176
     1
 62
    18
420
        0
176
     1
 90
       50
176
     1
 90
        3
176
     1
 62
     5
420
      255
176
     1
290
     0
176
     1
 90
       50
176
     1
 90
       50
176
     1
 90
       50
176
     1
290
     0
176
     1
 90
       50
176
     1
 62
   256
176
     0
 40
1.0
176
     0
 90
        2
176
     1
  1
strokes_ogs.tif
176
     1
290
     0
176
     1
 40
1.0
176
     1
 40
1.0
176
     1
  0
VISUALSTYLE
  5
1EF
102
{ACAD_REACTORS
330
EF
102
}
330
EF
100
AcDbVisualStyle
  2
Shades of Gray
 70
    23
177
     3
291
     0
 70
    58
 90
        2
176
     1
 90
        2
176
     1
 90
        3
176
     1
 90
        0
176
     1
 40
0.6
176
     1
 40
30.0
176
     1
 62
     7
420
 16777215
176
     1
 90
        2
176
     1
 90
        2
176
     1
 62
     7
176
     1
 62
     7
176
     1
 90
        1
176
     1
 90
        1
176
     1
 40
40.0
176
     1
 90
        8
176
     1
 62
     7
176
     1
 40
1.0
176
     1
 90
        1
176
     1
 90
        6
176
     1
 90
        2
176
     1
 62
     7
176
     1
 90
        3
176
     1
 90
        0
176
     1
 90
        0
176
     1
290
     0
176
     1
 90
        1
176
     1
 40
0.0
176
     1
 90
        0
176
     1
290
     0
176
     1
290
     1
176
     1
290
     1
176
     1
290
     0
176
     1
290
     0
176
     1
290
     0
176
     1
290
     0
176
     1
290
     0
176
     1
290
     0
176
     1
 90
       50
176
     1
 40
0.0
176
     1
 40
1.0
176
     1
 90
        0
176
     1
 62
    18
420
        0
176
     1
 90
       50
176
     1
 90
        3
176
     1
 62
     5
420
      255
176
     1
290
     0
176
     1
 90
       50
176
     1
 90
       50
176
     1
 90
       50
176
     1
290
     0
176
     1
 90
       50
176
     1
 62
   256
176
     0
 40
1.0
176
     0
 90
        2
176
     1
  1
strokes_ogs.tif
176
     1
290
     0
176
     1
 40
1.0
176
     1
 40
1.0
176
     1
  0
VISUALSTYLE
  5
1F0
102
{ACAD_REACTORS
330
EF
102
}
330
EF
100
AcDbVisualStyle
  2
Sketchy
 70
    24
177
     3
291
     0
 70
    58
 90
        1
176
     1
 90
        2
176
     1
 90
        2
176
     1
 90
        0
176
     1
 40
0.6
176
     1
 40
30.0
176
     1
 62
     7
420
 16777215
176
     1
 90
        2
176
     1
 90
        2
176
     1
 62
     7
176
     1
 62
     7
176
     1
 90
        1
176
     1
 90
        1
176
     1
 40
40.0
176
     1
 90
       11
176
     1
 62
     7
176
     1
 40
1.0
176
     1
 90
        1
176
     1
 90
        6
176
     1
 90
        2
176
     1
 62
     7
176
     1
 90
        6
176
     1
 90
        0
176
     1
 90
        0
176
     1
290
     0
176
     1
 90
        1
176
     1
 40
0.0
176
     1
 90
        0
176
     1
290
     0
176
     1
290
     1
176
     1
290
     1
176
     1
290
     0
176
     1
290
     0
176
     1
290
     0
176
     1
290
     0
176
     1
290
     0
176
     1
290
     0
176
     1
 90
       50
176
     1
 40
0.0
176
     1
 40
1.0
176
     1
 90
        0
176
     1
 62
    18
420
        0
176
     1
 90
       50
176
     1
 90
        3
176
     1
 62
     5
420
      255
176
     1
290
     0
176
     1
 90
       50
176
     1
 90
       50
176
     1
 90
       50
176
     1
290
     0
176
     1
 90
       50
176
     1
 62
   256
176
     0
 40
1.0
176
     0
 90
        2
176
     1
  1
strokes_ogs.tif
176
     1
290
     0
176
     1
 40
1.0
176
     1
 40
1.0
176
     1
  0
VISUALSTYLE
  5
FC
102
{ACAD_REACTORS
330
EF
102
}
330
EF
100
AcDbVisualStyle
  2
Thicken
 70
    13
177
     3
291
     1
 70
    58
 90
        2
176
     1
 90
        2
176
     1
 90
        1
176
     1
 90
        0
176
     1
 40
0.6
176
     1
 40
30.0
176
     1
 62
     7
420
 16777215
176
     1
 90
        1
176
     1
 90
        4
176
     1
 62
     7
176
     1
 62
   257
176
     1
 90
        1
176
     1
 90
        1
176
     1
 40
1.0
176
     1
 90
       12
176
     1
 62
     7
176
     1
 40
1.0
176
     1
 90
        1
176
     1
 90
        6
176
     1
 90
        2
176
     1
 62
     7
176
     1
 90
        5
176
     1
 90
        0
176
     1
 90
        0
176
     1
290
     0
176
     1
 90
        1
176
     1
 40
0.0
176
     1
 90
        0
176
     1
290
     0
176
     1
290
     1
176
     1
290
     1
176
     1
290
     0
176
     1
290
     0
176
     1
290
     0
176
     1
290
     0
176
     1
290
     0
176
     1
290
     0
176
     1
 90
       50
176
     1
 40
0.0
176
     1
 40
1.0
176
     1
 90
        0
176
     1
 62
    18
420
        0
176
     1
 90
       50
176
     1
 90
        3
176
     1
 62
     5
420
      255
176
     1
290
     0
176
     1
 90
       50
176
     1
 90
       50
176
     1
 90
       50
176
     1
290
     0
176
     1
 90
       50
176
     1
 62
   256
176
     0
 40
1.0
176
     0
 90
        2
176
     1
  1
strokes_ogs.tif
176
     1
290
     0
176
     1
 40
1.0
176
     1
 40
1.0
176
     1
  0
VISUALSTYLE
  5
F6
102
{ACAD_REACTORS
330
EF
102
}
330
EF
100
AcDbVisualStyle
  2
Wireframe
 70
     5
177
     3
291
     0
 70
    58
 90
        0
176
     1
 90
        2
176
     1
 90
        0
176
     1
 90
        0
176
     1
 40
0.6
176
     1
 40
30.0
176
     1
 62
     7
420
 16777215
176
     1
 90
        1
176
     1
 90
        4
176
     1
 62
     7
176
     1
 62
   257
176
     1
 90
        1
176
     1
 90
        1
176
     1
 40
1.0
176
     1
 90
        0
176
     1
 62
   257
176
     1
 40
1.0
176
     1
 90
        1
176
     1
 90
        6
176
     1
 90
        2
176
     1
 62
     7
176
     1
 90
        3
176
     1
 90
        0
176
     1
 90
        0
176
     1
290
     0
176
     1
 90
        1
176
     1
 40
0.0
176
     1
 90
        0
176
     1
290
     0
176
     1
290
     1
176
     1
290
     1
176
     1
290
     0
176
     1
290
     0
176
     1
290
     0
176
     1
290
     0
176
     1
290
     0
176
     1
290
     0
176
     1
 90
       50
176
     1
 40
0.0
176
     1
 40
1.0
176
     1
 90
        0
176
     1
 62
    18
420
        0
176
     1
 90
       50
176
     1
 90
        3
176
     1
 62
     5
420
      255
176
     1
290
     0
176
     1
 90
       50
176
     1
 90
       50
176
     1
 90
       50
176
     1
290
     0
176
     1
 90
       50
176
     1
 62
   256
176
     0
 40
1.0
176
     0
 90
        2
176
     1
  1
strokes_ogs.tif
176
     1
290
     0
176
     1
 40
1.0
176
     1
 40
1.0
176
     1
  0
VISUALSTYLE
  5
1F1
102
{ACAD_REACTORS
330
EF
102
}
330
EF
100
AcDbVisualStyle
  2
X-Ray
 70
    25
177
     3
291
     0
 70
    58
 90
        2
176
     1
 90
        2
176
     1
 90
        1
176
     1
 90
        1
176
     1
 40
0.5
176
     1
 40
30.0
176
     1
 62
     7
420
 16777215
176
     1
 90
        1
176
     1
 90
        0
176
     1
 62
     7
176
     1
 62
   257
176
     1
 90
        1
176
     1
 90
        1
176
     1
 40
1.0
176
     1
 90
        8
176
     1
 62
     7
176
     1
 40
1.0
176
     1
 90
        1
176
     1
 90
        6
176
     1
 90
        2
176
     1
 62
     7
176
     1
 90
        3
176
     1
 90
        0
176
     1
 90
        0
176
     1
290
     0
176
     1
 90
       13
176
     1
 40
0.0
176
     1
 90
        0
176
     1
290
     0
176
     1
290
     1
176
     1
290
     1
176
     1
290
     0
176
     1
290
     0
176
     1
290
     0
176
     1
290
     0
176
     1
290
     0
176
     1
290
     0
176
     1
 90
       50
176
     1
 40
0.0
176
     1
 40
1.0
176
     1
 90
        0
176
     1
 62
    18
420
        0
176
     1
 90
       50
176
     1
 90
        3
176
     1
 62
     5
420
      255
176
     1
290
     0
176
     1
 90
       50
176
     1
 90
       50
176
     1
 90
       50
176
     1
290
     0
176
     1
 90
       50
176
     1
 62
   256
176
     0
 40
1.0
176
     0
 90
        2
176
     1
  1
strokes_ogs.tif
176
     1
290
     0
176
     1
 40
1.0
176
     1
 40
1.0
176
     1
  0
DICTIONARYVAR
  5
146
102
{ACAD_REACTORS
330
5E
102
}
330
5E
100
DictionaryVariables
280
     0
  1
1:1
  0
DICTIONARYVAR
  5
259
102
{ACAD_REACTORS
330
5E
102
}
330
5E
100
DictionaryVariables
280
     0
  1
3.500000
  0
DICTIONARYVAR
  5
25A
102
{ACAD_REACTORS
330
5E
102
}
330
5E
100
DictionaryVariables
280
     0
  1
acadiso.lin
  0
DICTIONARYVAR
  5
145
102
{ACAD_REACTORS
330
5E
102
}
330
5E
100
DictionaryVariables
280
     0
  1
STANDARD
  0
DICTIONARYVAR
  5
84
102
{ACAD_REACTORS
330
5E
102
}
330
5E
100
DictionaryVariables
280
     0
  1
STANDARD
  0
DICTIONARYVAR
  5
227
102
{ACAD_REACTORS
330
5E
102
}
330
5E
100
DictionaryVariables
280
     0
  1
Metric50
  0
DICTIONARYVAR
  5
228
102
{ACAD_REACTORS
330
5E
102
}
330
5E
100
DictionaryVariables
280
     0
  1
Metric50
  0
DICTIONARYVAR
  5
5F
102
{ACAD_REACTORS
330
5E
102
}
330
5E
100
DictionaryVariables
280
     0
  1
2
  0
DICTIONARYVAR
  5
63
102
{ACAD_REACTORS
330
5E
102
}
330
5E
100
DictionaryVariables
280
     0
  1
1
  0
DICTIONARYVAR
  5
3FE
102
{ACAD_REACTORS
330
5E
102
}
330
5E
100
DictionaryVariables
280
     0
  1
BYLAYER
  0
DICTIONARYVAR
  5
3FD
102
{ACAD_REACTORS
330
5E
102
}
330
5E
100
DictionaryVariables
280
     0
  1
ByLayer
  0
DICTIONARYVAR
  5
1AE
102
{ACAD_REACTORS
330
5E
102
}
330
5E
100
DictionaryVariables
280
     0
  1
0
  0
DICTIONARYVAR
  5
1AF
102
{ACAD_REACTORS
330
5E
102
}
330
5E
100
DictionaryVariables
280
     0
  1
0
  0
DICTIONARY
  5
205
330
22
100
AcDbDictionary
280
     1
281
     1
  0
DICTIONARY
  5
1F9
330
ED
100
AcDbDictionary
280
     1
281
     1
  3
FBXASSET
360
1FA
  0
DICTIONARY
  5
1F7
330
EC
100
AcDbDictionary
280
     1
281
     1
  3
FBXASSET
360
1F8
  0
DICTIONARY
  5
173
330
EE
100
AcDbDictionary
280
     1
281
     1
  3
BUMPTILE
360
175
  3
DIFFUSETILE
360
174
  3
FBXASSET
360
1FB
  3
OPACITYTILE
360
176
  3
REFLECTIONTILE
360
177
  0
DICTIONARY
  5
162
330
7F
100
AcDbDictionary
280
     1
281
     1
  3
ACAD_ROUNDTRIP_2008_TABLESTYLE_CELLSTYLEMAP
360
589
  0
XRECORD
  5
1FA
102
{ACAD_REACTORS
330
1F9
102
}
330
1F9
100
AcDbXrecord
280
     1
 70
     1
 90
429727718
  1
D62C5603-E3A1-4AEA-B7FB-FE5D8D0755AF
310
504B03040A0000080000CC70623B3DEE336E79000000790000001B0000006175746F6465736B2D64657369676E2D7061636B6167652E786D6C3C3F786D6C2076657273696F6E3D22312E302220656E636F64696E673D227574662D3822203F3E3C666F726D6174733E3C666F726D61743E687474703A2F2F736368656D612E
310
6175746F6465736B2E636F6D2F64657369676E2D7061636B6167652F323030393C2F666F726D61743E3C2F666F726D6174733E504B0304140006080800CC70623BD486FD9CA0000000F4000000130000005B436F6E74656E745F54797065735D2E786D6C7D8EC10E82300C865F65E91D8A1E8C310C0EEA1BF002731658846E
310
D98AC1B77784ABF1D8FE5FBFBF75BBCE937A534CCEB38643598122B6FEE978D0B0485F9C41B54DDD7D022595594E1A469170414C76A4D9A4D207E29CF43ECE46F218070CC6BECC4078ACAA135ACF422C856C0E68EA1BF5669944DDD7BCDE7B1F8E415D77AECB980613C2E4AC91FC167A2B244592486606FC29C8FD7F045B9A
310
EF7053A7E60B504B0304140006080800CC70623B853B8169EB0000007C01000008000000636F72652E786D6C8D90416EC3201045AF62CDB6C206821CC7C244919D9CA01740401C94182C03558F5F9C3852BBEB6A467FFE9B197D7EFC9E1EC5975982F5AE035262288C535E5B377690E21535501C055FBC8FBF6C503839990E
310
5619041F179FE64D52DE45E362569DD7661365082642A11EB9E920A89B99642953CC8E702F67A9EE7234257977194EC9EAE275C4EABCCF5EAD5940D4AC6F0E35A568B8F43562CD7046CD199FD07E60174276A7BE677B5EADB0E0D14EEFFB6A31321A0D82627C4084204C3F096B71DD52F6819B16635EADF63F509AF53FA164
310
5DDCD1EDDD17164090FCC8732078B56691CB33A85CD7DCC40F504B0304140006080800CC70623B55019EA25F0000007C00000007000000636E782E786D6C4DCB3B0E80201045D1AD90E915ED2CF8AC45050C11660C8261F98AB1B07AC9C97D42D718D865D3E909258CFD00CCE24AC6E326A164D74DC0B4128928FF32603847
310
2BA13128B1252AC747C6BAB984FC68F0B87FE8960A5C09FE86CFB69FBA01504B0304140006080800CC70623BDBABAAF470010000D40300000C0000006662782F636F72652E786D6CC553D16E823014FD95A6AF4B694182CC941A83FA05FB810A9511A125A5257EFE2E82712ECEB8A7F100CD39F7F69E734AF9FADC366850B6
310
AF8DCE7018308C942E4C59EB2AC3DE1D498AD15A706B8CFB56869196ADCAF00863C12B6B7C374385D14E6907A836A59A41D9F7CA615434B0C8705F7CAA5606D23BA8E84F41278B93AC54100640439DE0BDB320004D43C63716C7C399D30917DCFBBA9CD9BA8469F5B156168B24CED3F7248AC8769F27244EB73B92EED8862C
310
B7F13E0C179B3C8F979C8ECD82BBBABDAA2BAC924E9558448CBD9330242CFA08E3154B5651FCC6D215639C8EE5774DBE2B5F6CF2B5768B68963BB5F5588420E442FC700B1139D4CB01F450C1E918227C2E09DF070D8140C84E1E9AAB8F1340832A9CB13130A5F1376A908D57309505ECF2A0DF179C4E9D30F5B239B87E3823
310
7A79C6F31DE1A8A5AEC08474B03C7837EAE4938639B44E5932B833D2C6B6B279CDC613877FA26EE21F4A2A4C63EC7F29A2F301D1F9F7A0E37D145F504B0304140006080800CC70623B9C113CC27E0000009D0000000B0000006662782F636E782E786D6C4DCCDF0A83201C86E15B91DFB94BFB330DD428C8FB886521330DA7
310
6397BF1A1DECE883878F57749FCDA1B7892F1BBC047A23808C7F84D9FA55424E0BE6803A256208E9EF06C84F9B91703228B1C690F78B66B34CD9A5439DF5CF0BFBF65E35BCA1B8D6A5C6F540381E886698B5741C695F9503EBA150A2F8958E3DC3EA0B504B0304140006080800CC70623B7DF2F77C2A010000120200003100
310
00006662782F41393633353835312D344632462D344230382D423046372D3739314545314133324237412F636F72652E786D6C8D51DB8EC22014FC15C2939B0D2DB4B45643319AE817EC0F6041255A68B86CFCFC856D4D76DF7CE190393373060EDB3DC707F856CE6B6B7A480A0C81328395DA5C7B18C3057510EC3873D686
310
3F34088C18550F330C39BB3A1BA7051AAC09CA84841A2BD5020AEF55806078A44B0FFD7053A328440C89E1EFC52486BBB8AA8214A99D789CF9E05200300FC927E4FB4D5B375D43103D5527440FB843077C5AA3F5861C8F645F5787F59E95B390B318B55CE45AA638FAA2957BD7248B390B7A7CC51F9C124149C82B8C378810
310
84AB2F42B7B8DD56F413775B8C5999E9FF4471926F8AA236A1AE96B8B3CC434E5839373893369E1FAF30EA395917409EB7F26AF8801C171837A4A6AC9C89E9F9C9B1A58BA30FD6A5EF5DDDCF894B9AD9B6A59C957943A9FCAE2FD5BC4DFE03504B0304140006080800CC70623BAD7543B64E01000033030000300000006662
310
782F41393633353835312D344632462D344230382D423046372D3739314545314133324237412F636E782E786D6CD593CD6EC32010845F0571AD6CE3D48AD20813A9873E410FBD12D82434182C7EAAE6EDBB2424CD25871E7B41D6EC30B3FA84F9E67BB2E40B4234DE8DB46F1925E094D7C6ED479AD3AE5951B2113C789FEE
310
6C943839C1488B4C05DF079FE72A69D8C96C13AAD6B8631503449F83828872B949AC57D26200B826A308D316B4064D6E46FCDA41C05550DC9E483A00797BFD207EFB092A45DE9514C1BBD22178396BD39D891265658C238DEA00936C654E5E433CB65A26D9F6EDB5EBC14EBF49A45CB856E66048291F6939A9A81BB5C89177
310
38143CA680F4AA299D66A042CEB3354A2684DC9D8D178FE0D9B8B41CAAD720F880EE7EF93C0C18769E099ECC04D5A102C8049A8A05632F4DDF376CF1DE0F6BB65C2F8627B65A33C6BB62177CEBBDAD973006829F89F22E814B54F4BC2BE347F8AA8F681390B50FA73F804400B5F542E796F19FF974E7F78DB802FE05E20750
310
4B0304140006080800CC70623BE75B7789680500003C100000340000006662782F41393633353835312D344632462D344230382D423046372D3739314545314133324237412F6F626A656374732E786D6CAD575B8F9B3818FD2B887D06C22499CB8AA1CA655245D5B455A356FB305264C061D8018C6C3393D95FBFC7600890
310
A4CD5EF210B0B1BFEBF98E3F7B1FF6596ABC522E1296DF9BAE3D320D9A872C4AF2F8DE2CE5CEBA358D0FBEC719939D65A691938CDE9B6ADAF4BD98B3B2D05311DD91329583D9D5FC0F438434A7A611A644887B5384CF34233629258BA878B12322891DEFF6B66BD70BFB62634E8AE781D082709A4B588AF91C528CDA28B73F
310
1C998EEF39EABBEFA97FBD6A7C7E9553F9D3D79FE442923C3C523610337627CB87ABE99D359D4CC6D6E4FACAB5E6ABF9D2726FC6A3C5F56271377BB88362213924694B38DD99FE47C48627A1E7D49F5A8BB5E1A74C0A599ED3B0F21F1E56366B89112D681E218F0915D0D6F17AD41FBA2A369DCF6335D62ABBD39779D5DDD1
310
11D4D8DE3CBB96B2E04FB8202E41051754A1AA8E8F76B4C6DFE810B580B1547F4B84911149794252234D024EF8BBE963A95AE27B3D310A9D5C215C7960FAEE415ED75694C6AFB17BCACA5D99A60A9AA65F217B0BFC53292ACB92BF283FAD0D3621576592CB5BED907C2FA8E9DF794E35E97BEA31BED21FEB401ABB94C44839
310
DCACBF0E1C5DA8DA5B2F4DFFD32AD86F543D9E565E7056502E157C00AD2671CD534549AB752FCA9CDA00677A313F04E51B22FF19E57B300579E3C97EB29F682D92935CEC18CF901B7B54FD8C51F362B56FC72FE0B3C1EAE335EDCCBF5AEC39ADB17DC238973F804BA5E6F6BFE7AF1FB32E523BE9F3BD571418E3631DCA4D48
310
5250CF639223210A9446CA30052EDF057BD35F8329C1ECD84552BF0DC8D18BE7BCE23BFE6BD960AB4A7DE79923A103BEBD80F911CBAA2C60DB19B01CF164A5583B772EE6D3FFA56666CBCDA74DC97724A48F9A58967497E489C4D979006FD7A05E227A1EBDD0F737C623387A9C844D3709995625106D157315F8B8392CD4E0
310
A0B9A720C4BE9829CEF37EA1E13111214D53925356365ADA634861B52519DD27A00AEB808EAF0628E6F435519D446F45CF2C9CF5214F0A15B2F6D06B79DA3EE3CBF7F56780D2F4E7EF73A0F5E5B02A38D07DC852C6B7C1FBB6664213E0C39E3EBA7FF4E1AD23EA2829407C85E586727488B751B2DB9502BC7B228A3FD68B6E
310
A65A22397E690AA8D158D7E404EC8CDA235CC3B7D1898680131CEC2CDF2638C65196279577750F15884AEE19F94199155B92B13297978469D4F8D358DF0AEF7631E28DC8F0D9F437D5D39A83B2231A1D52D543813A824EF8D44BCFF2FA6A31BD1E8DAD87F1CCB526B3879935BF59CDADD5C37479BB1CDD4CA7B3556B516589
310
EF352754B706114D9C885EC9131DE6EFEB43D99AFE2391C2F958179413D7CFEF6B1B6DB1E7600F00DE6E5C67454A339A4BA2E0FBA85ED26F045D454F463DBFCE484C2F90F2E5E3666003662ED8F755951A7D1BECD5B30B550B2785C8E7320B7292A4838DDA71BBC863ED7613CAF659337A3354231D4FF4A182A54904C2898C
310
98B28C4AD0CE056CCF332A80986E571EE9DBC305BB5FEB7E509220A58D25CF042D712A806AC0AD0C657FDEF80D2D9CEAA2EE4D1C76F60BFE74219A06527D6F82DF6412526107381E55E353090704D085B52408A8913C4ED159D79BDA71BB4BC506F4831350EB6F975CD22D69BF7AC49B91A2C0A9DDA3D5CA36AD20FC478E37
310
E61844E2352865EBCB61A275A65283CAAA9DD27703B4102F5AF51EF5F573B75CBB5AD38BC845F7A49F82A0966A49C2E3EA5EA0ECD326CD965F1DB402C6FA8B51A4658C5C5E2EC9E214602E55810345408596591009A82E7E7FFACA19EEA299B14A0081A705CB3296EBC14CDF658DCD336EA6D1136881AAEB87B81AB9EE53D5
310
F5EB8BC8362082DA24122F98680A4E7930C01A0079749CEA14382A0783E5EBA5A10F8C098456A03D6A4AEB6BB881E2513747552A5DB22C7EDAF83BD5528081A365F7FF06504B0304140006080000CC70623B000000000000000000000000350000006662782F41393633353835312D344632462D344230382D423046372D37
310
39314545314133324237412F76657274696365732E62696E504B0304140006080800CC70623BF270F1330600000004000000360000006662782F41393633353835312D344632462D344230382D423046372D3739314545314133324237412F747269616E676C65732E62696E636660600000504B0304140006080000CC7062
310
3B000000000000000000000000370000006662782F41393633353835312D344632462D344230382D423046372D3739314545314133324237412F617474726962757465732E62696E504B0304140006080800CC70623B08DA0BD19000000041010000360000006662782F41393633353835312D344632462D344230382D4230
310
46372D3739314545314133324237412F6469726563746F72792E786D6C858F410AC3201045AF22B36F53E9A60B35CBEEBAE80D244E44489C6234F4F835464A48035D0DF398FF9F8AF63D0E6CC63039F212F8F9020C7D47C6792B21C5FE7403D62A1188E2E60C98D7234A5830286103A55745067B9D86B8A3CF9C7F90C11DE6
310
07FB144396D7B6A82D282E9A152AD114D5EF2CB866EEE831B8EEA07A7BB5A8D7D61A2BAAEB7FD5F70921FF497D00504B0304140006080800CC70623BEDD1DC58FD000000A00100003B0000006662782F41393633353835312D344632462D344230382D423046372D3739314545314133324237412F7265736F75726365732F
310
636F72652E786D6C8D504B6E833010BD0A9A6D65B00922041947112427E8052C33A156828DFCA97AFC9A40A576D7CDCCE87D344F8F9FBFE667F689CE6B6B3A6039850C8DB2A336530731DC4903D95970676DF82583CCC8193B5861107C72362E3BA4AC096842428D1D7107A5F7182053CF7474E0D507CE32973124857FE48B
310
540F3961CEF244279DE03EB81420DB9EAC1384436FA353E879B1B182C7A8C75DA3C7F453DF353A1075D537A7BA6464B8F535A99AE14A9A2BBD90E350DD183B5CFABE3AF262350B1EF4FC9351399401471025A527C218A1E53BAB5A5AB765F5469B96525EACF23FA6B88CFF34456DC2A1DCE36E360F82A5202F42F062ED2BAD
310
579969AFDD8A6F504B010214000A0000080000CC70623B3DEE336E79000000790000001B00000000000000000000000000000000006175746F6465736B2D64657369676E2D7061636B6167652E786D6C504B01021400140006080800CC70623BD486FD9CA0000000F40000001300000000000000000000000000B20000005B
310
436F6E74656E745F54797065735D2E786D6C504B01021400140006080800CC70623B853B8169EB0000007C010000080000000000000000000000000083010000636F72652E786D6C504B01021400140006080800CC70623B55019EA25F0000007C000000070000000000000000000000000094020000636E782E786D6C504B
310
01021400140006080800CC70623BDBABAAF470010000D40300000C00000000000000000000000000180300006662782F636F72652E786D6C504B01021400140006080800CC70623B9C113CC27E0000009D0000000B00000000000000000000000000B20400006662782F636E782E786D6C504B01021400140006080800CC70
310
623B7DF2F77C2A010000120200003100000000000000000000000000590500006662782F41393633353835312D344632462D344230382D423046372D3739314545314133324237412F636F72652E786D6C504B01021400140006080800CC70623BAD7543B64E010000330300003000000000000000000000000000D2060000
310
6662782F41393633353835312D344632462D344230382D423046372D3739314545314133324237412F636E782E786D6C504B01021400140006080800CC70623BE75B7789680500003C10000034000000000000000000000000006E0800006662782F41393633353835312D344632462D344230382D423046372D3739314545
310
314133324237412F6F626A656374732E786D6C504B01021400140006080000CC70623B0000000000000000000000003500000000000000000000000000280E00006662782F41393633353835312D344632462D344230382D423046372D3739314545314133324237412F76657274696365732E62696E504B01021400140006
310
080800CC70623BF270F133060000000400000036000000000000000000000000007B0E00006662782F41393633353835312D344632462D344230382D423046372D3739314545314133324237412F747269616E676C65732E62696E504B01021400140006080000CC70623B0000000000000000000000003700000000000000
310
000000000000D50E00006662782F41393633353835312D344632462D344230382D423046372D3739314545314133324237412F617474726962757465732E62696E504B01021400140006080800CC70623B08DA0BD1900000004101000036000000000000000000000000002A0F00006662782F41393633353835312D344632
310
462D344230382D423046372D3739314545314133324237412F6469726563746F72792E786D6C504B01021400140006080800CC70623BEDD1DC58FD000000A00100003B000000000000000000000000000E1000006662782F41393633353835312D344632462D344230382D423046372D3739314545314133324237412F7265
310
736F75726365732F636F72652E786D6C504B0506000000000E000E0080040000641100000000
  0
XRECORD
  5
1F8
102
{ACAD_REACTORS
330
1F7
102
}
330
1F7
100
AcDbXrecord
280
     1
 70
     1
 90
429727718
  1
30362254-06B7-45E0-A893-8CFA70E3D6BC
310
504B03040A0000080000CC70623B3DEE336E79000000790000001B0000006175746F6465736B2D64657369676E2D7061636B6167652E786D6C3C3F786D6C2076657273696F6E3D22312E302220656E636F64696E673D227574662D3822203F3E3C666F726D6174733E3C666F726D61743E687474703A2F2F736368656D612E
310
6175746F6465736B2E636F6D2F64657369676E2D7061636B6167652F323030393C2F666F726D61743E3C2F666F726D6174733E504B0304140006080800CC70623BD486FD9CA0000000F4000000130000005B436F6E74656E745F54797065735D2E786D6C7D8EC10E82300C865F65E91D8A1E8C310C0EEA1BF002731658846E
310
D98AC1B77784ABF1D8FE5FBFBF75BBCE937A534CCEB38643598122B6FEE978D0B0485F9C41B54DDD7D022595594E1A469170414C76A4D9A4D207E29CF43ECE46F218070CC6BECC4078ACAA135ACF422C856C0E68EA1BF5669944DDD7BCDE7B1F8E415D77AECB980613C2E4AC91FC167A2B244592486606FC29C8FD7F045B9A
310
EF7053A7E60B504B0304140006080800CC70623B1EC5D7A3EB0000007C01000008000000636F72652E786D6C8D90416EC3201045AF82665B6103C6756C6122AB4D4ED00B204C5C94182C03558F5F9C3852BBEB6A467FFE9B197D71FC9E6FE8CBACC17AD7032D0820E3B41FAD9B7A48F1820F808E52ACDEC75F36404ECDA687
310
4D0629A6D5A76597B477D1B89855E747B38B2A041301E95B6E7A08FAD3CCAA50296647B8168BD2573599823EBB0CA76447F43862C7BCCF5EAC59410E4DDD9C7973C2755553CCCFA4C603E3040F1565ED3B1FDE4E432BCA0D9622DAF9795FAF464533826484B498524CD807E51D79ED187F21878E10516EF63F505AC67F42C9
310
BA58B1FDDD071640D2FCC87D2045B96591CB3DA85CB7DCE40F504B0304140006080800CC70623B55019EA25F0000007C00000007000000636E782E786D6C4DCB3B0E80201045D1AD90E915ED2CF8AC45050C11660C8261F98AB1B07AC9C97D42D718D865D3E909258CFD00CCE24AC6E326A164D74DC0B4128928FF32603847
310
2BA13128B1252AC747C6BAB984FC68F0B87FE8960A5C09FE86CFB69FBA01504B0304140006080800CC70623B8C9102E971010000D40300000C0000006662782F636F72652E786D6CC5535B6E833010BC8AE5DF0A6C08340F1947A84D4ED00B38C6A128602363A31CBFCB234A53A551FA553EC09AD9F5CE8C31DB9E9B1AF5CA
310
7695D1198E428A91D2D214952E33ECDD315861B4E5CC1AE3BE9561A445A3323CC098B3D21ADFCE9034DA29ED00D5A6503328BA4E398C640D8B0C77F253352214DE4145770A5B214FA2546114020D759C75CE8200340D19DE981F0F6746269C33EFAB6266AB02A655C74A59CCF365BADC27CB5D902ED22848F6340DF238A141
310
BE88E2F57B92BFEDF23523433367AE6A2EEAA455C2A902F398D2751045018D3FA264435F3771F242571B4A1919CA6F9A7C5B3CD9E42BED16F12C776AEB308F40C848FC700B1139D4891EF410CEC810227CC6846F8386402064270EF5C5C709A05E49676C024C61FC95EA45ED154CA5211D1FF4FB8291A913A68E9B83EBBB33
310
E2A7673CDE118E5AE8124C0807CB8377834E366998436B950D7A7746DAD846D4CFD978E0F04FD455FC5D49D2D4C6FE9722321F10997F0F32DC47FE05504B0304140006080800CC70623BFFEA85907E0000009D0000000B0000006662782F636E782E786D6C4DCCD10A83201886E15B91FFDC95D95A811AB6F23E625948A6C3
310
E9D8E5AF46073BFAE0E1E365ED67B3E8ADC3CB78C7815C7240DA3DFC64DCC221C519D7805AC182F7F1EF06C88D9BE6703008B6049F9E274D7A1E938DBB5AE3D6131B2589BA0D3D965551E0B2EA732C9B9A624AAEB41E3A557677029960D9AFB4EF11165F504B0304140006080800CC70623B4FEEA4082C0100001202000031
310
0000006662782F39464131463745442D413632322D343644302D413938332D3331353338454246344243312F636F72652E786D6C8D515B6EC32010BC0AE2AB55850DD871ED0813254D72825EC00192A2C460F1A872FC42ED48ED5F7E00CDCECCCEB26C731F6FE05B39AFADE921293004CA082BB5B9F43086336A21D870E6AC
310
0D7F68109861543DCC30E4ECE26C9C164858139409093556AA051CBC570102714B8F1E7AF1A5C6A11862480C7F2DA6415C878B2A4891CA89C7990F2E050073937C42DE1DB7E4F87ED8A36D4329AA9B3D46DBAEAD504556557BD81DEBDD0761E52CE42C462D17B996298E3E6BE59E35C962CE821E1FF18553435012728A7187
310
0841987E927A8D9B35ADDF70BBC6989599FE4F1427F9A4286A132ABAC49D651EF234CD5CE04CDA78BA3DC2A8FB645D00B9DF8B57E215725C60BCA2A463E54C4CE327C7A65E1C7DB02E7DEFCBF594B864C5CA6CDBD49C957943E9FA5D5FBAF336F90F504B0304140006080800CC70623BAD7543B64E01000033030000300000
310
006662782F39464131463745442D413632322D343644302D413938332D3331353338454246344243312F636E782E786D6CD593CD6EC32010845F0571AD6CE3D48AD20813A9873E410FBD12D82434182C7EAAE6EDBB2424CD25871E7B41D6EC30B3FA84F9E67BB2E40B4234DE8DB46F1925E094D7C6ED479AD3AE5951B2113C
310
789FEE6C943839C1488B4C05DF079FE72A69D8C96C13AAD6B8631503449F83828872B949AC57D26200B826A308D316B4064D6E46FCDA41C05550DC9E483A00797BFD207EFB092A45DE9514C1BBD22178396BD39D891265658C238DEA00936C654E5E433CB65A26D9F6EDB5EBC14EBF49A45CB856E66048291F6939A9A81BB5
310
C8917738143CA680F4AA299D66A042CEB3354A2684DC9D8D178FE0D9B8B41CAAD720F880EE7EF93C0C18769E099ECC04D5A102C8049A8A05632F4DDF376CF1DE0F6BB65C2F8627B65A33C6BB62177CEBBDAD973006829F89F22E814B54F4BC2BE347F8AA8F681390B50FA73F804400B5F542E796F19FF974E7F78DB802FE05
310
E207504B0304140006080800CC70623B16AB87BA640500003C100000340000006662782F39464131463745442D413632322D343644302D413938332D3331353338454246344243312F6F626A656374732E786D6CAD575B6FA33818FD2B887DE6924B3BED8A326A92B68A663B534DD4D13E548A0C38942D60649B369D5FBFC7
310
600890A493BDE42160637FD7F31D7FF63E6FB3D478A55C242CBF3247B66B1A340F5994E4F19559CA8D75611A9F7D8F33263BCB4C232719BD32D5B4E97B316765A1A722BA21652A07B3B7B33F0D11D29C9A46981221AE4C113ED38CD8A4942CA2E2C58E882476BCD9DA23BB5ED8171B73523C0F841684D35CC252CCE79062D4
310
468DFA43D7747CCF51DF7D4FFDEB5593E3AB9CCA9FBEFE241792E4E19EB28198C968BAB8199F5D5A67D3E9C49A9E8F47D6EC76B6B0469F26EEFC7C3EBFBCBEB98462213924694B38DD98FE1D62C393D073EA4FADC5DAF04326852CCF6958F90F0F2B9BB5C48816348F90C7840A68EB78EDF68723159BCEE7891A6B95DDE9D3
310
BCEAEEE8086A6C6F9E5D4B59F0175C10A7A0820BAA5055C7473B5AE3CFDD452D602CD5DF12616444529E90D448938013FE6EFA58AA96F85E4F8C42275708571E98FE6827AF6B2B4AE3D7D83D64E5A64C53054DD3AF90BD06FEA9149565C94FCA0F6B834DC85599E4F2423B24DF0B6AFA979E534DFA9E7A4CC6FA631D486393
310
921829879BF5D781A373557BCB85E97FB90DB62B558F8795179C15944B051F40AB495CF35451D26A4727654E6D8033BD98EF82F21D91FF8AF2DD9982BCF1643BDD4EB516C9492E368C67C88DED563FC36D5EACF66DFF057C3658BDBFA69DF9578B3DA735B64F18C7F20770A9D45CFCF7FCF563D6456A277DBEF78A02637CA2
310
43B90A490AEAB94F72244481D24819A6C0E59B606BFA4B3025981DBB48EAB701D97BF19C577CC77F2D1B6C55A9EF3C732474C0B727303F625995056C3B02963D9EAC146BE78EC5FCEC7FA999EBC5EACBAAE41B12D27B4D2C0BBA49F244E2ECDC81B76B502F113D8F5EE8FB1BE3111CDD4FC2AA9B844CAB1288B68AB90A7CDC
310
1C166AB0D3DC5310625FCC14E779BFD0709F8890A629C9292B1B2DED31A4B0DA928CEE135085754027E3018A397D4D5427D15BD1330B677DC8934285AC3DF45A9EB68FF8F2B8FC0A509AFEECFD0FF2DE25CC6047F7214B195F07EFEB9A094D800F7BFAE8FED187B78EA8A3A400F115961BCAD1215E47C966530AF0EE8128FE
310
58CEBB996A8964FFA529A046635D9353B0336A8F700DDF46271A024E70B0B37C9DE01847591E54DED53D54202AB947E4076556AC49C6CA5C9E1226B7F1A7B1BE15DEED62C41B91E1B3E9AFAAA735036547343A925075041DF0A9979E893B391F8FCFA6967B3EFB644DCF6E5CEBFAE272625DCC6FAF3FB93793C5F90CE1EF57
310
407342756B10D1C489E8953CD1617E5CEECAD6F4EF8914CE5D5D504E5C3F1F9736DA62CFC11E00BCDDB8CC8A9466349744C1F75EBDA4DF09BA8A9E8C7A7E9991989E20E5DBDD6A6003664ED8F7A04A8DBE0DF6EAD9B9AA858342E47399053949D2C146EDB85DE4B176BB0965FBAC19BD19AA918E27FA50C1D22402E144464C
310
59462568E704B6E71915404CB72B8FF4EDE184DDAF753F284990D2C6926782963815403548A70C657FDEF80D2D9CEAA2AE4C1C76F60BFE74219A06527D6582DF6412526107381E55E353090704D085B52408D0933C4ED159D79BDA71BB4BC506F4831350EB6F979CD22D69BF7AC49B91A2C0A9DDA3D5CA36AD20FC478E37E6
310
1844E2352865EBCB6EA275A652E3836BE04EFB400BF1A2556F515F1FBB35B2AB35BD889C744FFA1004B5544B121E57F70215746DD2F5E2C1412B602CBF19455AC6C8E5E9922C4E01E65215385004546899059180EAFCF7A707CE7017CD8CDB0410789AB32C63B91E5CEBBBACB17AC6CD347A022D5075FD106377347AAABA7E
310
7D11590744509B44E205134DC1290F06580320F78E537D3D73540E06CB970B431F185308AD40BBD794D6D77003C5A36E8EAA54BA64597CD8F83BD552A080A365F7FF06504B0304140006080000CC70623B000000000000000000000000350000006662782F39464131463745442D413632322D343644302D413938332D3331
310
353338454246344243312F76657274696365732E62696E504B0304140006080800CC70623BF270F1330600000004000000360000006662782F39464131463745442D413632322D343644302D413938332D3331353338454246344243312F747269616E676C65732E62696E636660600000504B0304140006080000CC70623B
310
000000000000000000000000370000006662782F39464131463745442D413632322D343644302D413938332D3331353338454246344243312F617474726962757465732E62696E504B0304140006080800CC70623B08DA0BD19000000041010000360000006662782F39464131463745442D413632322D343644302D413938
310
332D3331353338454246344243312F6469726563746F72792E786D6C858F410AC3201045AF22B36F53E9A60B35CBEEBAE80D244E44489C6234F4F835464A48035D0DF398FF9F8AF63D0E6CC63039F212F8F9020C7D47C6792B21C5FE7403D62A1188E2E60C98D7234A5830286103A55745067B9D86B8A3CF9C7F90C11DE607
310
FB144396D7B6A82D282E9A152AD114D5EF2CB866EEE831B8EEA07A7BB5A8D7D61A2BAAEB7FD5F70921FF497D00504B0304140006080800CC70623B0D6EF93BFE000000A00100003B0000006662782F39464131463745442D413632322D343644302D413938332D3331353338454246344243312F7265736F75726365732F63
310
6F72652E786D6C8D50596E833010BD0A9ADFCA60B334011947A8694ED00B586642AC041B79A97AFC9A40A5F6AF3F33A3B7689E1E3F7DCD8FEC139DD7D6F4C0720A191A65476DA61E62B892236427C19DB5E1970C322367EC618541F0C9D9B8EC90B226A009093576C41D94DE63804C3DD2D18357379C652E63480A7FCF17A9
310
EE72C29CE5894E3AC17D702940B63D59270887DE46A7D0F36263058F518FBB468FE9A7BE6A7420864373B8D4873369AA8691FA421B3294352543C5CAF65C0F6FEF43CB8BD52C78D0F34F46E550061C419494B6843142CB0F5677F4B52BEB177AEC28E5C52AFF638ACBF84F53D42654E51E77B379102C05791282176B5F693D
310
CB4C7BED567C03504B010214000A0000080000CC70623B3DEE336E79000000790000001B00000000000000000000000000000000006175746F6465736B2D64657369676E2D7061636B6167652E786D6C504B01021400140006080800CC70623BD486FD9CA0000000F40000001300000000000000000000000000B20000005B
310
436F6E74656E745F54797065735D2E786D6C504B01021400140006080800CC70623B1EC5D7A3EB0000007C010000080000000000000000000000000083010000636F72652E786D6C504B01021400140006080800CC70623B55019EA25F0000007C000000070000000000000000000000000094020000636E782E786D6C504B
310
01021400140006080800CC70623B8C9102E971010000D40300000C00000000000000000000000000180300006662782F636F72652E786D6C504B01021400140006080800CC70623BFFEA85907E0000009D0000000B00000000000000000000000000B30400006662782F636E782E786D6C504B01021400140006080800CC70
310
623B4FEEA4082C0100001202000031000000000000000000000000005A0500006662782F39464131463745442D413632322D343644302D413938332D3331353338454246344243312F636F72652E786D6C504B01021400140006080800CC70623BAD7543B64E010000330300003000000000000000000000000000D5060000
310
6662782F39464131463745442D413632322D343644302D413938332D3331353338454246344243312F636E782E786D6C504B01021400140006080800CC70623B16AB87BA640500003C1000003400000000000000000000000000710800006662782F39464131463745442D413632322D343644302D413938332D3331353338
310
454246344243312F6F626A656374732E786D6C504B01021400140006080000CC70623B0000000000000000000000003500000000000000000000000000270E00006662782F39464131463745442D413632322D343644302D413938332D3331353338454246344243312F76657274696365732E62696E504B01021400140006
310
080800CC70623BF270F133060000000400000036000000000000000000000000007A0E00006662782F39464131463745442D413632322D343644302D413938332D3331353338454246344243312F747269616E676C65732E62696E504B01021400140006080000CC70623B0000000000000000000000003700000000000000
310
000000000000D40E00006662782F39464131463745442D413632322D343644302D413938332D3331353338454246344243312F617474726962757465732E62696E504B01021400140006080800CC70623B08DA0BD190000000410100003600000000000000000000000000290F00006662782F39464131463745442D413632
310
322D343644302D413938332D3331353338454246344243312F6469726563746F72792E786D6C504B01021400140006080800CC70623B0D6EF93BFE000000A00100003B000000000000000000000000000D1000006662782F39464131463745442D413632322D343644302D413938332D3331353338454246344243312F7265
310
736F75726365732F636F72652E786D6C504B0506000000000E000E0080040000641100000000
  0
XRECORD
  5
175
102
{ACAD_REACTORS
330
173
102
}
330
173
100
AcDbXrecord
280
     1
270
     1
271
     1
  0
XRECORD
  5
174
102
{ACAD_REACTORS
330
173
102
}
330
173
100
AcDbXrecord
280
     1
270
     1
271
     1
  0
XRECORD
  5
1FB
102
{ACAD_REACTORS
330
173
102
}
330
173
100
AcDbXrecord
280
     1
 70
     0
 90
1673772943
  1
ECE7A1D2-D628-4531-984C-D00F80459256
310
504B03040A0000080000CC70623B3DEE336E79000000790000001B0000006175746F6465736B2D64657369676E2D7061636B6167652E786D6C3C3F786D6C2076657273696F6E3D22312E302220656E636F64696E673D227574662D3822203F3E3C666F726D6174733E3C666F726D61743E687474703A2F2F736368656D612E
310
6175746F6465736B2E636F6D2F64657369676E2D7061636B6167652F323030393C2F666F726D61743E3C2F666F726D6174733E504B0304140006080800CC70623BD486FD9CA0000000F4000000130000005B436F6E74656E745F54797065735D2E786D6C7D8EC10E82300C865F65E91D8A1E8C310C0EEA1BF002731658846E
310
D98AC1B77784ABF1D8FE5FBFBF75BBCE937A534CCEB38643598122B6FEE978D0B0485F9C41B54DDD7D022595594E1A469170414C76A4D9A4D207E29CF43ECE46F218070CC6BECC4078ACAA135ACF422C856C0E68EA1BF5669944DDD7BCDE7B1F8E415D77AECB980613C2E4AC91FC167A2B244592486606FC29C8FD7F045B9A
310
EF7053A7E60B504B0304140006080800CC70623BD9DDAED0EC0000007C01000008000000636F72652E786D6C8D90416EC3201045AF82665B61836D9CD8C2444DD39CA01740405C94182C03558F5F9C3852BBEB6A467FFE9B197D7EF89E6EE8CB2CC17A37002D0820E394D7D68D03A478C17B4007C117EFE32F1B20272733C0
310
2A83E0E3E2D3BC49CABB685CCCAAF3DA6CA20CC14440EA969B0182FA34932C648AD911AEC52CD5558EA6A0CF2EC329598D1E47ACCEFBECC59A050463A7EA5833865FEBDD0E37353BE3EE8DBDE3F6786A48D375FBF6CC78B9C282473B3DEFABC5C86834888A900E538A49F5419B9EB47DD5BC907D4F082F57FB1F28CDFA9F50
310
B22ED6D5F6EE030B20687EE43E10BC5CB3C8E51E54AE6B6EE207504B0304140006080800CC70623B55019EA25F0000007C00000007000000636E782E786D6C4DCB3B0E80201045D1AD90E915ED2CF8AC45050C11660C8261F98AB1B07AC9C97D42D718D865D3E909258CFD00CCE24AC6E326A164D74DC0B4128928FF326038
310
472BA13128B1252AC747C6BAB984FC68F0B87FE8960A5C09FE86CFB69FBA01504B0304140006080800CC70623BA24EB22D72010000D40300000C0000006662782F636F72652E786D6CC5535B6E833010BC8AE5DF0A6C5E49888CA3A6694ED00B38E05014B091B1518EDFE511A5A9D228FD2A1F60CDEC7A67C6986DCE4D8D7A
310
69BA4AAB0C073EC548AA5C17952A33ECECD15B61B4E1CC686DBF9561A44423333CC098B3D268D7CE50AE9595CA02AA74216750749DB418E5352C32DCE59FB211BE70162ABA93DF8AFC244AE9073ED050C759670D0840D390E18DF9F1706664C23973AE2A66B62A605A75ACA4C13C4976E1364A12EF355A2EBD384AF65EFA96
310
BC7B8BED2EA6719AAE16FB8491A199335B351775B991C2CA02F390D2D40B028F861F41BCA68B7518BFD0D59A524686F29B26D7164F36B94AD9289CE54E6D1DE6010819891F6E21228B3AD1831EC219194284CF98F06DD01008846CC5A1BEF83801D4CBDC6A1303536877A57A513B0953A94FC707FDBE6064EA84A9E3E6E0FA
310
EE8CF0E9198F7784A316AA0413C2C2F2E0ECA0934D1AE6D05A69BCDE9E91D2A611F573361E38FC1375157F5752AE6B6DFE4B11990F88CCBF0719EE23FF02504B0304140006080800CC70623B408A7D3B7C0000009D0000000B0000006662782F636E782E786D6C4DCCD10A83201886E15B91FFDC552A92A0064DBC8F581632
310
D3703A76F9ABD1C18E3E78F878E5F0D9027ABBFCF2292AE86E2D20171F69F6715550CB827B40839639A5F2770314A7CD293819B45C73AAFB45B35BA61ACAA1C1C7E7855C58C15BC331339661262CC762340413D68D77DA5B42298546CBE6573AF60CEB2F504B0304140006080800CC70623B449FB9BD290100001202000031
310
0000006662782F36394639363044362D344446342D343946362D394244322D3234314243333846323333332F636F72652E786D6C8D515B6EC32010BC0AE22B55850D98B871848994463E412FE002495162B07854397EA176A4F62F3F2C9A9D991D587EB84F37F0AD7D30CEF6905418026DA553C65E7A98E219ED203808EE9D
310
8B7F6810D871D23D2C3014FCE25D9A57483A1BB58D19B54EE9151C43D0110279CB971E06F9A5A7B11A53CC8C70ADE6515EC78BAE4895DB992778883E0700CB907242D17643D7E2538BD869608875438BBAE38922CAC8F1BDD90DB4691A5E2F42C153326A951B95E398B3D1FE599322163C9AE9115F7A3D46ADA0A018778810
310
84E907617BDCEE297BC5BB3DC6BC2EF47FA234AB2745C9D8D8D035EE220B50105E2F0DC1954B9FB747187D9F9D8FA0CCDB042D5FA0C015C65B42DF78BD10F3F3B363CB56C7109DCFDFBBB97E662ED92EB62D13BC2E1BCAE5777DB9966D8A1F504B0304140006080800CC70623BAD7543B64E01000033030000300000006662
310
782F36394639363044362D344446342D343946362D394244322D3234314243333846323333332F636E782E786D6CD593CD6EC32010845F0571AD6CE3D48AD20813A9873E410FBD12D82434182C7EAAE6EDBB2424CD25871E7B41D6EC30B3FA84F9E67BB2E40B4234DE8DB46F1925E094D7C6ED479AD3AE5951B2113C789FEE
310
6C943839C1488B4C05DF079FE72A69D8C96C13AAD6B8631503449F83828872B949AC57D26200B826A308D316B4064D6E46FCDA41C05550DC9E483A00797BFD207EFB092A45DE9514C1BBD22178396BD39D891265658C238DEA00936C654E5E433CB65A26D9F6EDB5EBC14EBF49A45CB856E66048291F6939A9A81BB5C89177
310
38143CA680F4AA299D66A042CEB3354A2684DC9D8D178FE0D9B8B41CAAD720F880EE7EF93C0C18769E099ECC04D5A102C8049A8A05632F4DDF376CF1DE0F6BB65C2F8627B65A33C6BB62177CEBBDAD973006829F89F22E814B54F4BC2BE347F8AA8F681390B50FA73F804400B5F542E796F19FF974E7F78DB802FE05E20750
310
4B0304140006080800CC70623B8D05915C650500003B100000340000006662782F36394639363044362D344446342D343946362D394244322D3234314243333846323333332F6F626A656374732E786D6CAD575B6FA33814FE2B887D06429276DA1565D4266D158D3A339A6846FB502932E050B66023DB74D2FDF5FB190C01
310
9276B2973C046C8ECFF53B17071F77456EBD502133CEAE6CDF9DD81665314F32965ED995DA3A17B6F5310C04E7AA47665B8C14F4CAD6DB7618A48257A5D94AE89654B91AEDDEDDFC61C998326A5B714EA4BCB265FC440BE2924AF184CA6737218AB8E976E7FA6E4338649B0A523E8D98964450A6A029F619B8588D52FE7039
310
B1BD30F0F4F730D0FF866AF6369557DB33949F31A9088B0F848DD8CCFCF9F2767A76E99CCDE733677E3EF59D9BBB9BA5E37F984D16E78BC5E5F5ED25044B25C0C96822E8D60EEFE11B91C581D77CEA34368A1F5329E68CD1B8B61F16D63A1B8E092D294B10C78C4A48EB593D192E7DED9BDEE7995E1B91FDEDD3ACEA9FE831
310
6A756F9F7D4D79F4274C90A7A04248AA51D5F8C718DAE06FB2F75AC4796EBE65D22A88A22223B995679120E2D50E41AA49C260C046A35368846B0BECD0DFF3EBEB8AD4F835768F69B9ADF25C43D30E6B646F807FAA64AD59F61715C7A54127C4AACA98BA3006A9D792DAE165E0D59B61A01FB3A9F9D838D2DAE62445C86166
310
F37564E842E7DE6A69879FEEA2DD5AE7E371E1A5E025154AC307D06A03D73EB5978C58FFA4C8E9033066E0F3BD53BEC1F39F91BE7B55103791EDE6BBB991A2046172CB4581D8B893FA674DDA17A77B3B7C413D1B511FD2743BFF8A38F03A658705E3ADF8015C3A3417FF3D7E439FF591DA0B5F18BC20C1B8981957AE6392A3
310
F43C640C01D1A0B4728E2DD4F26DB4B3C3152A252A3B4E913CEC1C72F012782FF88EFF8637AA552DBEF76408E8A8DE9E50F9E1CB3A2DA0DB1B6039A893B56063DC5B3E3FFB5F72E67AB9FEB4AEC496C4F4C1149625DD662C53E89D7BF0F6151A046260D1337DFDC94502430F83B0EE07A130A224BCAD7DAE1D9FB6CD422FF6
310
920702629C4BB9AE79C12F243C6432A6794E18E5552BA56B431AAB5D91317302B2B071E86C3A42B1A02F999E24061403B5D0EB639195DA655DD3EBEAB4FB862DDF579F014AD0E73C22F99E28DA57FB98E75C6CA2D74D53086D600F4786E0FE3144B771A8A7B900F03594DB8A633CBC49B2EDB69228BB479CF863B5E807AAAB
310
23872F6DFEB4129B949CA33823F58830E86D65621E10047D9DB34D862E8EAC3C2ABC2F7B2C40D67CDFE01F5545B92105AF983AC54D93D69E56FB8E797F88913F898A9FEC705D3F9D1B54EC8426FB500D40A03BD0119B06E1B95DDC7EB8F6975367793EBD70E66733DFB9BC982F9CE564727731999F5D4ECFCE3B8D6A4DC2A0
310
6D50FD148437D110834A64C6CDDF57FBACB5C307A2A477DFE4939736CFEF2B175371E0E10CF0DD1D5C15654E0BCA14D1E87DD02FF93782A162C0A3D95F1524A52770F972BF1EE9809D13CE7DD599467F8ECE9ADD85CE85A34CD45355448C64F9E8A031DC2D596ACC6E5DD93D9B82DE2EF5CAF81363A8E47996A0DE24564A79
310
4115AACE09C55E14540231FDA13C319787134EBF34E3A022514E5B4D9E0826E25C02D5805B15ABE1BEF51B26383D445DD9E875EE33FE4C22DA16427D65A3BCA92CA6D28DD01DF5DC53330704308475351050232CCD31583787BA75774AFB06E5070DD0C8EF484E19968C5D83BA5B90B244D31E54D55A372320FE4786B7EA58
310
44E135AA5467CB7EA333A61683CC6A8C3257034C10CF46F40EF9F5BE59BE5BD30C3C72D235E95D10345C1D45445A5F0BB47E46A5EBE5570F9380B5FA629579952296A773720405982B9DE04011506178964401AA8BDF1FBF0A8EAB6861DD6580C0E38217056766716DAEB2D6FA0917D3E4116581EADB879C4E7CFFB11EFACD
310
3D641311495D92C8676CB409A72D18610D803CE8A626049E8EC1887CB5B44CC39883690DDA8399B4B9855B481E7D71D4A9D22F96E5BB73BF5793020C02137BF837504B0304140006080000CC70623B000000000000000000000000350000006662782F36394639363044362D344446342D343946362D394244322D32343142
310
43333846323333332F76657274696365732E62696E504B0304140006080800CC70623BF270F1330600000004000000360000006662782F36394639363044362D344446342D343946362D394244322D3234314243333846323333332F747269616E676C65732E62696E636660600000504B0304140006080000CC70623B0000
310
00000000000000000000370000006662782F36394639363044362D344446342D343946362D394244322D3234314243333846323333332F617474726962757465732E62696E504B0304140006080800CC70623B08DA0BD19000000041010000360000006662782F36394639363044362D344446342D343946362D394244322D
310
3234314243333846323333332F6469726563746F72792E786D6C858F410AC3201045AF22B36F53E9A60B35CBEEBAE80D244E44489C6234F4F835464A48035D0DF398FF9F8AF63D0E6CC63039F212F8F9020C7D47C6792B21C5FE7403D62A1188E2E60C98D7234A5830286103A55745067B9D86B8A3CF9C7F90C11DE607FB14
310
4396D7B6A82D282E9A152AD114D5EF2CB866EEE831B8EEA07A7BB5A8D7D61A2BAAEB7FD5F70921FF497D00504B0304140006080800CC70623BCA768048FE000000A00100003B0000006662782F36394639363044362D344446342D343946362D394244322D3234314243333846323333332F7265736F75726365732F636F72
310
652E786D6C8D50596E833010BD0A9ADFCA60D600328E9AA639412F609909B1126CE4A5EAF16B0295DABFFECC8CDEA2797AECF8353F924FB44E193D409E5248504B332A3D0D10FC95B4901C39B3C6F85F3248B49871801506CE266BC2B243D2688FDA47549B11775038871E12F988C7004EDE7016A9083E2ADC3D5D84BC8B09
310
D33C8D74D471E6BC8D0192EDC93A815B742658898E651BCB59086ADC356A8C3FD555A1055ED7E7E254D615792D0F075295F585746FF53B694EE78A565DD736979A65AB9933AFE69F8CD2A2F038022F28ED489E135A7CE4554F9BBEA85E68DB53CAB255FEC71496F19FA6A0B42F8B3DEE6673C0F318E4497096AD7DC5F52C33
310
EEB55BFE0D504B010214000A0000080000CC70623B3DEE336E79000000790000001B00000000000000000000000000000000006175746F6465736B2D64657369676E2D7061636B6167652E786D6C504B01021400140006080800CC70623BD486FD9CA0000000F40000001300000000000000000000000000B20000005B436F
310
6E74656E745F54797065735D2E786D6C504B01021400140006080800CC70623BD9DDAED0EC0000007C010000080000000000000000000000000083010000636F72652E786D6C504B01021400140006080800CC70623B55019EA25F0000007C000000070000000000000000000000000095020000636E782E786D6C504B0102
310
1400140006080800CC70623BA24EB22D72010000D40300000C00000000000000000000000000190300006662782F636F72652E786D6C504B01021400140006080800CC70623B408A7D3B7C0000009D0000000B00000000000000000000000000B50400006662782F636E782E786D6C504B01021400140006080800CC70623B
310
449FB9BD290100001202000031000000000000000000000000005A0500006662782F36394639363044362D344446342D343946362D394244322D3234314243333846323333332F636F72652E786D6C504B01021400140006080800CC70623BAD7543B64E010000330300003000000000000000000000000000D20600006662
310
782F36394639363044362D344446342D343946362D394244322D3234314243333846323333332F636E782E786D6C504B01021400140006080800CC70623B8D05915C650500003B10000034000000000000000000000000006E0800006662782F36394639363044362D344446342D343946362D394244322D32343142433338
310
46323333332F6F626A656374732E786D6C504B01021400140006080000CC70623B0000000000000000000000003500000000000000000000000000250E00006662782F36394639363044362D344446342D343946362D394244322D3234314243333846323333332F76657274696365732E62696E504B010214001400060808
310
00CC70623BF270F13306000000040000003600000000000000000000000000780E00006662782F36394639363044362D344446342D343946362D394244322D3234314243333846323333332F747269616E676C65732E62696E504B01021400140006080000CC70623B00000000000000000000000037000000000000000000
310
00000000D20E00006662782F36394639363044362D344446342D343946362D394244322D3234314243333846323333332F617474726962757465732E62696E504B01021400140006080800CC70623B08DA0BD190000000410100003600000000000000000000000000270F00006662782F36394639363044362D344446342D
310
343946362D394244322D3234314243333846323333332F6469726563746F72792E786D6C504B01021400140006080800CC70623BCA768048FE000000A00100003B000000000000000000000000000B1000006662782F36394639363044362D344446342D343946362D394244322D3234314243333846323333332F7265736F
310
75726365732F636F72652E786D6C504B0506000000000E000E0080040000621100000000
  0
XRECORD
  5
176
102
{ACAD_REACTORS
330
173
102
}
330
173
100
AcDbXrecord
280
     1
270
     1
271
     1
  0
XRECORD
  5
177
102
{ACAD_REACTORS
330
173
102
}
330
173
100
AcDbXrecord
280
     1
270
     1
271
     1
  0
CELLSTYLEMAP
  5
589
102
{ACAD_REACTORS
330
162
102
}
330
162
100
AcDbCellStyleMap
 90
        3
300
CELLSTYLE
  1
TABLEFORMAT_BEGIN
 90
        5
170
     1
 91
        0
 92
    32768
 62
   257
 93
        1
300
CONTENTFORMAT
  1
CONTENTFORMAT_BEGIN
 90
        0
 91
        0
 92
      512
 93
        0
300

 40
0.0
140
1.0
 94
        5
 62
     0
340
11
144
6.0
309
CONTENTFORMAT_END
171
     1
301
MARGIN
  1
CELLMARGIN_BEGIN
 40
1.5
 40
1.5
 40
1.5
 40
1.5
 40
4.5
 40
4.5
309
CELLMARGIN_END
 94
        6
 95
        1
302
GRIDFORMAT
  1
GRIDFORMAT_BEGIN
 90
        0
 91
        1
 62
     0
 92
       -2
340
14
 93
        0
 40
1.125
309
GRIDFORMAT_END
 95
        2
302
GRIDFORMAT
  1
GRIDFORMAT_BEGIN
 90
        0
 91
        1
 62
     0
 92
       -2
340
14
 93
        0
 40
1.125
309
GRIDFORMAT_END
 95
        4
302
GRIDFORMAT
  1
GRIDFORMAT_BEGIN
 90
        0
 91
        1
 62
     0
 92
       -2
340
14
 93
        0
 40
1.125
309
GRIDFORMAT_END
 95
        8
302
GRIDFORMAT
  1
GRIDFORMAT_BEGIN
 90
        0
 91
        1
 62
     0
 92
       -2
340
14
 93
        0
 40
1.125
309
GRIDFORMAT_END
 95
       16
302
GRIDFORMAT
  1
GRIDFORMAT_BEGIN
 90
        0
 91
        1
 62
     0
 92
       -2
340
14
 93
        0
 40
1.125
309
GRIDFORMAT_END
 95
       32
302
GRIDFORMAT
  1
GRIDFORMAT_BEGIN
 90
        0
 91
        1
 62
     0
 92
       -2
340
14
 93
        0
 40
1.125
309
GRIDFORMAT_END
309
TABLEFORMAT_END
  1
CELLSTYLE_BEGIN
 90
        1
 91
        1
300
_TITLE
309
CELLSTYLE_END
300
CELLSTYLE
  1
TABLEFORMAT_BEGIN
 90
        5
170
     1
 91
        0
 92
        0
 62
   257
 93
        1
300
CONTENTFORMAT
  1
CONTENTFORMAT_BEGIN
 90
        0
 91
        0
 92
      512
 93
        0
300

 40
0.0
140
1.0
 94
        5
 62
     0
340
11
144
4.5
309
CONTENTFORMAT_END
171
     1
301
MARGIN
  1
CELLMARGIN_BEGIN
 40
1.5
 40
1.5
 40
1.5
 40
1.5
 40
4.5
 40
4.5
309
CELLMARGIN_END
 94
        6
 95
        1
302
GRIDFORMAT
  1
GRIDFORMAT_BEGIN
 90
        0
 91
        1
 62
     0
 92
       -2
340
14
 93
        0
 40
1.125
309
GRIDFORMAT_END
 95
        2
302
GRIDFORMAT
  1
GRIDFORMAT_BEGIN
 90
        0
 91
        1
 62
     0
 92
       -2
340
14
 93
        0
 40
1.125
309
GRIDFORMAT_END
 95
        4
302
GRIDFORMAT
  1
GRIDFORMAT_BEGIN
 90
        0
 91
        1
 62
     0
 92
       -2
340
14
 93
        0
 40
1.125
309
GRIDFORMAT_END
 95
        8
302
GRIDFORMAT
  1
GRIDFORMAT_BEGIN
 90
        0
 91
        1
 62
     0
 92
       -2
340
14
 93
        0
 40
1.125
309
GRIDFORMAT_END
 95
       16
302
GRIDFORMAT
  1
GRIDFORMAT_BEGIN
 90
        0
 91
        1
 62
     0
 92
       -2
340
14
 93
        0
 40
1.125
309
GRIDFORMAT_END
 95
       32
302
GRIDFORMAT
  1
GRIDFORMAT_BEGIN
 90
        0
 91
        1
 62
     0
 92
       -2
340
14
 93
        0
 40
1.125
309
GRIDFORMAT_END
309
TABLEFORMAT_END
  1
CELLSTYLE_BEGIN
 90
        2
 91
        1
300
_HEADER
309
CELLSTYLE_END
300
CELLSTYLE
  1
TABLEFORMAT_BEGIN
 90
        5
170
     1
 91
        0
 92
        0
 62
   257
 93
        1
300
CONTENTFORMAT
  1
CONTENTFORMAT_BEGIN
 90
        0
 91
        0
 92
      512
 93
        0
300

 40
0.0
140
1.0
 94
        2
 62
     0
340
11
144
4.5
309
CONTENTFORMAT_END
171
     1
301
MARGIN
  1
CELLMARGIN_BEGIN
 40
1.5
 40
1.5
 40
1.5
 40
1.5
 40
4.5
 40
4.5
309
CELLMARGIN_END
 94
        6
 95
        1
302
GRIDFORMAT
  1
GRIDFORMAT_BEGIN
 90
        0
 91
        1
 62
     0
 92
       -2
340
14
 93
        0
 40
1.125
309
GRIDFORMAT_END
 95
        2
302
GRIDFORMAT
  1
GRIDFORMAT_BEGIN
 90
        0
 91
        1
 62
     0
 92
       -2
340
14
 93
        0
 40
1.125
309
GRIDFORMAT_END
 95
        4
302
GRIDFORMAT
  1
GRIDFORMAT_BEGIN
 90
        0
 91
        1
 62
     0
 92
       -2
340
14
 93
        0
 40
1.125
309
GRIDFORMAT_END
 95
        8
302
GRIDFORMAT
  1
GRIDFORMAT_BEGIN
 90
        0
 91
        1
 62
     0
 92
       -2
340
14
 93
        0
 40
1.125
309
GRIDFORMAT_END
 95
       16
302
GRIDFORMAT
  1
GRIDFORMAT_BEGIN
 90
        0
 91
        1
 62
     0
 92
       -2
340
14
 93
        0
 40
1.125
309
GRIDFORMAT_END
 95
       32
302
GRIDFORMAT
  1
GRIDFORMAT_BEGIN
 90
        0
 91
        1
 62
     0
 92
       -2
340
14
 93
        0
 40
1.125
309
GRIDFORMAT_END
309
TABLEFORMAT_END
  1
CELLSTYLE_BEGIN
 90
        3
 91
        2
300
_DATA
309
CELLSTYLE_END
  0
ENDSEC
  0
SECTION
  2
ACDSDATA
 70
     2
 71
     8
  0
ACDSSCHEMA
 90
        0
  1
AcDb_Thumbnail_Schema
  2
AcDbDs::ID
280
    10
 91
        8
  2
Thumbnail_Data
280
    15
 91
        0
101
ACDSRECORD
 95
        0
 90
        1
  2
AcDbDs::TreatedAsObjectData
280
     1
291
     1
101
ACDSRECORD
 95
        0
 90
        2
  2
AcDbDs::Legacy
280
     1
291
     1
101
ACDSRECORD
  1
AcDbDs::ID
 90
        3
  2
AcDs:Indexable
280
     1
291
     1
101
ACDSRECORD
  1
AcDbDs::ID
 90
        4
  2
AcDbDs::HandleAttribute
280
     7
282
     1
  0
ACDSSCHEMA
 90
        1
  1
AcDbDs::TreatedAsObjectDataSchema
  2
AcDbDs::TreatedAsObjectData
280
     1
 91
        0
  0
ACDSSCHEMA
 90
        2
  1
AcDbDs::LegacySchema
  2
AcDbDs::Legacy
280
     1
 91
        0
  0
ACDSSCHEMA
 90
        3
  1
AcDbDs::IndexedPropertySchema
  2
AcDs:Indexable
280
     1
 91
        0
  0
ACDSSCHEMA
 90
        4
  1
AcDbDs::HandleAttributeSchema
  2
AcDbDs::HandleAttribute
280
     7
 91
        1
284
     1
  0
ACDSSCHEMA
 90
        5
  1
AcDb3DSolid_ASM_Data
  2
AcDbDs::ID
280
    10
 91
        8
  2
ASM_Data
280
    15
 91
        0
101
ACDSRECORD
 95
        5
 90
        1
  2
AcDbDs::TreatedAsObjectData
280
     1
291
     1
101
ACDSRECORD
 95
        5
 90
        2
  2
AcDbDs::Legacy
280
     1
291
     1
101
ACDSRECORD
  1
AcDbDs::ID
 90
        3
  2
AcDs:Indexable
280
     1
291
     1
101
ACDSRECORD
  1
AcDbDs::ID
 90
        4
  2
AcDbDs::HandleAttribute
280
     7
282
     1
  0
ACDSRECORD
 90
        0
  2
AcDbDs::ID
280
    10
320
22
  2
Thumbnail_Data
280
    15
 94
     1884
310
89504E470D0A1A0A0000000D494844520000010000000076080300000010A0BD3C00000300504C5445212830FFFFFF2128300000000000000000000000000000000000000000000000000000330000660000990000CC0000FF0033000033330033660033990033CC0033FF0066000066330066660066990066CC0066FF0099
310
000099330099660099990099CC0099FF00CC0000CC3300CC6600CC9900CCCC00CCFF00FF0000FF3300FF6600FF9900FFCC00FFFF3300003300333300663300993300CC3300FF3333003333333333663333993333CC3333FF3366003366333366663366993366CC3366FF3399003399333399663399993399CC3399FF33CC00
310
33CC3333CC6633CC9933CCCC33CCFF33FF0033FF3333FF6633FF9933FFCC33FFFF6600006600336600666600996600CC6600FF6633006633336633666633996633CC6633FF6666006666336666666666996666CC6666FF6699006699336699666699996699CC6699FF66CC0066CC3366CC6666CC9966CCCC66CCFF66FF0066
310
FF3366FF6666FF9966FFCC66FFFF9900009900339900669900999900CC9900FF9933009933339933669933999933CC9933FF9966009966339966669966999966CC9966FF9999009999339999669999999999CC9999FF99CC0099CC3399CC6699CC9999CCCC99CCFF99FF0099FF3399FF6699FF9999FFCC99FFFFCC0000CC00
310
33CC0066CC0099CC00CCCC00FFCC3300CC3333CC3366CC3399CC33CCCC33FFCC6600CC6633CC6666CC6699CC66CCCC66FFCC9900CC9933CC9966CC9999CC99CCCC99FFCCCC00CCCC33CCCC66CCCC99CCCCCCCCCCFFCCFF00CCFF33CCFF66CCFF99CCFFCCCCFFFFFF0000FF0033FF0066FF0099FF00CCFF00FFFF3300FF3333
310
FF3366FF3399FF33CCFF33FFFF6600FF6633FF6666FF6699FF66CCFF66FFFF9900FF9933FF9966FF9999FF99CCFF99FFFFCC00FFCC33FFCC66FFCC99FFCCCCFFCCFFFFFF00FFFF33FFFF66FFFF99FFFFCCFFFFFF0000000D0D0D1A1A1A2828283535354343435050505D5D5D6B6B6B787878868686939393A1A1A1AEAEAEBB
310
BBBBC9C9C9D6D6D6E4E4E4F1F1F1FFFFFF0000000000000000000000000000000000000000000000000000000000002E4550F1000002804944415478DAED9A499283300C457521DF7FA98577FF54ED2121E081246D77B505FF55866E42A5E2872C1981C85B209F822FF73702AA31E176026E1F011440011440011440011440
310
01144001144001144001144001144001BF1400A30266354501981480E3A0D01BE33B0161FC1E378E00A0EFEEFA3920467F08006FD0C02401E111866F3111CE11A02ADE68259822000AB55A0BA70850886E7510771490C7DF2C2A7728833808306660C64248D3E3F5396E1601BB0030380926E4801C003B01A60C4C11A0FB0F
310
8C1918178042803103E302F629D0601A982140A51260C7C0B000D4024C19181650CF005B936054402B004C85C0DF0830646054407306DC48402700E21985B7D1261E14D00B80D823F45EFCFA0E86053433401E3F529F6C710563021EBDB0BA0678EC4EAC970E833101B917564889FFC643EFE10F31714101506DAE02D3787D
310
BC54B01BF8A20EC604489902725B34BD841C0039E680151D0C0A48390087E1BF76F48D1CB09C82193960DF0CEAB4C6D69D0AC35560CB8245C0A3991C137E2505834D51CDCF58F75D00E935FD159FADE5412E0F5848C0585BFC61200CCE1DF35DE712C2B33C5C2502E2C980E4EB82EEB3BE60328EABE480BD814F058493247F
310
2501DB2470AF4497DF5CE340A719B0D49D34732E8CC493223C2E106FAB3FA7A8D1D5D602130484418535311C7239D816C08A46A308BA58AB24D471D5F290565BE2A6D3ABC3F1219A4BC873FEABA0FA6634DB07FF2A4055AA9F29A581B8D3E90D12610727650448E39B1714D03B4EC71F0E7D738BCCE7AC753680EE712AB79C
310
DF26675840FC4945A6AE36E9690EF82EAD19BFDDDADA1D40F31142082184104208218410420821841042082184104208218410420821841042FE8F1F05B4BDB541AB79BE0000000049454E44AE4260820B007ECFF5BD9F79AE5404B07F5BBED603688A008E4769253F70124E94D43A1B21E34C51E400889C299A08E091C100
310
4D16C06060EFD597BAD24AA552A9542A954AA552A9542A954AA552A9547A8FFE01817ED21DCB3EE6520000000049454E44AE426082467747E39A5AD37EA90209A21E185612EA0098AA0BD43D6070961766D06A00D482E085CAF9EF3D35AD8D65F64AD19E9B236E0330EDBBFAE48AA5C91960148023FD2B3F003201E08E9AFE
310
AE2A108A4B044E8C9409A0AE197ACDFFEEACA902507D17A20A04DDAB1CA1B6805C922B4FA0756963FF958FA4E22211009180B5963A8A203FB97FD4A9037074015B1B1B9E46514402D6B4976005011C081CAE936958457DB274478D42005E439BAD15D68D8A57B0B5FCDF9C6F295205206D16DB90EC69008EAB8AF500182A46
310
602510FAC89AEA0CF93C91A2023046390063A307BC0BA0E354029887C4D6E80200C143D4137A4068D5BE2C1D057912696072006377BABF7209BCE8EDF24B962C59B264C992254B962C59B264C992254B962CF91BF203294D8DBB190731750000000049454E44AE426082
  0
ACDSRECORD
 90
        5
  2
AcDbDs::ID
280
    10
320
2C7
  2
ASM_Data
280
    15
 94
   122305
310
41534D2042696E61727946696C65341C57000000000000020000000400000007104175746F6465736B204175746F434144071441534D203233302E352E322E3635353335204E540718546875204175672032312032313A32363A35322032303235066666666666663940068DEDB5A0F7C6B03E06BBBDD7D9DF7CDB3D0D0961
310
736D6865616465720CFFFFFFFF04FFFFFFFF070D3233302E352E322E3635353335110D04626F64790C0200000004FFFFFFFF0CFFFFFFFF0C030000000CFFFFFFFF0C04000000110E04445849440D066174747269620CFFFFFFFF04FFFFFFFF0CFFFFFFFF0CFFFFFFFF0C01000000071241534D5F424F44595F46524F4D5F53
310
5445500753434346423433323135463045323732453544393044333945363435314634304133413145383641357C3A7C37464135304541314337464230444145393737363046354545343330343343433641423233343745110D046C756D700CFFFFFFFF04FFFFFFFF0CFFFFFFFF0CFFFFFFFF0C050000000C01000000110D
310
097472616E73666F726D0CFFFFFFFF04FFFFFFFF14000000000000F03F00000000000000000000000000000000140000000000000000000000000000F03F00000000000000001400000000000000000000000000000000000000000000F03F1400000000000000000000000000000000000000000000000006000000000000
310
F03F0B0B0B110D057368656C6C0CFFFFFFFF04FFFFFFFF0CFFFFFFFF0CFFFFFFFF0CFFFFFFFF0C060000000CFFFFFFFF0C03000000110D04666163650C0700000004FFFFFFFF0CFFFFFFFF0C080000000C090000000C050000000CFFFFFFFF0C0A0000000A0B110E04445849440D066174747269620CFFFFFFFF04FFFFFFFF
310
0CFFFFFFFF0CFFFFFFFF0C06000000071241534D5F464143455F46524F4D5F535445500712445F7261696C496E6E657231382D32343235110D04666163650C0B00000004FFFFFFFF0CFFFFFFFF0C0C0000000C0D0000000C050000000CFFFFFFFF0C0E0000000A0B110D046C6F6F700CFFFFFFFF04FFFFFFFF0CFFFFFFFF0C
310
FFFFFFFF0C0F0000000C06000000110E04636F6E650D07737572666163650CFFFFFFFF04FFFFFFFF0CFFFFFFFF13FFFFFFFFFFBF38409DED9BD90EBF52408AB603DFCE65F7BC140000000000000000000000000000F0BFEDF57ABD5EAFA33C140000000000000000FB70381C0E87BDBC12000000000008C006000000000000
310
F03F0B0B06000000000000000006000000000000F03F0612000000000008400B0B0B0B0B110E04445849440D066174747269620CFFFFFFFF04FFFFFFFF0CFFFFFFFF0CFFFFFFFF0C08000000071241534D5F464143455F46524F4D5F535445500712445F7261696C496E6E657231382D32343532110D04666163650C100000
310
0004FFFFFFFF0CFFFFFFFF0C110000000C120000000C050000000CFFFFFFFF0C130000000A0B110D046C6F6F700CFFFFFFFF04FFFFFFFF0CFFFFFFFF0CFFFFFFFF0C140000000C08000000110E04636F6E650D07737572666163650CFFFFFFFF04FFFFFFFF0CFFFFFFFF13FFFFFFFFFFBF38400000000000004C4000000000
310
0070E7BC140000000000000000000000000000F0BF00000000000000001400000000000000000000000000000000340000000000FCBF06000000000000F03F0B0B06000000000000000006000000000000F03F06340000000000FC3F0B0B0B0B0B110D06636F656467650CFFFFFFFF04FFFFFFFF0CFFFFFFFF0C150000000C
310
160000000C170000000C180000000A0C0900000004000000000CFFFFFFFF110E04445849440D066174747269620CFFFFFFFF04FFFFFFFF0CFFFFFFFF0CFFFFFFFF0C0C000000071241534D5F464143455F46524F4D5F535445500712445F7261696C496E6E657231382D32323337110D04666163650C1900000004FFFFFFFF
310
0CFFFFFFFF0C1A0000000C1B0000000C050000000CFFFFFFFF0C1C0000000A0B110D046C6F6F700CFFFFFFFF04FFFFFFFF0CFFFFFFFF0CFFFFFFFF0C1D0000000C0C000000110E04636F6E650D07737572666163650CFFFFFFFF04FFFFFFFF0CFFFFFFFF1301000000009052409DED9BD90EBF52408AB603DFCE65F7BC1400
310
00000000000000000000000000F0BFEDF57ABD5EAFA33C140000000000000000FB70381C0E87BDBC12000000000008C006000000000000F03F0B0B06000000000000000006000000000000F03F0612000000000008400B0B0B0B0B110D06636F656467650CFFFFFFFF04FFFFFFFF0CFFFFFFFF0C1E0000000C1F0000000C20
310
0000000C210000000A0C0D00000004000000000CFFFFFFFF110D06636F656467650CFFFFFFFF04FFFFFFFF0CFFFFFFFF0C220000000C0F0000000C230000000C240000000B0C0900000004000000000CFFFFFFFF110D06636F656467650CFFFFFFFF04FFFFFFFF0CFFFFFFFF0C0F0000000C220000000C250000000C260000
310
000A0C0900000004000000000CFFFFFFFF110D06636F656467650CFFFFFFFF04FFFFFFFF0CFFFFFFFF0C270000000C280000000C0F0000000C180000000B0C2900000004000000000CFFFFFFFF110D04656467650C2A00000004FFFFFFFF0CFFFFFFFF0C2B0000000600000000000000000C2C00000006CCFDC7115680D73F
310
0C0F0000000C2D0000000B0707756E6B6E6F776E110E04445849440D066174747269620CFFFFFFFF04FFFFFFFF0CFFFFFFFF0CFFFFFFFF0C11000000071241534D5F464143455F46524F4D5F535445500712445F7261696C496E6E657231382D31383038110D04666163650C2E00000004FFFFFFFF0CFFFFFFFF0C2F000000
310
0C300000000C050000000CFFFFFFFF0C310000000A0B110D046C6F6F700CFFFFFFFF04FFFFFFFF0CFFFFFFFF0CFFFFFFFF0C320000000C11000000110E04636F6E650D07737572666163650CFFFFFFFF04FFFFFFFF0CFFFFFFFF1301000000009052400000000000004C40000000000070E7BC140000000000000000000000
310
000000F0BF00000000000000001400000000000000000000000000000000340000000000FCBF06000000000000F03F0B0B06000000000000000006000000000000F03F06340000000000FC3F0B0B0B0B0B110D06636F656467650CFFFFFFFF04FFFFFFFF0CFFFFFFFF0C330000000C340000000C350000000C360000000B0C
310
1200000004000000000CFFFFFFFF110D06636F656467650CFFFFFFFF04FFFFFFFF0CFFFFFFFF0C370000000C140000000C380000000C390000000B0C0D00000004000000000CFFFFFFFF110D06636F656467650CFFFFFFFF04FFFFFFFF0CFFFFFFFF0C140000000C370000000C3A0000000C3B0000000A0C0D000000040000
310
00000CFFFFFFFF110D06636F656467650CFFFFFFFF04FFFFFFFF0CFFFFFFFF0C3C0000000C3C0000000C140000000C210000000B0C3D00000004000000000CFFFFFFFF110D04656467650C3E00000004FFFFFFFF0CFFFFFFFF0C3F0000000600000000000000000C4000000006182D4454FB2109400C140000000C41000000
310
0B0707756E6B6E6F776E110D06636F656467650CFFFFFFFF04FFFFFFFF0CFFFFFFFF0C160000000C150000000C420000000C430000000A0C0900000004000000000CFFFFFFFF110D06636F656467650CFFFFFFFF04FFFFFFFF0CFFFFFFFF0C440000000C450000000C150000000C240000000A0C4600000004000000000CFF
310
FFFFFF110D04656467650C4700000004FFFFFFFF0CFFFFFFFF0C2B00000006F1A56364BBFB903F0C4800000006404C6EAAE070933F0C150000000C490000000B07026732110D06636F656467650CFFFFFFFF04FFFFFFFF0CFFFFFFFF0C4A0000000C4B0000000C160000000C260000000B0C4C00000004000000000CFFFFFF
310
FF110D04656467650C4D00000004FFFFFFFF0CFFFFFFFF0C2C00000006F1A56364BBFB903F0C4E00000006404C6EAAE070933F0C160000000C4F0000000B0707756E6B6E6F776E110D06636F656467650CFFFFFFFF04FFFFFFFF0CFFFFFFFF0C500000000C170000000C4B0000000C510000000B0C2900000004000000000C
310
FFFFFFFF110D06636F656467650CFFFFFFFF04FFFFFFFF0CFFFFFFFF0C170000000C520000000C440000000C530000000B0C2900000004000000000CFFFFFFFF110D046C6F6F700CFFFFFFFF04FFFFFFFF0CFFFFFFFF0C540000000C550000000C56000000110E04445849440D066174747269620CFFFFFFFF04FFFFFFFF0C
310
FFFFFFFF0CFFFFFFFF0C18000000071241534D5F454447455F46524F4D5F535445500703383136110D067665727465780CFFFFFFFF04FFFFFFFF0CFFFFFFFF0C1800000004000000000C57000000110D067665727465780CFFFFFFFF04FFFFFFFF0CFFFFFFFF0C1800000004010000000C58000000110E07656C6C69707365
310
0D0563757276650CFFFFFFFF04FFFFFFFF0CFFFFFFFF13FFFFFFFFFFBF38403433333333334D407F3E9FCFE763EABC140000000000000000000000000000F0BF0000000000000000140000000000000000000000000000000012000000000008C006000000000000F03F0A0600000000000000000A06CCFDC7115680D73F11
310
0E04445849440D066174747269620CFFFFFFFF04FFFFFFFF0CFFFFFFFF0CFFFFFFFF0C1A000000071241534D5F464143455F46524F4D5F535445500712445F7261696C496E6E657231382D31313731110D04666163650C5900000004FFFFFFFF0CFFFFFFFF0C5A0000000C5B0000000C050000000CFFFFFFFF0C5C0000000A
310
0B110D046C6F6F700CFFFFFFFF04FFFFFFFF0CFFFFFFFF0CFFFFFFFF0C5D0000000C1A000000110E05706C616E650D07737572666163650CFFFFFFFF04FFFFFFFF0CFFFFFFFF130100000000C04B400100000000A04D404C60D37EB294C73C140000000000000000000000000000F0BF000000000000000014000000000000
310
00000000000000000000000000000000F0BF0B0B0B0B0B110D06636F656467650CFFFFFFFF04FFFFFFFF0CFFFFFFFF0C5E0000000C5F0000000C600000000C610000000B0C1B00000004000000000CFFFFFFFF110D06636F656467650CFFFFFFFF04FFFFFFFF0CFFFFFFFF0C620000000C1D0000000C630000000C64000000
310
0B0C1200000004000000000CFFFFFFFF110D06636F656467650CFFFFFFFF04FFFFFFFF0CFFFFFFFF0C1D0000000C620000000C650000000C660000000B0C1200000004000000000CFFFFFFFF110D06636F656467650CFFFFFFFF04FFFFFFFF0CFFFFFFFF0C670000000C680000000C1D0000000C360000000A0C6900000004
310
000000000CFFFFFFFF110D04656467650C6A00000004FFFFFFFF0CFFFFFFFF0C6B00000006CCFDC7115680D7BF0C6C0000000600000000000000000C1D0000000C6D0000000B0707756E6B6E6F776E110D06636F656467650CFFFFFFFF04FFFFFFFF0CFFFFFFFF0C1F0000000C1E0000000C6E0000000C6F0000000A0C0D00
310
000004000000000CFFFFFFFF110D06636F656467650CFFFFFFFF04FFFFFFFF0CFFFFFFFF0C700000000C710000000C1E0000000C390000000A0C7200000004000000000CFFFFFFFF110D04656467650C7300000004FFFFFFFF0CFFFFFFFF0C3F000000061F2FDD24068175BF0C74000000067B3255302AA963BF0C1E000000
310
0C750000000B07026732110D06636F656467650CFFFFFFFF04FFFFFFFF0CFFFFFFFF0C710000000C700000000C1F0000000C3B0000000B0C7200000004000000000CFFFFFFFF110D04656467650C7600000004FFFFFFFF0CFFFFFFFF0C40000000061F2FDD24068175BF0C77000000067B3255302AA963BF0C1F0000000C78
310
0000000B07026732110D06636F656467650CFFFFFFFF04FFFFFFFF0CFFFFFFFF0C200000000C200000000C700000000C790000000B0C3D00000004000000000CFFFFFFFF110D046C6F6F700CFFFFFFFF04FFFFFFFF0CFFFFFFFF0CFFFFFFFF0C3C0000000C7A000000110E04445849440D066174747269620CFFFFFFFF04FF
310
FFFFFF0CFFFFFFFF0CFFFFFFFF0C21000000071241534D5F454447455F46524F4D5F53544550070431373635110D067665727465780CFFFFFFFF04FFFFFFFF0CFFFFFFFF0C2100000004000000000C7B000000110D067665727465780CFFFFFFFF04FFFFFFFF0CFFFFFFFF0C2100000004010000000C7C000000110E07656C
310
6C697073650D0563757276650CFFFFFFFF04FFFFFFFF0CFFFFFFFF13FFFFFFFFFFBF38400000000000A04E40000000000070E7BC140000000000000080000000000000F0BF00000000000000801400000000000000000000000000000000340000000000FC3F06000000000000F03F0A0600000000000000000A06182D4454
310
FB210940110D06636F656467650CFFFFFFFF04FFFFFFFF0CFFFFFFFF0C7D0000000C7E0000000C220000000C430000000B0C7F00000004000000000CFFFFFFFF110D04656467650C8000000004FFFFFFFF0CFFFFFFFF0C4E00000006CCFDC7115680D7BF0C480000000600000000000000000C220000000C810000000B0707
310
756E6B6E6F776E110D06636F656467650CFFFFFFFF04FFFFFFFF0CFFFFFFFF0C820000000C230000000C280000000C530000000A0C4600000004000000000CFFFFFFFF110D06636F656467650CFFFFFFFF04FFFFFFFF0CFFFFFFFF0C230000000C820000000C7D0000000C830000000A0C4600000004000000000CFFFFFFFF
310
110D046C6F6F700CFFFFFFFF04FFFFFFFF0CFFFFFFFF0CFFFFFFFF0C230000000C84000000110E04445849440D066174747269620CFFFFFFFF04FFFFFFFF0CFFFFFFFF0CFFFFFFFF0C24000000071241534D5F454447455F46524F4D5F535445500703343937110D067665727465780CFFFFFFFF04FFFFFFFF0CFFFFFFFF0C
310
2400000004010000000C85000000110E0873747261696768740D0563757276650CFFFFFFFF04FFFFFFFF0CFFFFFFFF13FFFFFFFFFFBF38409DED9BD90EBF52401E000000000008C01400000000000000000000000000408FC029140A854239433D0A06F1A56364BBFB903F0A06404C6EAAE070933F110D06636F656467650C
310
FFFFFFFF04FFFFFFFF0CFFFFFFFF0C860000000C250000000C7E0000000C870000000A0C4C00000004000000000CFFFFFFFF110D06636F656467650CFFFFFFFF04FFFFFFFF0CFFFFFFFF0C250000000C860000000C270000000C510000000A0C4C00000004000000000CFFFFFFFF110D046C6F6F700CFFFFFFFF04FFFFFFFF
310
0CFFFFFFFF0CFFFFFFFF0C4B0000000C88000000110E04445849440D066174747269620CFFFFFFFF04FFFFFFFF0CFFFFFFFF0CFFFFFFFF0C26000000071241534D5F454447455F46524F4D5F535445500703313633110D067665727465780CFFFFFFFF04FFFFFFFF0CFFFFFFFF0C4300000004000000000C89000000110E08
310
73747261696768740D0563757276650CFFFFFFFF04FFFFFFFF0CFFFFFFFF13F00AA26EB8D339409DED9BD90EBF524061666666666606C01400000000000000000000000000408FC029140A854239433D0A06F1A56364BBFB903F0A06404C6EAAE070933F110D06636F656467650CFFFFFFFF04FFFFFFFF0CFFFFFFFF0C5500
310
00000C270000000C8A0000000C8B0000000B0C2900000004000000000CFFFFFFFF110D04656467650C8C00000004FFFFFFFF0CFFFFFFFF0C2C00000006F6E44BC5A53A5CBF0C8D0000000600000000000000000C270000000C8E0000000B0707756E6B6E6F776E110D06636F656467650CFFFFFFFF04FFFFFFFF0CFFFFFFFF
310
0C280000000C8F0000000C900000000C910000000B0C2900000004000000000CFFFFFFFF110D04656467650C9200000004FFFFFFFF0CFFFFFFFF0C9300000006E1FDC7115680D7BF0C2B000000064555555555D5D4BC0C280000000C940000000B0707756E6B6E6F776E110D046C6F6F700CFFFFFFFF04FFFFFFFF0CFFFFFF
310
FF0CFFFFFFFF0C6E0000000C56000000110D06636F656467650CFFFFFFFF04FFFFFFFF0CFFFFFFFF0C950000000C500000000C960000000C970000000B0C2900000004000000000CFFFFFFFF110D04666163650C9800000004FFFFFFFF0CFFFFFFFF0C990000000C290000000C050000000CFFFFFFFF0C9A0000000B0B110D
310
05706F696E740CFFFFFFFF04FFFFFFFF0CFFFFFFFF13FFFFFFFFFFBF38403433333333334D401A000000000008C0110D05706F696E740CFFFFFFFF04FFFFFFFF0CFFFFFFFF13F00AA26EB8D339403433333333334D4061666666666606C0110E04445849440D066174747269620CFFFFFFFF04FFFFFFFF0CFFFFFFFF0CFFFF
310
FFFF0C2F000000071241534D5F464143455F46524F4D5F535445500712445F7261696C496E6E657231382D31303732110D04666163650C9B00000004FFFFFFFF0CFFFFFFFF0C9C0000000C9D0000000C050000000CFFFFFFFF0C9E0000000A0B110D046C6F6F700CFFFFFFFF04FFFFFFFF0CFFFFFFFF0CFFFFFFFF0C9F0000
310
000C2F000000110E05706C616E650D07737572666163650CFFFFFFFF04FFFFFFFF0CFFFFFFFF130100000000C04B400100000000A04D4001000000000008C01400000000000000000000000000000000000000000000F0BF14000000000000F0BF000000000000000000000000000000000B0B0B0B0B110D06636F65646765
310
0CFFFFFFFF04FFFFFFFF0CFFFFFFFF0CA00000000CA10000000CA20000000CA30000000B0C3000000004000000000CFFFFFFFF110D06636F656467650CFFFFFFFF04FFFFFFFF0CFFFFFFFF0CA40000000C320000000CA50000000CA60000000B0C1B00000004000000000CFFFFFFFF110D06636F656467650CFFFFFFFF04FF
310
FFFFFF0CFFFFFFFF0C320000000CA40000000CA70000000CA80000000A0C1B00000004000000000CFFFFFFFF110D06636F656467650CFFFFFFFF04FFFFFFFF0CFFFFFFFF0CA90000000CA90000000C320000000C610000000A0CAA00000004000000000CFFFFFFFF110D04656467650CAB00000004FFFFFFFF0CFFFFFFFF0C
310
AC00000006182D4454FB2109C00CAD0000000600000000000000000C320000000CAE0000000B0707756E6B6E6F776E110D06636F656467650CFFFFFFFF04FFFFFFFF0CFFFFFFFF0C340000000C330000000CAF0000000CB00000000B0C1200000004000000000CFFFFFFFF110D06636F656467650CFFFFFFFF04FFFFFFFF0C
310
FFFFFFFF0CB10000000CB20000000C330000000C640000000A0CB300000004000000000CFFFFFFFF110D04656467650CB400000004FFFFFFFF0CFFFFFFFF0C6C00000006F1A56364BBFB903F0CB500000006404C6EAAE070933F0C330000000CB60000000B07026732110D06636F656467650CFFFFFFFF04FFFFFFFF0CFFFF
310
FFFF0CB70000000CB80000000C340000000C660000000A0CB900000004000000000CFFFFFFFF110D04656467650CBA00000004FFFFFFFF0CFFFFFFFF0CBB00000006404C6EAAE07093BF0C6B00000006F1A56364BBFB90BF0C340000000CBC0000000B0707756E6B6E6F776E110D06636F656467650CFFFFFFFF04FFFFFFFF
310
0CFFFFFFFF0CBD0000000C350000000CB80000000CBE0000000A0C6900000004000000000CFFFFFFFF110D06636F656467650CFFFFFFFF04FFFFFFFF0CFFFFFFFF0C350000000CBF0000000CB10000000CC00000000A0C6900000004000000000CFFFFFFFF110D046C6F6F700CFFFFFFFF04FFFFFFFF0CFFFFFFFF0CC10000
310
000CC20000000CC3000000110E04445849440D066174747269620CFFFFFFFF04FFFFFFFF0CFFFFFFFF0CFFFFFFFF0C36000000071241534D5F454447455F46524F4D5F53544550070432323834110D067665727465780CFFFFFFFF04FFFFFFFF0CFFFFFFFF0C3600000004000000000CC4000000110D067665727465780CFF
310
FFFFFF04FFFFFFFF0CFFFFFFFF0C3600000004010000000CC5000000110E07656C6C697073650D0563757276650CFFFFFFFF04FFFFFFFF0CFFFFFFFF1301000000009052403433333333334D407F3E9FCFE763EABC140000000000000000000000000000F03F00000000000000001400000000000000000000000000000000
310
12000000000008C006000000000000F03F0A06CCFDC7115680D7BF0A060000000000000000110D06636F656467650CFFFFFFFF04FFFFFFFF0CFFFFFFFF0CC60000000CC60000000C370000000C6F0000000B0C5400000004000000000CFFFFFFFF110D04656467650CC700000004FFFFFFFF0CFFFFFFFF0C77000000060000
310
0000000000000C7400000006182D4454FB2109400C370000000CC80000000B0707756E6B6E6F776E110D06636F656467650CFFFFFFFF04FFFFFFFF0CFFFFFFFF0C3A0000000C380000000C3C0000000C790000000A0C7200000004000000000CFFFFFFFF110D06636F656467650CFFFFFFFF04FFFFFFFF0CFFFFFFFF0C3800
310
00000C3A0000000CC60000000CC90000000A0C7200000004000000000CFFFFFFFF110D046C6F6F700CFFFFFFFF04FFFFFFFF0CFFFFFFFF0CFFFFFFFF0C380000000C99000000110E04445849440D066174747269620CFFFFFFFF04FFFFFFFF0CFFFFFFFF0CFFFFFFFF0C39000000071241534D5F454447455F46524F4D5F53
310
5445500703323833110D067665727465780CFFFFFFFF04FFFFFFFF0CFFFFFFFF0C3900000004010000000CCA000000110E0873747261696768740D0563757276650CFFFFFFFF04FFFFFFFF0CFFFFFFFF13FFFFFFFFFFBF38400000000000004C40280000000000FC3F1400000000000000000000000000408FC00000000000
310
0000000A061F2FDD24068175BF0A067B3255302AA963BF110E04445849440D066174747269620CFFFFFFFF04FFFFFFFF0CFFFFFFFF0CFFFFFFFF0C3B000000071241534D5F454447455F46524F4D5F53544550070431353439110D067665727465780CFFFFFFFF04FFFFFFFF0CFFFFFFFF0C6F00000004000000000CCB0000
310
00110E0873747261696768740D0563757276650CFFFFFFFF04FFFFFFFF0CFFFFFFFF13FFFFFFFFFFBF38400000000000004C403F0000000000FCBF1400000000000000000000000000408FC000000000000000000A061F2FDD24068175BF0A067B3255302AA963BF110D04656467650CCC00000004FFFFFFFF0CFFFFFFFF0C
310
4000000006182D4454FB2109C00C3F0000000600000000000000000C3C0000000CCD0000000B0707756E6B6E6F776E110D04666163650CCE00000004FFFFFFFF0CFFFFFFFF0CCF0000000CD00000000C050000000CFFFFFFFF0CD10000000B0B110D05706F696E740CFFFFFFFF04FFFFFFFF0CFFFFFFFF13FFFFFFFFFFBF38
310
400000000000A04E40280000000000FC3F110D05706F696E740CFFFFFFFF04FFFFFFFF0CFFFFFFFF13FFFFFFFFFFBF38400000000000A04E403F0000000000FCBF110D06636F656467650CFFFFFFFF04FFFFFFFF0CFFFFFFFF0CD20000000C420000000C450000000C830000000B0C7F00000004000000000CFFFFFFFF110D
310
06636F656467650CFFFFFFFF04FFFFFFFF0CFFFFFFFF0C420000000CD30000000C4A0000000C870000000B0C7F00000004000000000CFFFFFFFF110D046C6F6F700CFFFFFFFF04FFFFFFFF0CFFFFFFFF0CD40000000CD50000000CD6000000110E04445849440D066174747269620CFFFFFFFF04FFFFFFFF0CFFFFFFFF0CFF
310
FFFFFF0C43000000071241534D5F454447455F46524F4D5F53544550070432353533110E07656C6C697073650D0563757276650CFFFFFFFF04FFFFFFFF0CFFFFFFFF13FFFFFFFFFFBF38400000000000004C40000000000070E7BC140000000000000000000000000000F03FEDF57ABD5EAFA3BC140000000000000000FB70
310
381C0E87BDBC12000000000008C006000000000000F03F0A06CCFDC7115680D7BF0A060000000000000000110D06636F656467650CFFFFFFFF04FFFFFFFF0CFFFFFFFF0C450000000C440000000CD70000000CD80000000A0C4600000004000000000CFFFFFFFF110D04656467650CD900000004FFFFFFFF0CFFFFFFFF0C48
310
0000000600000000000000000CDA00000006CCFDC7115680D73F0C7D0000000CDB0000000B0707756E6B6E6F776E110D04666163650CDC00000004FFFFFFFF0CFFFFFFFF0CDD0000000C460000000C050000000CFFFFFFFF0CDE0000000A0B110D05706F696E740CFFFFFFFF04FFFFFFFF0CFFFFFFFF13FFFFFFFFFFBF3840
310
0000000000004C4019000000000008C0110D06636F656467650CFFFFFFFF04FFFFFFFF0CFFFFFFFF0C4B0000000C4A0000000CDF0000000CE00000000A0C4C00000004000000000CFFFFFFFF110D04656467650CE100000004FFFFFFFF0CFFFFFFFF0CE20000000600000000000000000C4E00000006F6E44BC5A53A5C3F0C
310
7E0000000CE30000000B0707756E6B6E6F776E110D04666163650CE400000004FFFFFFFF0CFFFFFFFF0C840000000C4C0000000C050000000CFFFFFFFF0CE50000000A0B110D05706F696E740CFFFFFFFF04FFFFFFFF0CFFFFFFFF13F00AA26EB8D339400000000000004C405E666666666606C0110D06636F656467650CFF
310
FFFFFF04FFFFFFFF0CFFFFFFFF0CDF0000000CE60000000C500000000C8B0000000A0CE700000004000000000CFFFFFFFF110D04656467650CE800000004FFFFFFFF0CFFFFFFFF0C8D00000006C8BAB88D06F076BF0CE900000006F882CB38BAC26FBF0C500000000CEA0000000B0707756E6B6E6F776E110E04445849440D
310
066174747269620CFFFFFFFF04FFFFFFFF0CFFFFFFFF0CFFFFFFFF0C51000000071241534D5F454447455F46524F4D5F53544550070432363137110D067665727465780CFFFFFFFF04FFFFFFFF0CFFFFFFFF0C5100000004010000000CEB000000110E0873747261696768740D0563757276650CFFFFFFFF04FFFFFFFF0CFF
310
FFFFFF13CACCCCCCCC8C3B403433333333334D4061666666666606C0140000000000408F40000000000000000076DBB66D5BCC353D0A06F6E44BC5A53A5CBF0A060000000000000000110D06636F656467650CFFFFFFFF04FFFFFFFF0CFFFFFFFF0C520000000CEC0000000CED0000000CEE0000000B0C2900000004000000
310
000CFFFFFFFF110D06636F656467650CFFFFFFFF04FFFFFFFF0CFFFFFFFF0CEF0000000CD70000000C520000000C910000000A0CF000000004000000000CFFFFFFFF110D04656467650CF100000004FFFFFFFF0CFFFFFFFF0CF200000006BDBAB88D06F076BF0C9300000006F682CB38BAC26FBF0C520000000CF30000000B
310
0707756E6B6E6F776E110E04445849440D066174747269620CFFFFFFFF04FFFFFFFF0CFFFFFFFF0CFFFFFFFF0C53000000071241534D5F454447455F46524F4D5F53544550070431363634110D067665727465780CFFFFFFFF04FFFFFFFF0CFFFFFFFF0C9100000004010000000CF4000000110E07656C6C697073650D0563
310
757276650CFFFFFFFF04FFFFFFFF0CFFFFFFFF13FFFFFFFFFFBF38403433333333334D407F3E9FCFE763EABC140000000000000000000000000000F0BF000000000000000014000000000040EF3C000000000000000012000000000008C006000000000000F03F0A06E1FDC7115680D7BF0A064555555555D5D4BC110D0663
310
6F656467650CFFFFFFFF04FFFFFFFF0CFFFFFFFF0CF50000000C550000000CF60000000CF70000000B0C2900000004000000000CFFFFFFFF110D06636F656467650CFFFFFFFF04FFFFFFFF0CFFFFFFFF0CF80000000CF90000000C550000000C970000000A0CFA00000004000000000CFFFFFFFF110D04656467650CFB0000
310
0004FFFFFFFF0CFFFFFFFF0CE900000006B62DD2CFE541F33F0CFC000000067A2CB6D81002FF3F0C550000000CFD0000000B0707756E6B6E6F776E110E04445849440D066174747269620CFFFFFFFF04FFFFFFFF0CFFFFFFFF0CFFFFFFFF0C56000000071241534D5F464143455F46524F4D5F535445500712445F7261696C
310
496E6E657231382D31373632110D04666163650CFE00000004FFFFFFFF0CFFFFFFFF0CFF0000000C720000000C050000000CFFFFFFFF0C000100000A0B110E05706C616E650D07737572666163650CFFFFFFFF04FFFFFFFF0CFFFFFFFF1300000000000000003433333333334D4066666666662623C0140000000000000000
310
000000000000F0BF00000000000000001400000000000000000000000000000000000000000000F0BF0B0B0B0B0B110E04445849440D066174747269620CFFFFFFFF04FFFFFFFF0CFFFFFFFF0CFFFFFFFF0C5A000000071241534D5F464143455F46524F4D5F535445500712445F7261696C496E6E657231382D3131363611
310
0D04666163650C0101000004FFFFFFFF0CFFFFFFFF0C020100000C030100000C050000000CFFFFFFFF0C040100000A0B110D046C6F6F700CFFFFFFFF04FFFFFFFF0CFFFFFFFF0CFFFFFFFF0C050100000C5A000000110E05706C616E650D07737572666163650CFFFFFFFF04FFFFFFFF0CFFFFFFFF130100000000C04B4001
310
00000000A04D4001000000000008401400000000000000000000000000000000000000000000F03F14000000000000F03F000000000000000000000000000000000B0B0B0B0B110D06636F656467650CFFFFFFFF04FFFFFFFF0CFFFFFFFF0C060100000C070100000C080100000C090100000B0C5B00000004000000000CFF
310
FFFFFF110D06636F656467650CFFFFFFFF04FFFFFFFF0CFFFFFFFF0C0A0100000C5D0000000C0B0100000C0C0100000A0C3000000004000000000CFFFFFFFF110D06636F656467650CFFFFFFFF04FFFFFFFF0CFFFFFFFF0C5D0000000C0A0100000C0D0100000C0E0100000B0C3000000004000000000CFFFFFFFF110D0663
310
6F656467650CFFFFFFFF04FFFFFFFF0CFFFFFFFF0C070100000C060100000C5D0000000CA30000000A0C5B00000004000000000CFFFFFFFF110D04656467650C0F01000004FFFFFFFF0CFFFFFFFF0C100100000600000000000000000C1101000006FB7E6ABC7493883F0C5D0000000C120100000B0707756E6B6E6F776E11
310
0D06636F656467650CFFFFFFFF04FFFFFFFF0CFFFFFFFF0C5F0000000C5E0000000C130100000C140100000B0C1B00000004000000000CFFFFFFFF110D06636F656467650CFFFFFFFF04FFFFFFFF0CFFFFFFFF0C150100000C160100000C5E0000000CA60000000A0C1701000004000000000CFFFFFFFF110D04656467650C
310
1801000004FFFFFFFF0CFFFFFFFF0CAD000000061F2FDD24068175BF0C19010000067B3255302AA963BF0C5E0000000C1A0100000B07026732110D06636F656467650CFFFFFFFF04FFFFFFFF0CFFFFFFFF0C160100000C150100000C5F0000000CA80000000B0C1701000004000000000CFFFFFFFF110D04656467650C1B01
310
000004FFFFFFFF0CFFFFFFFF0CAC000000061F2FDD24068175BF0C1C010000067B3255302AA963BF0C5F0000000C1D0100000B07026732110D06636F656467650CFFFFFFFF04FFFFFFFF0CFFFFFFFF0C600000000C600000000C150100000C1E0100000A0CAA00000004000000000CFFFFFFFF110D046C6F6F700CFFFFFFFF
310
04FFFFFFFF0CFFFFFFFF0C1F0100000C600000000C7A000000110E04445849440D066174747269620CFFFFFFFF04FFFFFFFF0CFFFFFFFF0CFFFFFFFF0C61000000071241534D5F454447455F46524F4D5F535445500703393638110D067665727465780CFFFFFFFF04FFFFFFFF0CFFFFFFFF0C6100000004000000000C2001
310
0000110D067665727465780CFFFFFFFF04FFFFFFFF0CFFFFFFFF0C6100000004010000000C21010000110E07656C6C697073650D0563757276650CFFFFFFFF04FFFFFFFF0CFFFFFFFF1301000000009052400000000000A04E40000000000070E7BC140000000000000000000000000000F03F000000000000000014000000
310
00000000000000000000000000340000000000FC3F06000000000000F03F0A06182D4454FB2109C00A060000000000000000110D06636F656467650CFFFFFFFF04FFFFFFFF0CFFFFFFFF0C220100000C230100000C620000000CB00000000A0CD400000004000000000CFFFFFFFF110D04656467650C2401000004FFFFFFFF
310
0CFFFFFFFF0CB50000000600000000000000000CBB00000006CCFDC7115680D73F0C620000000C250100000B0707756E6B6E6F776E110D06636F656467650CFFFFFFFF04FFFFFFFF0CFFFFFFFF0C260100000C630000000C680000000CC00000000B0CB300000004000000000CFFFFFFFF110D06636F656467650CFFFFFFFF
310
04FFFFFFFF0CFFFFFFFF0C630000000C260100000C220100000C270100000B0CB300000004000000000CFFFFFFFF110D046C6F6F700CFFFFFFFF04FFFFFFFF0CFFFFFFFF0CFFFFFFFF0C630000000C28010000110E04445849440D066174747269620CFFFFFFFF04FFFFFFFF0CFFFFFFFF0CFFFFFFFF0C6400000007124153
310
4D5F454447455F46524F4D5F53544550070431333139110D067665727465780CFFFFFFFF04FFFFFFFF0CFFFFFFFF0C6400000004010000000C29010000110E0873747261696768740D0563757276650CFFFFFFFF04FFFFFFFF0CFFFFFFFF1301000000009052409DED9BD90EBF52401E000000000008C01400000000000000
310
000000000000408FC029140A854239433D0A06F1A56364BBFB903F0A06404C6EAAE070933F110D06636F656467650CFFFFFFFF04FFFFFFFF0CFFFFFFFF0C2A0100000C650000000C230100000C2B0100000B0CB900000004000000000CFFFFFFFF110D06636F656467650CFFFFFFFF04FFFFFFFF0CFFFFFFFF0C650000000C
310
2A0100000C670000000CBE0000000B0CB900000004000000000CFFFFFFFF110D046C6F6F700CFFFFFFFF04FFFFFFFF0CFFFFFFFF0CFFFFFFFF0CB70000000C2C010000110E04445849440D066174747269620CFFFFFFFF04FFFFFFFF0CFFFFFFFF0CFFFFFFFF0C66000000071241534D5F454447455F46524F4D5F53544550
310
0703373830110D067665727465780CFFFFFFFF04FFFFFFFF0CFFFFFFFF0CB000000004010000000C2D010000110E0873747261696768740D0563757276650CFFFFFFFF04FFFFFFFF0CFFFFFFFF13BE82A81BEED452409DED9BD90EBF524061666666666606C01400000000000000000000000000408F4029140A85423943BD
310
0A06404C6EAAE07093BF0A06F1A56364BBFB90BF110D06636F656467650CFFFFFFFF04FFFFFFFF0CFFFFFFFF0C2E0100000C670000000C2F0100000C300100000A0C6900000004000000000CFFFFFFFF110D04656467650C3101000004FFFFFFFF0CFFFFFFFF0C3201000006C3BAB88D06F076BF0C6B00000006F682CB38BA
310
C26FBF0CB80000000C330100000B0707756E6B6E6F776E110D06636F656467650CFFFFFFFF04FFFFFFFF0CFFFFFFFF0C680000000C340100000C350100000C360100000A0C6900000004000000000CFFFFFFFF110D04656467650C3701000004FFFFFFFF0CFFFFFFFF0C6C0000000600000000000000000C380100000604FE
310
C7115680D73F0CB10000000C390100000B0707756E6B6E6F776E110D046C6F6F700CFFFFFFFF04FFFFFFFF0CFFFFFFFF0CFFFFFFFF0C3A0100000CC3000000110D06636F656467650CFFFFFFFF04FFFFFFFF0CFFFFFFFF0C340100000C3B0100000C3C0100000C3D0100000A0C6900000004000000000CFFFFFFFF110D0466
310
6163650C3E01000004FFFFFFFF0CFFFFFFFF0C3F0100000C690000000C050000000CFFFFFFFF0C400100000B0B110D05706F696E740CFFFFFFFF04FFFFFFFF0CFFFFFFFF13BE82A81BEED452403433333333334D4061666666666606C0110D05706F696E740CFFFFFFFF04FFFFFFFF0CFFFFFFFF1301000000009052403433
310
333333334D401A000000000008C0110D06636F656467650CFFFFFFFF04FFFFFFFF0CFFFFFFFF0C6E0000000C6E0000000C710000000CC90000000B0C5400000004000000000CFFFFFFFF110E04445849440D066174747269620CFFFFFFFF04FFFFFFFF0CFFFFFFFF0CFFFFFFFF0C6F000000071241534D5F454447455F4652
310
4F4D5F535445500703313833110E07656C6C697073650D0563757276650CFFFFFFFF04FFFFFFFF0CFFFFFFFF13FFFFFFFFFFBF38403433333333334D40000000000070E7BC140000000000000000000000000000F03F00000000000000001400000000000000000000000000000000340000000000FCBF06000000000000F0
310
3F0A0600000000000000000A06182D4454FB210940110D04656467650C4101000004FFFFFFFF0CFFFFFFFF0C7400000006182D4454FB2109C00C770000000600000000000000000CC60000000C420100000B0707756E6B6E6F776E110D05706F696E740CFFFFFFFF04FFFFFFFF0CFFFFFFFF13FFFFFFFFFFBF384034333333
310
33334D40280000000000FC3F110D05706F696E740CFFFFFFFF04FFFFFFFF0CFFFFFFFF13FFFFFFFFFFBF38403433333333334D403F0000000000FCBF110E04445849440D066174747269620CFFFFFFFF04FFFFFFFF0CFFFFFFFF0CFFFFFFFF0C79000000071241534D5F454447455F46524F4D5F5354455007043139353511
310
0E07656C6C697073650D0563757276650CFFFFFFFF04FFFFFFFF0CFFFFFFFF13FFFFFFFFFFBF38400000000000A04E40000000000070E7BC140000000000000080000000000000F0BF00000000000000801400000000000000000000000000000000340000000000FC3F06000000000000F03F0A06182D4454FB2109C00A06
310
0000000000000000110E04445849440D066174747269620CFFFFFFFF04FFFFFFFF0CFFFFFFFF0CFFFFFFFF0C7A000000071241534D5F464143455F46524F4D5F535445500712445F7261696C496E6E657231382D31363730110D04666163650C4301000004FFFFFFFF0CFFFFFFFF0CD60000000C440100000C050000000CFF
310
FFFFFF0C450100000A0B110D046C6F6F700CFFFFFFFF04FFFFFFFF0CFFFFFFFF0CAA0000000C460100000C7A000000110E05706C616E650D07737572666163650CFFFFFFFF04FFFFFFFF0CFFFFFFFF1300000000000000000000000000A04E400000000000000000140000000000000000000000000000F03F000000000000
310
00001400000000000000000000000000000000000000000000F03F0B0B0B0B0B110D06636F656467650CFFFFFFFF04FFFFFFFF0CFFFFFFFF0C470100000C7D0000000C480100000C490100000B0C7F00000004000000000CFFFFFFFF110D06636F656467650CFFFFFFFF04FFFFFFFF0CFFFFFFFF0C7E0000000C4A0100000C
310
4B0100000C4C0100000B0C7F00000004000000000CFFFFFFFF110D046C6F6F700CFFFFFFFF04FFFFFFFF0CFFFFFFFF0CFFFFFFFF0C4D0100000CD6000000110D06636F656467650CFFFFFFFF04FFFFFFFF0CFFFFFFFF0C4E0100000C4F0100000C500100000C510100000B0C7F00000004000000000CFFFFFFFF110D046661
310
63650C5201000004FFFFFFFF0CFFFFFFFF0C530100000C540100000C050000000CFFFFFFFF0C550100000A0B110D06636F656467650CFFFFFFFF04FFFFFFFF0CFFFFFFFF0C900000000C480100000C820000000CD80000000B0CF000000004000000000CFFFFFFFF110D04656467650C5601000004FFFFFFFF0CFFFFFFFF0C
310
DA00000006404C6EAAE07093BF0C9300000006F1A56364BBFB90BF0C820000000C570100000B0707756E6B6E6F776E110E04445849440D066174747269620CFFFFFFFF04FFFFFFFF0CFFFFFFFF0CFFFFFFFF0C83000000071241534D5F454447455F46524F4D5F53544550070432343230110D067665727465780CFFFFFFFF
310
04FFFFFFFF0CFFFFFFFF0C8300000004010000000C58010000110E07656C6C697073650D0563757276650CFFFFFFFF04FFFFFFFF0CFFFFFFFF13FFFFFFFFFFBF38400000000000004C40000000000070E7BC140000000000000000000000000000F03FEDF57ABD5EAFA3BC140000000000000000FB70381C0E87BDBC120000
310
00000008C006000000000000F03F0A0600000000000000000A06CCFDC7115680D73F110E04445849440D066174747269620CFFFFFFFF04FFFFFFFF0CFFFFFFFF0CFFFFFFFF0C84000000071241534D5F464143455F46524F4D5F535445500711445F7261696C496E6E657231382D333938110D04666163650C5901000004FF
310
FFFFFF0CFFFFFFFF0C5A0100000CF00000000C050000000CFFFFFFFF0C5B0100000A0B110E04636F6E650D07737572666163650CFFFFFFFF04FFFFFFFF0CFFFFFFFF13FFFFFFFFFFBF38409DED9BD90EBF52408AB603DFCE65F7BC140000000000000000000000000000F0BFEDF57ABD5EAFA33C140000000000000000FB70
310
381C0E87BDBC12000000000008C006000000000000F03F0B0B06000000000000000006000000000000F03F0612000000000008400B0B0B0B0B110D06636F656467650CFFFFFFFF04FFFFFFFF0CFFFFFFFF0C4B0100000C8A0000000C860000000CE00000000B0CE700000004000000000CFFFFFFFF110D04656467650C5C01
310
000004FFFFFFFF0CFFFFFFFF0C8D000000062940CC2C2638803F0CE200000006C88CE1B87022853F0CDF0000000C5D0100000B0707756E6B6E6F776E110E04445849440D066174747269620CFFFFFFFF04FFFFFFFF0CFFFFFFFF0CFFFFFFFF0C87000000071241534D5F454447455F46524F4D5F5354455007043131303211
310
0D067665727465780CFFFFFFFF04FFFFFFFF0CFFFFFFFF0C4C01000004010000000C5E010000110E0873747261696768740D0563757276650CFFFFFFFF04FFFFFFFF0CFFFFFFFF13CACCCCCCCC8C3B400000000000004C4061666666666606C0140000000000408FC0000000000000000076DBB66D5BCC35BD0A0600000000
310
000000000A06F6E44BC5A53A5C3F110E04445849440D066174747269620CFFFFFFFF04FFFFFFFF0CFFFFFFFF0CFFFFFFFF0C88000000071241534D5F464143455F46524F4D5F535445500711445F7261696C496E6E657231382D353938110E05706C616E650D07737572666163650CFFFFFFFF04FFFFFFFF0CFFFFFFFF13CA
310
CCCCCCCC8C3B406F8891427494504061666666666606C0142C4992244952963C0000000000000000000000000000F0BF14000000000000F03F00000000000000002C4992244952963C0B0B0B0B0B110D06636F656467650CFFFFFFFF04FFFFFFFF0CFFFFFFFF0C8A0000000C4B0100000CF80000000C5F0100000B0CE70000
310
0004000000000CFFFFFFFF110D046C6F6F700CFFFFFFFF04FFFFFFFF0CFFFFFFFF0CFFFFFFFF0C4B0100000C60010000110E04445849440D066174747269620CFFFFFFFF04FFFFFFFF0CFFFFFFFF0CFFFFFFFF0C8B000000071241534D5F454447455F46524F4D5F53544550070432303531110D067665727465780CFFFFFF
310
FF04FFFFFFFF0CFFFFFFFF0C9700000004000000000C61010000110E0873747261696768740D0563757276650CFFFFFFFF04FFFFFFFF0CFFFFFFFF13CACCCCCCCC8C3B403433333333334D406D6666666666064014000000000000000000000000000000000000000000408F400A06C8BAB88D06F076BF0A06F882CB38BAC2
310
6FBF110D05706F696E740CFFFFFFFF04FFFFFFFF0CFFFFFFFF13CACCCCCCCC8C3B403433333333334D4061666666666606C0110D06636F656467650CFFFFFFFF04FFFFFFFF0CFFFFFFFF0C8F0000000C620100000C630100000C640100000B0C2900000004000000000CFFFFFFFF110D06636F656467650CFFFFFFFF04FFFF
310
FFFF0CFFFFFFFF0C650100000C660100000C8F0000000CEE0000000A0C6701000004000000000CFFFFFFFF110D04656467650C6801000004FFFFFFFF0CFFFFFFFF0C69010000062EE54BC5A53A5CBF0CF20000000600000000000000000C8F0000000C6A0100000B0707756E6B6E6F776E110D06636F656467650CFFFFFFFF
310
04FFFFFFFF0CFFFFFFFF0C480100000C900000000C660100000C6B0100000B0CF000000004000000000CFFFFFFFF110D046C6F6F700CFFFFFFFF04FFFFFFFF0CFFFFFFFF0CFFFFFFFF0C480100000CDD000000110E04445849440D066174747269620CFFFFFFFF04FFFFFFFF0CFFFFFFFF0CFFFFFFFF0C9100000007124153
310
4D5F454447455F46524F4D5F535445500703323936110D067665727465780CFFFFFFFF04FFFFFFFF0CFFFFFFFF0CEE00000004010000000C6C010000110E0873747261696768740D0563757276650CFFFFFFFF04FFFFFFFF0CFFFFFFFF13CACCCCCCCC8C3B403433333333334D4061666666666606C0140000000000408F40
310
000000000000000076DBB66D5BCC353D0A06BDBAB88D06F076BF0A06F682CB38BAC26FBF110D05706F696E740CFFFFFFFF04FFFFFFFF0CFFFFFFFF130EF55D9147AC37403433333333334D4061666666666606C0110D06636F656467650CFFFFFFFF04FFFFFFFF0CFFFFFFFF0C6D0100000C950000000C6E0100000C6F0100
310
000B0C2900000004000000000CFFFFFFFF110D06636F656467650CFFFFFFFF04FFFFFFFF0CFFFFFFFF0C700100000C710100000C950000000CF70000000A0C7201000004000000000CFFFFFFFF110D04656467650C7301000004FFFFFFFF0CFFFFFFFF0CFC0000000664E54BC5A53A5CBF0C74010000060000000000000000
310
0C950000000C750100000B0707756E6B6E6F776E110D06636F656467650CFFFFFFFF04FFFFFFFF0CFFFFFFFF0C760100000C960000000CE60000000C5F0100000A0CFA00000004000000000CFFFFFFFF110D06636F656467650CFFFFFFFF04FFFFFFFF0CFFFFFFFF0C960000000C760100000C700100000C770100000A0CFA
310
00000004000000000CFFFFFFFF110D046C6F6F700CFFFFFFFF04FFFFFFFF0CFFFFFFFF0CFFFFFFFF0C760100000C78010000110E04445849440D066174747269620CFFFFFFFF04FFFFFFFF0CFFFFFFFF0CFFFFFFFF0C97000000071241534D5F454447455F46524F4D5F535445500703363735110D067665727465780CFFFF
310
FFFF04FFFFFFFF0CFFFFFFFF0C9700000004010000000C79010000110E07656C6C697073650D0563757276650CFFFFFFFF04FFFFFFFF0CFFFFFFFF13FFFFFFFFFFBF38403433333333334D407F3E9FCFE763EABC140000000000000000000000000000F0BF0000000000000000140000000000000000000000000000000012
310
000000000008C006000000000000F03F0A06B62DD2CFE541F33F0A067A2CB6D81002FF3F110E04445849440D066174747269620CFFFFFFFF04FFFFFFFF0CFFFFFFFF0CFFFFFFFF0C99000000071241534D5F464143455F46524F4D5F535445500712445F7261696C496E6E657231382D31373739110D04666163650C7A0100
310
0004FFFFFFFF0CFFFFFFFF0C7B0100000C7C0100000C050000000CFFFFFFFF0C7D0100000A0B110E04636F6E650D07737572666163650CFFFFFFFF04FFFFFFFF0CFFFFFFFF13FFFFFFFFFFBF38400000000000004C40000000000070E7BC140000000000000000000000000000F0BF00000000000000001400000000000000
310
000000000000000000340000000000FCBF06000000000000F03F0B0B06000000000000000006000000000000F03F06340000000000FC3F0B0B0B0B0B110E04445849440D066174747269620CFFFFFFFF04FFFFFFFF0CFFFFFFFF0CFFFFFFFF0C9C000000071241534D5F464143455F46524F4D5F535445500712445F726169
310
6C496E6E657231382D31333432110D04666163650C7E01000004FFFFFFFF0CFFFFFFFF0C7F0100000C800100000C050000000CFFFFFFFF0C810100000A0B110D046C6F6F700CFFFFFFFF04FFFFFFFF0CFFFFFFFF0CFFFFFFFF0C820100000C9C000000110E05706C616E650D07737572666163650CFFFFFFFF04FFFFFFFF0C
310
FFFFFFFF130000000000C058400000000000D04D406666666666A62740140000000000000000000000000000F0BF00000000000000001400000000000000000000000000000000000000000000F0BF0B0B0B0B0B110D06636F656467650CFFFFFFFF04FFFFFFFF0CFFFFFFFF0C830100000C840100000C0A0100000C850100
310
000A0C9D00000004000000000CFFFFFFFF110D06636F656467650CFFFFFFFF04FFFFFFFF0CFFFFFFFF0CA20000000C9F0000000C860100000C870100000A0C5B00000004000000000CFFFFFFFF110D06636F656467650CFFFFFFFF04FFFFFFFF0CFFFFFFFF0C9F0000000CA20000000C880100000C890100000B0C5B000000
310
04000000000CFFFFFFFF110D06636F656467650CFFFFFFFF04FFFFFFFF0CFFFFFFFF0C8A0100000C8B0100000C9F0000000C090100000A0C1F01000004000000000CFFFFFFFF110D04656467650C8C01000004FFFFFFFF0CFFFFFFFF0C8D0100000600000000000000000C8E01000006FB7E6ABC7493883F0C9F0000000C8F
310
0100000B0707756E6B6E6F776E110D06636F656467650CFFFFFFFF04FFFFFFFF0CFFFFFFFF0CA10000000CA00000000C050100000C850100000B0C3000000004000000000CFFFFFFFF110D06636F656467650CFFFFFFFF04FFFFFFFF0CFFFFFFFF0C860100000C900100000CA00000000C0C0100000B0C7C01000004000000
310
000CFFFFFFFF110D04656467650C9101000004FFFFFFFF0CFFFFFFFF0C9201000006182D4454FB2109C00C110100000600000000000000000CA00000000C930100000B0707756E6B6E6F776E110D06636F656467650CFFFFFFFF04FFFFFFFF0CFFFFFFFF0C940100000C880100000CA10000000C0E0100000A0C9501000004
310
000000000CFFFFFFFF110D04656467650C9601000004FFFFFFFF0CFFFFFFFF0C9701000006182D4454FB2109C00C100100000600000000000000000CA10000000C980100000B0707756E6B6E6F776E110E04445849440D066174747269620CFFFFFFFF04FFFFFFFF0CFFFFFFFF0CFFFFFFFF0CA3000000071241534D5F4544
310
47455F46524F4D5F53544550070432363335110D067665727465780CFFFFFFFF04FFFFFFFF0CFFFFFFFF0CA300000004000000000C99010000110D067665727465780CFFFFFFFF04FFFFFFFF0CFFFFFFFF0CA300000004010000000C9A010000110E0873747261696768740D0563757276650CFFFFFFFF04FFFFFFFF0CFFFF
310
FFFF130100000000C04B400100000000A04D4001000000000008C0140000000000408FC0000000000000000000000000000000000A0600000000000000000A06FB7E6ABC7493883F110D06636F656467650CFFFFFFFF04FFFFFFFF0CFFFFFFFF0C3A0100000C3A0100000CA40000000C140100000A0CC10000000400000000
310
0CFFFFFFFF110D04656467650C9B01000004FFFFFFFF0CFFFFFFFF0C1901000006182D4454FB2109C00C1C0100000600000000000000000CA40000000C9C0100000B0707756E6B6E6F776E110D06636F656467650CFFFFFFFF04FFFFFFFF0CFFFFFFFF0CA70000000CA50000000CA90000000C1E0100000B0C170100000400
310
0000000CFFFFFFFF110D06636F656467650CFFFFFFFF04FFFFFFFF0CFFFFFFFF0CA50000000CA70000000C3A0100000C9D0100000B0C1701000004000000000CFFFFFFFF110D046C6F6F700CFFFFFFFF04FFFFFFFF0CFFFFFFFF0CFFFFFFFF0CA50000000C9E010000110E04445849440D066174747269620CFFFFFFFF04FF
310
FFFFFF0CFFFFFFFF0CFFFFFFFF0CA6000000071241534D5F454447455F46524F4D5F535445500703383534110D067665727465780CFFFFFFFF04FFFFFFFF0CFFFFFFFF0CA600000004010000000C9F010000110E0873747261696768740D0563757276650CFFFFFFFF04FFFFFFFF0CFFFFFFFF130100000000905240000000
310
0000004C40280000000000FC3F1400000000000000000000000000408FC000000000000000000A061F2FDD24068175BF0A067B3255302AA963BF110E04445849440D066174747269620CFFFFFFFF04FFFFFFFF0CFFFFFFFF0CFFFFFFFF0CA8000000071241534D5F454447455F46524F4D5F535445500703363439110D0676
310
65727465780CFFFFFFFF04FFFFFFFF0CFFFFFFFF0C1401000004010000000CA0010000110E0873747261696768740D0563757276650CFFFFFFFF04FFFFFFFF0CFFFFFFFF1301000000009052400000000000004C403F0000000000FCBF1400000000000000000000000000408FC000000000000000000A061F2FDD24068175
310
BF0A067B3255302AA963BF110D04656467650CA101000004FFFFFFFF0CFFFFFFFF0CAD0000000600000000000000000CAC00000006182D4454FB2109400CA90000000CA20100000B0707756E6B6E6F776E110D046C6F6F700CFFFFFFFF04FFFFFFFF0CFFFFFFFF0C3D0000000CA30100000C7A000000110D05706F696E740C
310
FFFFFFFF04FFFFFFFF0CFFFFFFFF1301000000009052400000000000A04E403F0000000000FCBF110D05706F696E740CFFFFFFFF04FFFFFFFF0CFFFFFFFF1301000000009052400000000000A04E40280000000000FC3F110D06636F656467650CFFFFFFFF04FFFFFFFF0CFFFFFFFF0CA40100000CAF0000000CB20000000C
310
270100000A0CD400000004000000000CFFFFFFFF110D06636F656467650CFFFFFFFF04FFFFFFFF0CFFFFFFFF0CAF0000000CA50100000CB70000000C2B0100000A0CD400000004000000000CFFFFFFFF110E04445849440D066174747269620CFFFFFFFF04FFFFFFFF0CFFFFFFFF0CFFFFFFFF0CB0000000071241534D5F45
310
4447455F46524F4D5F535445500703353236110E07656C6C697073650D0563757276650CFFFFFFFF04FFFFFFFF0CFFFFFFFF1301000000009052400000000000004C40000000000070E7BC140000000000000000000000000000F0BFEDF57ABD5EAFA33C140000000000000000FB70381C0E87BDBC12000000000008C00600
310
0000000000F03F0A0600000000000000000A06CCFDC7115680D73F110D06636F656467650CFFFFFFFF04FFFFFFFF0CFFFFFFFF0CB20000000CB10000000CA60100000CA70100000B0CB300000004000000000CFFFFFFFF110D04656467650CA801000004FFFFFFFF0CFFFFFFFF0CA90100000603FEC7115680D7BF0CB50000
310
000600000000000000000C220100000CAA0100000B0707756E6B6E6F776E110D04666163650CAB01000004FFFFFFFF0CFFFFFFFF0CAC0100000CB30000000C050000000CFFFFFFFF0CAD0100000A0B110D05706F696E740CFFFFFFFF04FFFFFFFF0CFFFFFFFF1301000000009052400000000000004C4019000000000008C0
310
110D06636F656467650CFFFFFFFF04FFFFFFFF0CFFFFFFFF0CB80000000CB70000000CAE0100000CAF0100000A0CB900000004000000000CFFFFFFFF110D04656467650CB001000004FFFFFFFF0CFFFFFFFF0CBB00000006F682CB38BAC26F3F0CB101000006C3BAB88D06F0763F0C230100000CB20100000B0707756E6B6E
310
6F776E110D04666163650CB301000004FFFFFFFF0CFFFFFFFF0C280100000CB90000000C050000000CFFFFFFFF0CB40100000A0B110D05706F696E740CFFFFFFFF04FFFFFFFF0CFFFFFFFF13BE82A81BEED452400000000000004C405E666666666606C0110D06636F656467650CFFFFFFFF04FFFFFFFF0CFFFFFFFF0CB501
310
00000CBD0000000CB60100000CB70100000A0C6900000004000000000CFFFFFFFF110D06636F656467650CFFFFFFFF04FFFFFFFF0CFFFFFFFF0CAE0100000CB80100000CBD0000000C300100000B0CB901000004000000000CFFFFFFFF110D04656467650CBA01000004FFFFFFFF0CFFFFFFFF0CBB010000062EE54BC5A53A
310
5CBF0C320100000600000000000000000C2F0100000CBC0100000B0707756E6B6E6F776E110E04445849440D066174747269620CFFFFFFFF04FFFFFFFF0CFFFFFFFF0CFFFFFFFF0CBE000000071241534D5F454447455F46524F4D5F53544550070431313338110D067665727465780CFFFFFFFF04FFFFFFFF0CFFFFFFFF0C
310
3001000004010000000CBD010000110E0873747261696768740D0563757276650CFFFFFFFF04FFFFFFFF0CFFFFFFFF13CECCCCCCCCDC51403433333333334D4061666666666606C0140000000000408FC0000000000000000076DBB66D5BCC353D0A06C3BAB88D06F076BF0A06F682CB38BAC26FBF110D06636F656467650C
310
FFFFFFFF04FFFFFFFF0CFFFFFFFF0CBF0000000CC20000000CBE0100000CBF0100000A0C6900000004000000000CFFFFFFFF110D06636F656467650CFFFFFFFF04FFFFFFFF0CFFFFFFFF0CC00100000CA60100000CBF0000000C360100000B0CC101000004000000000CFFFFFFFF110D04656467650CC201000004FFFFFFFF
310
0CFFFFFFFF0C3801000006CDE44BC5A53A5CBF0CC30100000600000000000000000C350100000CC40100000B0707756E6B6E6F776E110E04445849440D066174747269620CFFFFFFFF04FFFFFFFF0CFFFFFFFF0CFFFFFFFF0CC0000000071241534D5F454447455F46524F4D5F53544550070432313136110D067665727465
310
780CFFFFFFFF04FFFFFFFF0CFFFFFFFF0CC000000004010000000CC5010000110E07656C6C697073650D0563757276650CFFFFFFFF04FFFFFFFF0CFFFFFFFF1301000000009052403433333333334D407F3E9FCFE763EABC140000000000000000000000000000F03F00000000000000001400000000000000000000000000
310
00000012000000000008C006000000000000F03F0A0600000000000000000A0604FEC7115680D73F110D06636F656467650CFFFFFFFF04FFFFFFFF0CFFFFFFFF0C130100000C130100000C160100000C9D0100000A0CC100000004000000000CFFFFFFFF110D06636F656467650CFFFFFFFF04FFFFFFFF0CFFFFFFFF0CC200
310
00000CC60100000CC70100000CC80100000A0C6900000004000000000CFFFFFFFF110D06636F656467650CFFFFFFFF04FFFFFFFF0CFFFFFFFF0CC90100000CCA0100000CC20000000C3D0100000B0CCB01000004000000000CFFFFFFFF110D04656467650CCC01000004FFFFFFFF0CFFFFFFFF0CCD01000006B32DD2CFE541
310
F33F0CCE010000067D2CB6D81002FF3F0C3C0100000CCF0100000B0707756E6B6E6F776E110E04445849440D066174747269620CFFFFFFFF04FFFFFFFF0CFFFFFFFF0CFFFFFFFF0CC3000000071241534D5F464143455F46524F4D5F535445500711445F7261696C496E6E657231382D323633110D04666163650CD0010000
310
04FFFFFFFF0CFFFFFFFF0CD10100000CD20100000C050000000CFFFFFFFF0CD30100000A0B110E05706C616E650D07737572666163650CFFFFFFFF04FFFFFFFF0CFFFFFFFF130000000000C058403433333333334D4066666666662623C0140000000000000000000000000000F0BF00000000000000001400000000000000
310
000000000000000000000000000000F0BF0B0B0B0B0B110E04445849440D066174747269620CFFFFFFFF04FFFFFFFF0CFFFFFFFF0CFFFFFFFF0CC9000000071241534D5F454447455F46524F4D5F53544550070432343739110E07656C6C697073650D0563757276650CFFFFFFFF04FFFFFFFF0CFFFFFFFF13FFFFFFFFFFBF
310
38403433333333334D40000000000070E7BC140000000000000000000000000000F03F00000000000000001400000000000000000000000000000000340000000000FCBF06000000000000F03F0A06182D4454FB2109C00A060000000000000000110E04445849440D066174747269620CFFFFFFFF04FFFFFFFF0CFFFFFFFF
310
0CFFFFFFFF0CCF000000071241534D5F464143455F46524F4D5F535445500711445F7261696C496E6E657231382D393838110D046C6F6F700CFFFFFFFF04FFFFFFFF0CFFFFFFFF0CFFFFFFFF0CD40100000CCF000000110E05706C616E650D07737572666163650CFFFFFFFF04FFFFFFFF0CFFFFFFFF130000000000C05840
310
0100000000704F4066666666662623401400000000000000000000000000000000000000000000F0BF14000000000000F0BF000000000000000000000000000000000B0B0B0B0B110D06636F656467650CFFFFFFFF04FFFFFFFF0CFFFFFFFF0CD50100000CD60100000CD70100000CD80100000A0CD000000004000000000C
310
FFFFFFFF110D06636F656467650CFFFFFFFF04FFFFFFFF0CFFFFFFFF0CD90100000CD20000000CDA0100000CDB0100000B0C7F00000004000000000CFFFFFFFF110D06636F656467650CFFFFFFFF04FFFFFFFF0CFFFFFFFF0CD70000000CEF0000000CD20000000C490100000A0CF000000004000000000CFFFFFFFF110D04
310
656467650CDC01000004FFFFFFFF0CFFFFFFFF0CDA00000006F682CB38BAC26F3F0CDD01000006BDBAB88D06F0763F0CD20000000CDE0100000B0707756E6B6E6F776E110D06636F656467650CFFFFFFFF04FFFFFFFF0CFFFFFFFF0CD30000000CDF0100000C760100000CE00100000B0C7F00000004000000000CFFFFFFFF
310
110D06636F656467650CFFFFFFFF04FFFFFFFF0CFFFFFFFF0CE60000000CDF0000000CD30000000C4C0100000A0CE700000004000000000CFFFFFFFF110D04656467650CE101000004FFFFFFFF0CFFFFFFFF0CE201000006F782CB38BAC26F3F0CE200000006C8BAB88D06F0763F0CD30000000CE30100000B0707756E6B6E
310
6F776E110D06636F656467650CFFFFFFFF04FFFFFFFF0CFFFFFFFF0CE40100000CE50100000CE60100000CE70100000A0CD400000004000000000CFFFFFFFF110D06636F656467650CFFFFFFFF04FFFFFFFF0CFFFFFFFF0CDF0100000CD50000000CE80100000CE90100000B0C7F00000004000000000CFFFFFFFF110D0663
310
6F656467650CFFFFFFFF04FFFFFFFF0CFFFFFFFF0CD50000000CEA0100000CEB0100000CEC0100000B0C7F00000004000000000CFFFFFFFF110D06636F656467650CFFFFFFFF04FFFFFFFF0CFFFFFFFF0CED0100000CEE0100000CD50000000C510100000A0CEF01000004000000000CFFFFFFFF110D04656467650CF00100
310
0004FFFFFFFF0CFFFFFFFF0CF101000006712D0B92F03106400CF201000006BC2C7D1606120C400CD50000000CF30100000B0707756E6B6E6F776E110E04445849440D066174747269620CFFFFFFFF04FFFFFFFF0CFFFFFFFF0CFFFFFFFF0CD6000000071241534D5F464143455F46524F4D5F535445500712445F7261696C
310
496E6E657231382D31393137110D04666163650CF401000004FFFFFFFF0CFFFFFFFF0CF50100000CF60100000C050000000CFFFFFFFF0CF70100000A0B110D046C6F6F700CFFFFFFFF04FFFFFFFF0CFFFFFFFF0C7F0000000CF80100000CD6000000110E05706C616E650D07737572666163650CFFFFFFFF04FFFFFFFF0CFF
310
FFFFFF130000000000C058400000000000004C4066666666662623C0140000000000000000000000000000F03F00000000000000001400000000000000000000000000000000000000000000F03F0B0B0B0B0B110E04445849440D066174747269620CFFFFFFFF04FFFFFFFF0CFFFFFFFF0CFFFFFFFF0CD800000007124153
310
4D5F454447455F46524F4D5F53544550070431323731110E0873747261696768740D0563757276650CFFFFFFFF04FFFFFFFF0CFFFFFFFF130EF55D9147AC37409DED9BD90EBF524061666666666606C01400000000000000000000000000408F4029140A85423943BD0A06404C6EAAE07093BF0A06F1A56364BBFB90BF110D
310
05706F696E740CFFFFFFFF04FFFFFFFF0CFFFFFFFF130EF55D9147AC37400000000000004C405E666666666606C0110E04445849440D066174747269620CFFFFFFFF04FFFFFFFF0CFFFFFFFF0CFFFFFFFF0CDD000000071241534D5F464143455F46524F4D5F535445500712445F7261696C496E6E657231382D3139363811
310
0D04666163650CF901000004FFFFFFFF0CFFFFFFFF0CFA0100000C670100000C050000000CFFFFFFFF0CFB0100000A0B110E05706C616E650D07737572666163650CFFFFFFFF04FFFFFFFF0CFFFFFFFF13CACCCCCCCC8C3B406F8891427494504061666666666606C0142C4992244952963C00000000000000000000000000
310
00F0BF14000000000000F03F00000000000000002C4992244952963C0B0B0B0B0B110E04445849440D066174747269620CFFFFFFFF04FFFFFFFF0CFFFFFFFF0CFFFFFFFF0CE0000000071241534D5F454447455F46524F4D5F53544550070432353138110E0873747261696768740D0563757276650CFFFFFFFF04FFFFFFFF
310
0CFFFFFFFF13CACCCCCCCC8C3B406F8891427494504061666666666606C01400000000000000000000000000408FC000000000000000000A062940CC2C2638803F0A06C88CE1B87022853F110D05706F696E740CFFFFFFFF04FFFFFFFF0CFFFFFFFF13CACCCCCCCC8C3B400000000000004C4061666666666606C0110D0465
310
6467650CFC01000004FFFFFFFF0CFFFFFFFF0CE201000006404C6EAAE07093BF0CE900000006F1A56364BBFB90BF0CF80000000CFD0100000B0707756E6B6E6F776E110D04666163650CFE01000004FFFFFFFF0CFFFFFFFF0C880000000CE70000000C050000000CFFFFFFFF0CFF0100000A0B110D05706F696E740CFFFFFF
310
FF04FFFFFFFF0CFFFFFFFF13CACCCCCCCC8C3B403433333333334D40F2AE20EA863BF1BF110D06636F656467650CFFFFFFFF04FFFFFFFF0CFFFFFFFF0CEC0000000C000200000C010200000C020200000B0C2900000004000000000CFFFFFFFF110D06636F656467650CFFFFFFFF04FFFFFFFF0CFFFFFFFF0C030200000C04
310
0200000CEC0000000C640100000A0C0502000004000000000CFFFFFFFF110D04656467650C0602000004FFFFFFFF0CFFFFFFFF0C07020000066E2CB6D81002FFBF0C6901000006AE2DD2CFE541F3BF0CEC0000000C080200000B0707756E6B6E6F776E110D06636F656467650CFFFFFFFF04FFFFFFFF0CFFFFFFFF0CDA0100
310
000CED0000000C040200000C090200000B0C6701000004000000000CFFFFFFFF110D06636F656467650CFFFFFFFF04FFFFFFFF0CFFFFFFFF0CED0000000CDA0100000CEF0000000C6B0100000A0C6701000004000000000CFFFFFFFF110D046C6F6F700CFFFFFFFF04FFFFFFFF0CFFFFFFFF0CFFFFFFFF0CED0000000C5A01
310
0000110E04445849440D066174747269620CFFFFFFFF04FFFFFFFF0CFFFFFFFF0CFFFFFFFF0CEE000000071241534D5F454447455F46524F4D5F53544550070431383531110D067665727465780CFFFFFFFF04FFFFFFFF0CFFFFFFFF0C6401000004010000000C0A020000110E0873747261696768740D0563757276650CFF
310
FFFFFF04FFFFFFFF0CFFFFFFFF133333333333F335403433333333334D4061666666666606C014000000000000000000000000000000000000000000408FC00A062EE54BC5A53A5CBF0A060000000000000000110D04656467650C0B02000004FFFFFFFF0CFFFFFFFF0CF2000000062940CC2C2638803F0CDD01000006C88C
310
E1B87022853F0CEF0000000C0C0200000B0707756E6B6E6F776E110D05706F696E740CFFFFFFFF04FFFFFFFF0CFFFFFFFF133333333333F335403433333333334D4061666666666606C0110D06636F656467650CFFFFFFFF04FFFFFFFF0CFFFFFFFF0C000200000CF50000000C0D0200000C0E0200000B0C29000000040000
310
00000CFFFFFFFF110D06636F656467650CFFFFFFFF04FFFFFFFF0CFFFFFFFF0C0F0200000C100200000CF50000000C6F0100000A0C1102000004000000000CFFFFFFFF110D04656467650C1202000004FFFFFFFF0CFFFFFFFF0C7401000006BDBAB88D06F076BF0C13020000069A82CB38BAC26FBF0CF50000000C14020000
310
0B0707756E6B6E6F776E110D06636F656467650CFFFFFFFF04FFFFFFFF0CFFFFFFFF0C150200000CF60000000CF90000000C770100000B0C7201000004000000000CFFFFFFFF110D06636F656467650CFFFFFFFF04FFFFFFFF0CFFFFFFFF0CF60000000C150200000C0F0200000C160200000A0C7201000004000000000CFF
310
FFFFFF110D046C6F6F700CFFFFFFFF04FFFFFFFF0CFFFFFFFF0CFFFFFFFF0CF60000000C17020000110E04445849440D066174747269620CFFFFFFFF04FFFFFFFF0CFFFFFFFF0CFFFFFFFF0CF7000000071241534D5F454447455F46524F4D5F53544550070431363134110D067665727465780CFFFFFFFF04FFFFFFFF0CFF
310
FFFFFF0CF700000004010000000C18020000110E0873747261696768740D0563757276650CFFFFFFFF04FFFFFFFF0CFFFFFFFF13CACCCCCCCC8C3B403433333333334D406D6666666666064014000000000000000000000000000000000000000000408F400A0664E54BC5A53A5CBF0A060000000000000000110D06636F65
310
6467650CFFFFFFFF04FFFFFFFF0CFFFFFFFF0CF90000000CF80000000C4A0100000CE00100000A0CFA00000004000000000CFFFFFFFF110D04656467650C1902000004FFFFFFFF0CFFFFFFFF0CFC00000006F1A56364BBFB903F0C1A02000006404C6EAAE070933F0C700100000C1B0200000B0707756E6B6E6F776E110D04
310
666163650C1C02000004FFFFFFFF0CFFFFFFFF0C600100000CFA0000000C050000000CFFFFFFFF0C1D0200000A0B110D05706F696E740CFFFFFFFF04FFFFFFFF0CFFFFFFFF13CACCCCCCCC8C3B403433333333334D40D7AE20EA863BF13F110E04445849440D066174747269620CFFFFFFFF04FFFFFFFF0CFFFFFFFF0CFFFF
310
FFFF0CFF000000071241534D5F464143455F46524F4D5F535445500712445F7261696C496E6E657231382D32363830110D04666163650C1E02000004FFFFFFFF0CFFFFFFFF0C1F0200000C200200000C050000000CFFFFFFFF0C210200000B0B110D046C6F6F700CFFFFFFFF04FFFFFFFF0CFFFFFFFF0CFFFFFFFF0C220200
310
000CFF000000110E04636F6E650D07737572666163650CFFFFFFFF04FFFFFFFF0CFFFFFFFF130100000000C045400100000000A04D404C60D37EB294C73C140000000000000000000000000000F03F00000000000000001400000000000000000000000000000000010000000000084006000000000000F03F0B0B06000000
310
000000000006000000000000F03F0601000000000008400B0B0B0B0B110E04445849440D066174747269620CFFFFFFFF04FFFFFFFF0CFFFFFFFF0CFFFFFFFF0C02010000071241534D5F464143455F46524F4D5F535445500712445F7261696C496E6E657231382D31363331110D04666163650C2302000004FFFFFFFF0CFF
310
FFFFFF0C240200000C250200000C050000000CFFFFFFFF0C260200000A0B110D046C6F6F700CFFFFFFFF04FFFFFFFF0CFFFFFFFF0CFFFFFFFF0C270200000C02010000110E05706C616E650D07737572666163650CFFFFFFFF04FFFFFFFF0CFFFFFFFF130000000000C058400000000000D04D406666666666A62740140000
310
0000000000000000000000000000000000000000F0BF14000000000000F0BF000000000000000000000000000000000B0B0B0B0B110D06636F656467650CFFFFFFFF04FFFFFFFF0CFFFFFFFF0C280200000C290200000C2A0200000C2B0200000B0C0301000004000000000CFFFFFFFF110D06636F656467650CFFFFFFFF04
310
FFFFFFFF0CFFFFFFFF0C2C0200000C050100000C900100000C2D0200000B0C9D00000004000000000CFFFFFFFF110D06636F656467650CFFFFFFFF04FFFFFFFF0CFFFFFFFF0C050100000C2C0200000C940100000C2E0200000A0C9D00000004000000000CFFFFFFFF110D04656467650C2F02000004FFFFFFFF0CFFFFFFFF
310
0C9201000006FB7E6ABC749388BF0C970100000600000000000000000C0A0100000C300200000B0707756E6B6E6F776E110D06636F656467650CFFFFFFFF04FFFFFFFF0CFFFFFFFF0C220200000C0B0100000C060100000C870100000B0C7C01000004000000000CFFFFFFFF110D04656467650C3102000004FFFFFFFF0CFF
310
FFFFFF0C110100000600000000000000000C8E01000006ECA9F1D24D62603F0C060100000C320200000B070E74616E67656E745F6E6F745F6732110D06636F656467650CFFFFFFFF04FFFFFFFF0CFFFFFFFF0C0D0100000C330200000C070100000C890100000A0C9501000004000000000CFFFFFFFF110D04656467650C34
310
02000004FFFFFFFF0CFFFFFFFF0C100100000600000000000000000C8D01000006ECA9F1D24D62603F0C070100000C350200000B070E74616E67656E745F6E6F745F6732110D06636F656467650CFFFFFFFF04FFFFFFFF0CFFFFFFFF0CA30100000C080100000C330200000C360200000A0C1F01000004000000000CFFFFFF
310
FF110D06636F656467650CFFFFFFFF04FFFFFFFF0CFFFFFFFF0C080100000CA30100000C220200000C370200000B0C1F01000004000000000CFFFFFFFF110E04445849440D066174747269620CFFFFFFFF04FFFFFFFF0CFFFFFFFF0CFFFFFFFF0C09010000071241534D5F454447455F46524F4D5F53544550070332313711
310
0D067665727465780CFFFFFFFF04FFFFFFFF0CFFFFFFFF0C0901000004000000000C38020000110D067665727465780CFFFFFFFF04FFFFFFFF0CFFFFFFFF0C0901000004010000000C39020000110E0873747261696768740D0563757276650CFFFFFFFF04FFFFFFFF0CFFFFFFFF130100000000C04B400000000000A04E40
310
01000000000008C0140000000000408FC0000000000000000000000000000000000A0600000000000000000A06FB7E6ABC7493883F110D06636F656467650CFFFFFFFF04FFFFFFFF0CFFFFFFFF0C0B0100000C220200000C830100000C2D0200000A0C7C01000004000000000CFFFFFFFF110E04445849440D066174747269
310
620CFFFFFFFF04FFFFFFFF0CFFFFFFFF0CFFFFFFFF0C0C010000071241534D5F454447455F46524F4D5F53544550070432363933110D067665727465780CFFFFFFFF04FFFFFFFF0CFFFFFFFF0C0C01000004000000000C3A020000110E07656C6C697073650D0563757276650CFFFFFFFF04FFFFFFFF0CFFFFFFFF13010000
310
0000C045400100000000A04D404C60D37EB294C73C140000000000000080000000000000F0BF0000000000000080140000000000000000000000000000000001000000000008C006000000000000F03F0A06182D4454FB2109C00A060000000000000000110D06636F656467650CFFFFFFFF04FFFFFFFF0CFFFFFFFF0C3302
310
00000C0D0100000C840100000C2E0200000B0C9501000004000000000CFFFFFFFF110D046C6F6F700CFFFFFFFF04FFFFFFFF0CFFFFFFFF0CFFFFFFFF0C330200000C3B020000110E04445849440D066174747269620CFFFFFFFF04FFFFFFFF0CFFFFFFFF0CFFFFFFFF0C0E010000071241534D5F454447455F46524F4D5F53
310
544550070431373034110D067665727465780CFFFFFFFF04FFFFFFFF0CFFFFFFFF0C8501000004010000000C3C020000110E07656C6C697073650D0563757276650CFFFFFFFF04FFFFFFFF0CFFFFFFFF130100000000C04B400100000000A04D404C60D37EB294C73C140000000000000000000000000000F03F0000000000
310
000000140000000000000000000000000000000001000000000008C006000000000000F03F0A06182D4454FB2109C00A060000000000000000110D05706F696E740CFFFFFFFF04FFFFFFFF0CFFFFFFFF130100000000C04B400100000000A04D4001000000000008C0110D05706F696E740CFFFFFFFF04FFFFFFFF0CFFFFFF
310
FF130100000000C045400100000000A04D4001000000000008C0110E04445849440D066174747269620CFFFFFFFF04FFFFFFFF0CFFFFFFFF0CFFFFFFFF0C14010000071241534D5F454447455F46524F4D5F53544550070431353638110E07656C6C697073650D0563757276650CFFFFFFFF04FFFFFFFF0CFFFFFFFF130100
310
0000009052403433333333334D40000000000070E7BC140000000000000000000000000000F0BF00000000000000001400000000000000000000000000000000340000000000FCBF06000000000000F03F0A06182D4454FB2109C00A060000000000000000110D04656467650C3D02000004FFFFFFFF0CFFFFFFFF0C1C0100
310
000600000000000000000C1901000006182D4454FB2109400C160100000C3E0200000B0707756E6B6E6F776E110D04666163650C3F02000004FFFFFFFF0CFFFFFFFF0CC30000000C170100000C050000000CFFFFFFFF0C400200000A0B110D05706F696E740CFFFFFFFF04FFFFFFFF0CFFFFFFFF1301000000009052403433
310
333333334D40280000000000FC3F110D05706F696E740CFFFFFFFF04FFFFFFFF0CFFFFFFFF1301000000009052403433333333334D403F0000000000FCBF110E04445849440D066174747269620CFFFFFFFF04FFFFFFFF0CFFFFFFFF0CFFFFFFFF0C1E010000071241534D5F454447455F46524F4D5F535445500704313235
310
38110E07656C6C697073650D0563757276650CFFFFFFFF04FFFFFFFF0CFFFFFFFF1301000000009052400000000000A04E40000000000070E7BC140000000000000000000000000000F03F00000000000000001400000000000000000000000000000000340000000000FC3F06000000000000F03F0A060000000000000000
310
0A06182D4454FB210940110D06636F656467650CFFFFFFFF04FFFFFFFF0CFFFFFFFF0C8B0100000C8A0100000C2C0200000C410200000A0C1F01000004000000000CFFFFFFFF110D06636F656467650CFFFFFFFF04FFFFFFFF0CFFFFFFFF0C420200000C220100000C430200000C440200000A0CD400000004000000000CFF
310
FFFFFF110D06636F656467650CFFFFFFFF04FFFFFFFF0CFFFFFFFF0C230100000C450200000C460200000C470200000A0CD400000004000000000CFFFFFFFF110D06636F656467650CFFFFFFFF04FFFFFFFF0CFFFFFFFF0C350100000C430200000C260100000CA70100000A0CC101000004000000000CFFFFFFFF110D0465
310
6467650C4802000004FFFFFFFF0CFFFFFFFF0C3801000006F1A56364BBFB903F0CA901000006404C6EAAE070933F0C260100000C490200000B0707756E6B6E6F776E110E04445849440D066174747269620CFFFFFFFF04FFFFFFFF0CFFFFFFFF0CFFFFFFFF0C27010000071241534D5F454447455F46524F4D5F5354455007
310
0431303234110D067665727465780CFFFFFFFF04FFFFFFFF0CFFFFFFFF0C2701000004000000000C4A020000110E07656C6C697073650D0563757276650CFFFFFFFF04FFFFFFFF0CFFFFFFFF1301000000009052400000000000004C40000000000070E7BC140000000000000000000000000000F0BFEDF57ABD5EAFA33C14
310
0000000000000000FB70381C0E87BDBC12000000000008C006000000000000F03F0A0603FEC7115680D7BF0A060000000000000000110E04445849440D066174747269620CFFFFFFFF04FFFFFFFF0CFFFFFFFF0CFFFFFFFF0C28010000071241534D5F464143455F46524F4D5F535445500711445F7261696C496E6E657231
310
382D393530110D04666163650C4B02000004FFFFFFFF0CFFFFFFFF0C4C0200000CC10100000C050000000CFFFFFFFF0C4D0200000A0B110E04636F6E650D07737572666163650CFFFFFFFF04FFFFFFFF0CFFFFFFFF1301000000009052409DED9BD90EBF52408AB603DFCE65F7BC140000000000000000000000000000F0BF
310
EDF57ABD5EAFA33C140000000000000000FB70381C0E87BDBC12000000000008C006000000000000F03F0B0B06000000000000000006000000000000F03F0612000000000008400B0B0B0B0B110D06636F656467650CFFFFFFFF04FFFFFFFF0CFFFFFFFF0C460200000C2F0100000C2A0100000CAF0100000B0CB901000004
310
000000000CFFFFFFFF110D04656467650C4E02000004FFFFFFFF0CFFFFFFFF0C32010000062940CC2C2638803F0CB101000006C88CE1B87022853F0CAE0100000C4F0200000B0707756E6B6E6F776E110E04445849440D066174747269620CFFFFFFFF04FFFFFFFF0CFFFFFFFF0CFFFFFFFF0C2B010000071241534D5F4544
310
47455F46524F4D5F53544550070432333038110D067665727465780CFFFFFFFF04FFFFFFFF0CFFFFFFFF0C4702000004000000000C50020000110E0873747261696768740D0563757276650CFFFFFFFF04FFFFFFFF0CFFFFFFFF13CECCCCCCCCDC51400000000000004C4061666666666606C0140000000000408F40000000
310
000000000076DBB66D5BCC35BD0A06F682CB38BAC26F3F0A06C3BAB88D06F0763F110E04445849440D066174747269620CFFFFFFFF04FFFFFFFF0CFFFFFFFF0CFFFFFFFF0C2C010000071241534D5F464143455F46524F4D5F535445500712445F7261696C496E6E657231382D31353834110E05706C616E650D0773757266
310
6163650CFFFFFFFF04FFFFFFFF0CFFFFFFFF13CECCCCCCCCDC51406F8891427494504061666666666606C0142C499224495296BC0000000000000000000000000000F0BF14000000000000F0BF00000000000000002C4992244952963C0B0B0B0B0B110D06636F656467650CFFFFFFFF04FFFFFFFF0CFFFFFFFF0C51020000
310
0C2E0100000C520200000C530200000A0C6900000004000000000CFFFFFFFF110D06636F656467650CFFFFFFFF04FFFFFFFF0CFFFFFFFF0C540200000C550200000C2E0100000CB70100000B0C5602000004000000000CFFFFFFFF110D04656467650C5702000004FFFFFFFF0CFFFFFFFF0C58020000065E2CB6D81002FFBF
310
0CBB01000006A82DD2CFE541F3BF0CB60100000C590200000B0707756E6B6E6F776E110D06636F656467650CFFFFFFFF04FFFFFFFF0CFFFFFFFF0C2F0100000C460200000C540200000C5A0200000A0CB901000004000000000CFFFFFFFF110D046C6F6F700CFFFFFFFF04FFFFFFFF0CFFFFFFFF0CFFFFFFFF0C2F0100000C
310
5B020000110E04445849440D066174747269620CFFFFFFFF04FFFFFFFF0CFFFFFFFF0CFFFFFFFF0C30010000071241534D5F454447455F46524F4D5F535445500703393338110D067665727465780CFFFFFFFF04FFFFFFFF0CFFFFFFFF0CB701000004010000000C5C020000110E0873747261696768740D0563757276650C
310
FFFFFFFF04FFFFFFFF0CFFFFFFFF1334333333334353403433333333334D4061666666666606C014000000000000000000000000000000000000000000408FC00A062EE54BC5A53A5CBF0A060000000000000000110D05706F696E740CFFFFFFFF04FFFFFFFF0CFFFFFFFF1334333333334353403433333333334D40616666
310
66666606C0110D06636F656467650CFFFFFFFF04FFFFFFFF0CFFFFFFFF0C5D0200000C5E0200000C340100000CBF0100000B0C5F02000004000000000CFFFFFFFF110D04656467650C6002000004FFFFFFFF0CFFFFFFFF0CC301000006C8BAB88D06F076BF0CCD01000006F882CB38BAC26FBF0CBE0100000C610200000B07
310
07756E6B6E6F776E110D06636F656467650CFFFFFFFF04FFFFFFFF0CFFFFFFFF0C430200000C350100000C5E0200000C620200000B0CC101000004000000000CFFFFFFFF110D046C6F6F700CFFFFFFFF04FFFFFFFF0CFFFFFFFF0CFFFFFFFF0C350100000CAC010000110E04445849440D066174747269620CFFFFFFFF04FF
310
FFFFFF0CFFFFFFFF0CFFFFFFFF0C36010000071241534D5F454447455F46524F4D5F53544550070432323035110D067665727465780CFFFFFFFF04FFFFFFFF0CFFFFFFFF0C3601000004010000000C63020000110E0873747261696768740D0563757276650CFFFFFFFF04FFFFFFFF0CFFFFFFFF13CECCCCCCCCDC51403433
310
333333334D4061666666666606C0140000000000408FC0000000000000000076DBB66D5BCC353D0A06CDE44BC5A53A5CBF0A060000000000000000110D05706F696E740CFFFFFFFF04FFFFFFFF0CFFFFFFFF13447D57E4114B52403433333333334D4061666666666606C0110D06636F656467650CFFFFFFFF04FFFFFFFF0C
310
FFFFFFFF0C3B0100000C640200000C650200000C660200000A0C6900000004000000000CFFFFFFFF110D06636F656467650CFFFFFFFF04FFFFFFFF0CFFFFFFFF0C670200000C680200000C3B0100000CC80100000B0C6902000004000000000CFFFFFFFF110D04656467650C6A02000004FFFFFFFF0CFFFFFFFF0CCE010000
310
0664E54BC5A53A5CBF0C6B0200000600000000000000000CC70100000C6C0200000B0707756E6B6E6F776E110D06636F656467650CFFFFFFFF04FFFFFFFF0CFFFFFFFF0C6D0200000C3C0100000C680200000C6E0200000B0CCB01000004000000000CFFFFFFFF110D06636F656467650CFFFFFFFF04FFFFFFFF0CFFFFFFFF
310
0C3C0100000C6D0200000C5D0200000C6F0200000B0CCB01000004000000000CFFFFFFFF110D046C6F6F700CFFFFFFFF04FFFFFFFF0CFFFFFFFF0CFFFFFFFF0C6D0200000C70020000110E04445849440D066174747269620CFFFFFFFF04FFFFFFFF0CFFFFFFFF0CFFFFFFFF0C3D010000071241534D5F454447455F46524F
310
4D5F53544550070432313536110D067665727465780CFFFFFFFF04FFFFFFFF0CFFFFFFFF0CBF01000004010000000C71020000110D067665727465780CFFFFFFFF04FFFFFFFF0CFFFFFFFF0C3D01000004010000000C72020000110E07656C6C697073650D0563757276650CFFFFFFFF04FFFFFFFF0CFFFFFFFF1301000000
310
009052403433333333334D407F3E9FCFE763EABC140000000000000000000000000000F03F0000000000000000140000000000000000000000000000000012000000000008C006000000000000F03F0A06B32DD2CFE541F33F0A067D2CB6D81002FF3F110E04445849440D066174747269620CFFFFFFFF04FFFFFFFF0CFFFF
310
FFFF0CFFFFFFFF0C3F010000071241534D5F464143455F46524F4D5F535445500712445F7261696C496E6E657231382D31333636110D04666163650C7302000004FFFFFFFF0CFFFFFFFF0C740200000C750200000C050000000CFFFFFFFF0C760200000A0B110D046C6F6F700CFFFFFFFF04FFFFFFFF0CFFFFFFFF0CFFFFFF
310
FF0C770200000C3F010000110E05706C616E650D07737572666163650CFFFFFFFF04FFFFFFFF0CFFFFFFFF1300000000000000006566666666264D400000000000000000140000000000000000000000000000F0BF00000000000000001400000000000000000000000000000000000000000000F0BF0B0B0B0B0B110D0663
310
6F656467650CFFFFFFFF04FFFFFFFF0CFFFFFFFF0C780200000C790200000CD50100000C7A0200000A0C4401000004000000000CFFFFFFFF110D06636F656467650CFFFFFFFF04FFFFFFFF0CFFFFFFFF0C7B0200000C460100000CD40100000C7A0200000B0CD000000004000000000CFFFFFFFF110D06636F656467650CFF
310
FFFFFF04FFFFFFFF0CFFFFFFFF0C460100000C7C0200000C7D0200000C7E0200000B0CD000000004000000000CFFFFFFFF110D06636F656467650CFFFFFFFF04FFFFFFFF0CFFFFFFFF0C7F0200000C800200000C460100000CD80100000B0C8102000004000000000CFFFFFFFF110D04656467650C8202000004FFFFFFFF0C
310
FFFFFFFF0C830200000640A4DFBE0E9C83BF0C840200000663EE5A423EE879BF0C460100000C850200000B0707756E6B6E6F776E110D06636F656467650CFFFFFFFF04FFFFFFFF0CFFFFFFFF0CEA0100000C470100000C860200000C870200000B0C7F00000004000000000CFFFFFFFF110D06636F656467650CFFFFFFFF04
310
FFFFFFFF0CFFFFFFFF0C660100000C650100000C470100000CDB0100000A0C6701000004000000000CFFFFFFFF110D04656467650C8802000004FFFFFFFF0CFFFFFFFF0CDD0100000600000000000000000C890200000631E54BC5A53A5C3F0C470100000C8A0200000B0707756E6B6E6F776E110E04445849440D06617474
310
7269620CFFFFFFFF04FFFFFFFF0CFFFFFFFF0CFFFFFFFF0C49010000071241534D5F454447455F46524F4D5F53544550070432363936110D067665727465780CFFFFFFFF04FFFFFFFF0CFFFFFFFF0C4901000004010000000C8B020000110E0873747261696768740D0563757276650CFFFFFFFF04FFFFFFFF0CFFFFFFFF13
310
CACCCCCCCC8C3B400000000000004C4061666666666606C0140000000000408FC0000000000000000076DBB66D5BCC35BD0A06F682CB38BAC26F3F0A06BDBAB88D06F0763F110D06636F656467650CFFFFFFFF04FFFFFFFF0CFFFFFFFF0C4A0100000C4E0100000C150200000C8C0200000B0C7F00000004000000000CFFFF
310
FFFF110D04656467650C8D02000004FFFFFFFF0CFFFFFFFF0C1A020000067B2CB6D81002FFBF0CE201000006B62DD2CFE541F3BF0C4A0100000C8E0200000B0707756E6B6E6F776E110E04445849440D066174747269620CFFFFFFFF04FFFFFFFF0CFFFFFFFF0CFFFFFFFF0C4C010000071241534D5F454447455F46524F4D
310
5F53544550070431313531110D067665727465780CFFFFFFFF04FFFFFFFF0CFFFFFFFF0CE001000004010000000C8F020000110E0873747261696768740D0563757276650CFFFFFFFF04FFFFFFFF0CFFFFFFFF13CACCCCCCCC8C3B400000000000004C406D6666666666064014000000000000000000000000000000000000
310
000000408FC00A06F782CB38BAC26F3F0A06C8BAB88D06F0763F110D06636F656467650CFFFFFFFF04FFFFFFFF0CFFFFFFFF0C900200000C4D0100000C910200000C920200000A0CD400000004000000000CFFFFFFFF110D06636F656467650CFFFFFFFF04FFFFFFFF0CFFFFFFFF0C4D0100000C930200000C940200000C95
310
0200000A0CD400000004000000000CFFFFFFFF110D06636F656467650CFFFFFFFF04FFFFFFFF0CFFFFFFFF0C960200000C970200000C4D0100000CE70100000B0C9802000004000000000CFFFFFFFF110D04656467650C9902000004FFFFFFFF0CFFFFFFFF0C9A020000067B2D0B92F03106400C9B02000006C32C7D160612
310
0C400C4D0100000C9C0200000B0707756E6B6E6F776E110D06636F656467650CFFFFFFFF04FFFFFFFF0CFFFFFFFF0C100200000C0F0200000C4E0100000CE90100000A0C1102000004000000000CFFFFFFFF110D04656467650C9D02000004FFFFFFFF0CFFFFFFFF0CF201000006C382CB38BAC26F3F0C9E02000006BDBAB8
310
8D06F0763F0C4E0100000C9F0200000B0707756E6B6E6F776E110D06636F656467650CFFFFFFFF04FFFFFFFF0CFFFFFFFF0C4F0100000CD90100000CA00200000CA10200000B0C7F00000004000000000CFFFFFFFF110D06636F656467650CFFFFFFFF04FFFFFFFF0CFFFFFFFF0CA20200000CA30200000C4F0100000CEC01
310
00000A0CA402000004000000000CFFFFFFFF110D04656467650CA502000004FFFFFFFF0CFFFFFFFF0CA60200000600000000000000000CF10100000671E54BC5A53A5C3F0C4F0100000CA70200000B0707756E6B6E6F776E110D06636F656467650CFFFFFFFF04FFFFFFFF0CFFFFFFFF0C0D0200000C500100000CA3020000
310
0CA80200000A0CEF01000004000000000CFFFFFFFF110D06636F656467650CFFFFFFFF04FFFFFFFF0CFFFFFFFF0C500100000C0D0200000C100200000CA90200000A0CEF01000004000000000CFFFFFFFF110D046C6F6F700CFFFFFFFF04FFFFFFFF0CFFFFFFFF0CFFFFFFFF0C500100000CAA020000110E04445849440D06
310
6174747269620CFFFFFFFF04FFFFFFFF0CFFFFFFFF0CFFFFFFFF0C51010000071241534D5F454447455F46524F4D5F535445500703333737110D067665727465780CFFFFFFFF04FFFFFFFF0CFFFFFFFF0C5101000004000000000CAB020000110D067665727465780CFFFFFFFF04FFFFFFFF0CFFFFFFFF0C51010000040100
310
00000CAC020000110E07656C6C697073650D0563757276650CFFFFFFFF04FFFFFFFF0CFFFFFFFF13FFFFFFFFFFBF38400000000000004C40000000000070E7BC140000000000000000000000000000F03FEDF57ABD5EAFA3BC140000000000000000FB70381C0E87BDBC12000000000008C006000000000000F03F0A06712D
310
0B92F03106400A06BC2C7D1606120C40110E04445849440D066174747269620CFFFFFFFF04FFFFFFFF0CFFFFFFFF0CFFFFFFFF0C53010000071241534D5F464143455F46524F4D5F535445500710445F7261696C496E6E657231382D3833110D04666163650CAD02000004FFFFFFFF0CFFFFFFFF0CAE0200000CAF0200000C
310
050000000CFFFFFFFF0CB00200000A0B110D046C6F6F700CFFFFFFFF04FFFFFFFF0CFFFFFFFF0CFFFFFFFF0CB10200000C53010000110E05706C616E650D07737572666163650CFFFFFFFF04FFFFFFFF0CFFFFFFFF130000000000C058400000000000A0504066666666662623C01400000000000000000000000000000000
310
000000000000F03F14000000000000F03F000000000000000000000000000000000B0B0B0B0B110D06636F656467650CFFFFFFFF04FFFFFFFF0CFFFFFFFF0CB20200000CB30200000CB40200000CB50200000B0C5401000004000000000CFFFFFFFF110E04445849440D066174747269620CFFFFFFFF04FFFFFFFF0CFFFFFF
310
FF0CFFFFFFFF0C5A010000071241534D5F464143455F46524F4D5F535445500712445F7261696C496E6E657231382D31363531110D04666163650CB602000004FFFFFFFF0CFFFFFFFF0CB70200000C050200000C050000000CFFFFFFFF0CB80200000A0B110E05706C616E650D07737572666163650CFFFFFFFF04FFFFFFFF
310
0CFFFFFFFF133333333333F335406F8891427494504061666666666606C014000000000000F0BF000000000000000000000000000000001400000000000000000000000000000000000000000000F0BF0B0B0B0B0B110E04445849440D066174747269620CFFFFFFFF04FFFFFFFF0CFFFFFFFF0CFFFFFFFF0C5F0100000712
310
41534D5F454447455F46524F4D5F53544550070431373832110E0873747261696768740D0563757276650CFFFFFFFF04FFFFFFFF0CFFFFFFFF13CACCCCCCCC8C3B409DED9BD90EBF5240FCAE20EA863BF1BF1400000000000000000000000000408F4029140A85423943BD0A06404C6EAAE07093BF0A06F1A56364BBFB90BF
310
110E04445849440D066174747269620CFFFFFFFF04FFFFFFFF0CFFFFFFFF0CFFFFFFFF0C60010000071241534D5F464143455F46524F4D5F535445500712445F7261696C496E6E657231382D31303338110E05706C616E650D07737572666163650CFFFFFFFF04FFFFFFFF0CFFFFFFFF13CACCCCCCCC8C3B406F8891427494
310
50406D6666666666064014000000000000F03F000000000000000000000000000000001400000000000000000000000000000000000000000000F03F0B0B0B0B0B110D06636F656467650CFFFFFFFF04FFFFFFFF0CFFFFFFFF0C620100000C6D0100000CB90200000CBA0200000B0C2900000004000000000CFFFFFFFF110D
310
06636F656467650CFFFFFFFF04FFFFFFFF0CFFFFFFFF0CBB0200000CBC0200000C620100000C020200000A0CBD02000004000000000CFFFFFFFF110D04656467650CBE02000004FFFFFFFF0CFFFFFFFF0CBF02000006C8BAB88D06F076BF0C0702000006DD82CB38BAC26FBF0C620100000CC00200000B0707756E6B6E6F77
310
6E110D06636F656467650CFFFFFFFF04FFFFFFFF0CFFFFFFFF0C860200000C630100000CBC0200000CC10200000A0C0502000004000000000CFFFFFFFF110D06636F656467650CFFFFFFFF04FFFFFFFF0CFFFFFFFF0C630100000C860200000C650100000C090200000A0C0502000004000000000CFFFFFFFF110D046C6F6F
310
700CFFFFFFFF04FFFFFFFF0CFFFFFFFF0CFFFFFFFF0C860200000CFA010000110E04445849440D066174747269620CFFFFFFFF04FFFFFFFF0CFFFFFFFF0CFFFFFFFF0C64010000071241534D5F454447455F46524F4D5F535445500703393335110D067665727465780CFFFFFFFF04FFFFFFFF0CFFFFFFFF0C020200000401
310
0000000CC2020000110E07656C6C697073650D0563757276650CFFFFFFFF04FFFFFFFF0CFFFFFFFF13FFFFFFFFFFBF38403433333333334D407F3E9FCFE763EABC140000000000000000000000000000F0BF000000000000000014000000000040FFBC000000000000008012000000000008C006000000000000F03F0A066E
310
2CB6D81002FFBF0A06AE2DD2CFE541F3BF110D04656467650CC302000004FFFFFFFF0CFFFFFFFF0C6901000006F1A56364BBFB903F0C8902000006404C6EAAE070933F0C650100000CC40200000B0707756E6B6E6F776E110D05706F696E740CFFFFFFFF04FFFFFFFF0CFFFFFFFF133333333333F335403433333333334D40
310
F2AE20EA863BF1BF110E04445849440D066174747269620CFFFFFFFF04FFFFFFFF0CFFFFFFFF0CFFFFFFFF0C6B010000071241534D5F454447455F46524F4D5F53544550070431333338110E0873747261696768740D0563757276650CFFFFFFFF04FFFFFFFF0CFFFFFFFF133333333333F335406F88914274945040616666
310
66666606C01400000000000000000000000000408FC000000000000000000A062940CC2C2638803F0A06C88CE1B87022853F110D06636F656467650CFFFFFFFF04FFFFFFFF0CFFFFFFFF0CEE0100000CED0100000C6D0100000C0E0200000A0CEF01000004000000000CFFFFFFFF110D04656467650CC502000004FFFFFFFF
310
0CFFFFFFFF0C1302000006822D0B92F03106400CC602000006B12C7D1606120C400C6D0100000CC70200000B0707756E6B6E6F776E110D06636F656467650CFFFFFFFF04FFFFFFFF0CFFFFFFFF0CE80100000C6E0100000C710100000C160200000B0C1102000004000000000CFFFFFFFF110D06636F656467650CFFFFFFFF
310
04FFFFFFFF0CFFFFFFFF0C6E0100000CE80100000CEE0100000CA90200000B0C1102000004000000000CFFFFFFFF110D046C6F6F700CFFFFFFFF04FFFFFFFF0CFFFFFFFF0CFFFFFFFF0CE80100000CC8020000110E04445849440D066174747269620CFFFFFFFF04FFFFFFFF0CFFFFFFFF0CFFFFFFFF0C6F01000007124153
310
4D5F454447455F46524F4D5F5354455007023133110D067665727465780CFFFFFFFF04FFFFFFFF0CFFFFFFFF0C6F01000004010000000CC9020000110E0873747261696768740D0563757276650CFFFFFFFF04FFFFFFFF0CFFFFFFFF133333333333F335403433333333334D406D66666666660640140000000000408FC000
310
0000000000000000000000000000000A06BDBAB88D06F076BF0A069A82CB38BAC26FBF110D06636F656467650CFFFFFFFF04FFFFFFFF0CFFFFFFFF0C710100000C700100000CDF0100000C8C0200000A0C7201000004000000000CFFFFFFFF110D04656467650CCA02000004FFFFFFFF0CFFFFFFFF0C74010000062940CC2C
310
2638803F0C9E02000006C88CE1B87022853F0C0F0200000CCB0200000B0707756E6B6E6F776E110D04666163650CCC02000004FFFFFFFF0CFFFFFFFF0C780100000C720100000C050000000CFFFFFFFF0CCD0200000A0B110D05706F696E740CFFFFFFFF04FFFFFFFF0CFFFFFFFF13CACCCCCCCC8C3B403433333333334D40
310
6D66666666660640110E04445849440D066174747269620CFFFFFFFF04FFFFFFFF0CFFFFFFFF0CFFFFFFFF0C77010000071241534D5F454447455F46524F4D5F535445500703363833110D067665727465780CFFFFFFFF04FFFFFFFF0CFFFFFFFF0C8C02000004010000000CCE020000110E0873747261696768740D056375
310
7276650CFFFFFFFF04FFFFFFFF0CFFFFFFFF13CACCCCCCCC8C3B409DED9BD90EBF5240CDAE20EA863BF13F1400000000000000000000000000408FC029140A854239433D0A06F1A56364BBFB903F0A06404C6EAAE070933F110E04445849440D066174747269620CFFFFFFFF04FFFFFFFF0CFFFFFFFF0CFFFFFFFF0C780100
310
00071241534D5F464143455F46524F4D5F535445500712445F7261696C496E6E657231382D31373138110E04636F6E650D07737572666163650CFFFFFFFF04FFFFFFFF0CFFFFFFFF13FFFFFFFFFFBF38409DED9BD90EBF52408AB603DFCE65F7BC140000000000000000000000000000F0BFEDF57ABD5EAFA33C1400000000
310
00000000FB70381C0E87BDBC12000000000008C006000000000000F03F0B0B06000000000000000006000000000000F03F0612000000000008400B0B0B0B0B110E04445849440D066174747269620CFFFFFFFF04FFFFFFFF0CFFFFFFFF0CFFFFFFFF0C7B010000071241534D5F464143455F46524F4D5F535445500711445F
310
7261696C496E6E657231382D383137110D04666163650CCF02000004FFFFFFFF0CFFFFFFFF0CD00200000CD10200000C050000000CFFFFFFFF0CD20200000A0B110D046C6F6F700CFFFFFFFF04FFFFFFFF0CFFFFFFFF0CFFFFFFFF0CD30200000C7B010000110E05706C616E650D07737572666163650CFFFFFFFF04FFFFFF
310
FF0CFFFFFFFF13C8FFFFFFFFFF0B406566666666264D400000000000801DC01400000000000000000000000000000000000000000000F03F14000000000000F0BF000000000000000000000000000000000B0B0B0B0B110D06636F656467650CFFFFFFFF04FFFFFFFF0CFFFFFFFF0C900100000C860100000C8B0100000C37
310
0200000A0C7C01000004000000000CFFFFFFFF110E04445849440D066174747269620CFFFFFFFF04FFFFFFFF0CFFFFFFFF0CFFFFFFFF0C7F010000071241534D5F464143455F46524F4D5F535445500712445F7261696C496E6E657231382D32313031110D04666163650CD402000004FFFFFFFF0CFFFFFFFF0CD50200000C
310
D60200000C050000000CFFFFFFFF0CD70200000A0B110D046C6F6F700CFFFFFFFF04FFFFFFFF0CFFFFFFFF0CFFFFFFFF0CD80200000C7F010000110E05706C616E650D07737572666163650CFFFFFFFF04FFFFFFFF0CFFFFFFFF130000000000C058409A99999999394D406766666666A62B40140000000000000000000000
310
000000F0BF00000000000000001400000000000000000000000000000000000000000000F0BF0B0B0B0B0B110D06636F656467650CFFFFFFFF04FFFFFFFF0CFFFFFFFF0CD90200000CDA0200000CDB0200000CDC0200000B0C8001000004000000000CFFFFFFFF110D06636F656467650CFFFFFFFF04FFFFFFFF0CFFFFFFFF
310
0CDB0200000C820100000CDD0200000CDE0200000B0C0301000004000000000CFFFFFFFF110D06636F656467650CFFFFFFFF04FFFFFFFF0CFFFFFFFF0C820100000CDB0200000CDF0200000CE00200000A0C0301000004000000000CFFFFFFFF110D06636F656467650CFFFFFFFF04FFFFFFFF0CFFFFFFFF0CE10200000CE2
310
0200000C820100000C2B0200000A0CE302000004000000000CFFFFFFFF110D04656467650CE402000004FFFFFFFF0CFFFFFFFF0CE502000006F2D24D621058C9BF0CE602000006F2D24D621058B9BF0C820100000CE70200000B0707756E6B6E6F776E110D06636F656467650CFFFFFFFF04FFFFFFFF0CFFFFFFFF0C840100
310
000C830100000CA30100000C410200000B0C9D00000004000000000CFFFFFFFF110D04656467650CE802000004FFFFFFFF0CFFFFFFFF0C920100000600000000000000000CE902000006ECA9F1D24D62603F0C830100000CEA0200000B070E74616E67656E745F6E6F745F6732110D04656467650CEB02000004FFFFFFFF0C
310
FFFFFFFF0C970100000600000000000000000CEC02000006ECA9F1D24D62603F0C840100000CED0200000B070E74616E67656E745F6E6F745F6732110E04445849440D066174747269620CFFFFFFFF04FFFFFFFF0CFFFFFFFF0CFFFFFFFF0C85010000071241534D5F454447455F46524F4D5F53544550070431363030110E
310
0873747261696768740D0563757276650CFFFFFFFF04FFFFFFFF0CFFFFFFFF130100000000C04B400100000000A04D400100000000000840140000000000408F40000000000000000000000000000000000A06FB7E6ABC749388BF0A060000000000000000110E04445849440D066174747269620CFFFFFFFF04FFFFFFFF0C
310
FFFFFFFF0CFFFFFFFF0C87010000071241534D5F454447455F46524F4D5F53544550070431373338110E0873747261696768740D0563757276650CFFFFFFFF04FFFFFFFF0CFFFFFFFF130100000000C045400100000000A04D4001000000000008C01400000000000000000000000000408F4000000000000000000A060000
310
0000000000000A06ECA9F1D24D62603F110D06636F656467650CFFFFFFFF04FFFFFFFF0CFFFFFFFF0C880100000C940100000C8A0100000C360200000B0C9501000004000000000CFFFFFFFF110E04445849440D066174747269620CFFFFFFFF04FFFFFFFF0CFFFFFFFF0CFFFFFFFF0C89010000071241534D5F454447455F
310
46524F4D5F53544550070431333735110E0873747261696768740D0563757276650CFFFFFFFF04FFFFFFFF0CFFFFFFFF130100000000C04B400100000000A04D4001000000000008C01400000000000000000000000000408F4000000000000000000A0600000000000000000A06ECA9F1D24D62603F110D04656467650CEE
310
02000004FFFFFFFF0CFFFFFFFF0CEC02000006182D4454FB2109C00C8D0100000600000000000000000C8A0100000CEF0200000B0707756E6B6E6F776E110D04656467650CF002000004FFFFFFFF0CFFFFFFFF0CE902000006182D4454FB2109C00C8E0100000600000000000000000C8B0100000CF10200000B0707756E6B
310
6E6F776E110D05706F696E740CFFFFFFFF04FFFFFFFF0CFFFFFFFF130100000000C04B400000000000A04E4001000000000008C0110D05706F696E740CFFFFFFFF04FFFFFFFF0CFFFFFFFF130100000000C045400000000000A04E4001000000000008C0110D05706F696E740CFFFFFFFF04FFFFFFFF0CFFFFFFFF13010000
310
0000C045400100000000A04D400100000000000840110D04666163650CF202000004FFFFFFFF0CFFFFFFFF0C9E0100000C950100000C050000000CFFFFFFFF0CF30200000A0B110D05706F696E740CFFFFFFFF04FFFFFFFF0CFFFFFFFF130100000000C04B400100000000A04D400100000000000840110E04445849440D06
310
6174747269620CFFFFFFFF04FFFFFFFF0CFFFFFFFF0CFFFFFFFF0C9D010000071241534D5F454447455F46524F4D5F535445500703353031110E07656C6C697073650D0563757276650CFFFFFFFF04FFFFFFFF0CFFFFFFFF1301000000009052403433333333334D40000000000070E7BC1400000000000000000000000000
310
00F0BF00000000000000001400000000000000000000000000000000340000000000FCBF06000000000000F03F0A0600000000000000000A06182D4454FB210940110E04445849440D066174747269620CFFFFFFFF04FFFFFFFF0CFFFFFFFF0CFFFFFFFF0C9E010000071241534D5F464143455F46524F4D5F535445500712
310
445F7261696C496E6E657231382D32323936110E04636F6E650D07737572666163650CFFFFFFFF04FFFFFFFF0CFFFFFFFF1301000000009052400000000000004C40000000000070E7BC140000000000000000000000000000F0BF00000000000000001400000000000000000000000000000000340000000000FCBF060000
310
00000000F03F0B0B06000000000000000006000000000000F03F06340000000000FC3F0B0B0B0B0B110D04656467650CF402000004FFFFFFFF0CFFFFFFFF0CE902000006FB7E6ABC749388BF0CEC0200000600000000000000000C2C0200000CF50200000B0707756E6B6E6F776E110D06636F656467650CFFFFFFFF04FFFF
310
FFFF0CFFFFFFFF0CF60200000CA40100000CF70200000CF80200000A0CD400000004000000000CFFFFFFFF110D06636F656467650CFFFFFFFF04FFFFFFFF0CFFFFFFFF0CA60100000CC00100000CA40100000C440200000B0CC101000004000000000CFFFFFFFF110D04656467650CF902000004FFFFFFFF0CFFFFFFFF0CFA
310
0200000600000000000000000CA901000006CDE44BC5A53A5C3F0CA40100000CFB0200000B0707756E6B6E6F776E110D06636F656467650CFFFFFFFF04FFFFFFFF0CFFFFFFFF0CA50100000C900200000CFC0200000CFD0200000A0CD400000004000000000CFFFFFFFF110D06636F656467650CFFFFFFFF04FFFFFFFF0CFF
310
FFFFFF0CB80100000CAE0100000CA50100000C470200000B0CB901000004000000000CFFFFFFFF110D04656467650CFE02000004FFFFFFFF0CFFFFFFFF0CB10100000600000000000000000CFF0200000631E54BC5A53A5C3F0CA50100000C000300000B0707756E6B6E6F776E110E04445849440D066174747269620CFFFF
310
FFFF04FFFFFFFF0CFFFFFFFF0CFFFFFFFF0CA7010000071241534D5F454447455F46524F4D5F535445500703363939110E0873747261696768740D0563757276650CFFFFFFFF04FFFFFFFF0CFFFFFFFF13447D57E4114B52409DED9BD90EBF524061666666666606C01400000000000000000000000000408FC029140A8542
310
39433D0A06F1A56364BBFB903F0A06404C6EAAE070933F110D05706F696E740CFFFFFFFF04FFFFFFFF0CFFFFFFFF13447D57E4114B52400000000000004C405E666666666606C0110E04445849440D066174747269620CFFFFFFFF04FFFFFFFF0CFFFFFFFF0CFFFFFFFF0CAC010000071241534D5F464143455F46524F4D5F
310
535445500712445F7261696C496E6E657231382D31383231110D04666163650C0103000004FFFFFFFF0CFFFFFFFF0C700200000C5F0200000C050000000CFFFFFFFF0C020300000A0B110E05706C616E650D07737572666163650CFFFFFFFF04FFFFFFFF0CFFFFFFFF13CECCCCCCCCDC51406F889142749450406166666666
310
6606C0142C499224495296BC0000000000000000000000000000F0BF14000000000000F0BF00000000000000002C4992244952963C0B0B0B0B0B110E04445849440D066174747269620CFFFFFFFF04FFFFFFFF0CFFFFFFFF0CFFFFFFFF0CAF010000071241534D5F454447455F46524F4D5F535445500703323739110E0873
310
747261696768740D0563757276650CFFFFFFFF04FFFFFFFF0CFFFFFFFF1334333333334353406F8891427494504061666666666606C01400000000000000800000000000408FC000000000000000800A062940CC2C2638803F0A06C88CE1B87022853F110D05706F696E740CFFFFFFFF04FFFFFFFF0CFFFFFFFF1334333333
310
334353400000000000004C4061666666666606C0110D06636F656467650CFFFFFFFF04FFFFFFFF0CFFFFFFFF0C640200000CB50100000C030300000C040300000A0C6900000004000000000CFFFFFFFF110D06636F656467650CFFFFFFFF04FFFFFFFF0CFFFFFFFF0C050300000C060300000CB50100000C530200000B0C07
310
03000004000000000CFFFFFFFF110D04656467650C0803000004FFFFFFFF0CFFFFFFFF0C0903000006C8BAB88D06F076BF0C5802000006DD82CB38BAC26FBF0C520200000C0A0300000B0707756E6B6E6F776E110D06636F656467650CFFFFFFFF04FFFFFFFF0CFFFFFFFF0CFC0200000CB60100000CB80100000C5A020000
310
0B0C5602000004000000000CFFFFFFFF110D06636F656467650CFFFFFFFF04FFFFFFFF0CFFFFFFFF0CB60100000CFC0200000C050300000C0B0300000B0C5602000004000000000CFFFFFFFF110D046C6F6F700CFFFFFFFF04FFFFFFFF0CFFFFFFFF0CFFFFFFFF0CFC0200000C0C030000110E04445849440D066174747269
310
620CFFFFFFFF04FFFFFFFF0CFFFFFFFF0CFFFFFFFF0CB7010000071241534D5F454447455F46524F4D5F535445500703323533110D067665727465780CFFFFFFFF04FFFFFFFF0CFFFFFFFF0C5302000004010000000C0D030000110E07656C6C697073650D0563757276650CFFFFFFFF04FFFFFFFF0CFFFFFFFF1301000000
310
009052403433333333334D407F3E9FCFE763EABC140000000000000000000000000000F03F0000000000000000140000000000400F3D000000000000000012000000000008C006000000000000F03F0A065E2CB6D81002FFBF0A06A82DD2CFE541F3BF110D04656467650C0E03000004FFFFFFFF0CFFFFFFFF0CBB01000006
310
F1A56364BBFB903F0CFF02000006404C6EAAE070933F0C540200000C0F0300000B0707756E6B6E6F776E110D04666163650C1003000004FFFFFFFF0CFFFFFFFF0C2C0100000CB90100000C050000000CFFFFFFFF0C110300000A0B110D05706F696E740CFFFFFFFF04FFFFFFFF0CFFFFFFFF13343333333343534034333333
310
33334D40F2AE20EA863BF1BF110D06636F656467650CFFFFFFFF04FFFFFFFF0CFFFFFFFF0CF70200000CBE0100000CCA0100000C6F0200000A0C5F02000004000000000CFFFFFFFF110D06636F656467650CFFFFFFFF04FFFFFFFF0CFFFFFFFF0CBE0100000CF70200000CC00100000C620200000A0C5F0200000400000000
310
0CFFFFFFFF110D046C6F6F700CFFFFFFFF04FFFFFFFF0CFFFFFFFF0CFFFFFFFF0CF70200000C4C020000110E04445849440D066174747269620CFFFFFFFF04FFFFFFFF0CFFFFFFFF0CFFFFFFFF0CBF010000071241534D5F454447455F46524F4D5F53544550070431393833110E0873747261696768740D0563757276650C
310
FFFFFFFF04FFFFFFFF0CFFFFFFFF13CECCCCCCCCDC51403433333333334D406D6666666666064014000000000000000000000000000000000000000000408F400A06C8BAB88D06F076BF0A06F882CB38BAC26FBF110D04656467650C1203000004FFFFFFFF0CFFFFFFFF0CC3010000062940CC2C2638803F0CFA02000006C8
310
8CE1B87022853F0CC00100000C130300000B0707756E6B6E6F776E110D05706F696E740CFFFFFFFF04FFFFFFFF0CFFFFFFFF13CECCCCCCCCDC51403433333333334D4061666666666606C0110D06636F656467650CFFFFFFFF04FFFFFFFF0CFFFFFFFF0CC60100000C510200000C140300000C150300000A0C690000000400
310
0000000CFFFFFFFF110D06636F656467650CFFFFFFFF04FFFFFFFF0CFFFFFFFF0C160300000C170300000CC60100000C660200000B0C1803000004000000000CFFFFFFFF110D04656467650C1903000004FFFFFFFF0CFFFFFFFF0C6B02000006C3BAB88D06F076BF0C1A03000006B882CB38BAC26FBF0C650200000C1B0300
310
000B0707756E6B6E6F776E110D06636F656467650CFFFFFFFF04FFFFFFFF0CFFFFFFFF0C1C0300000CC70100000C170300000C1D0300000B0C6902000004000000000CFFFFFFFF110D06636F656467650CFFFFFFFF04FFFFFFFF0CFFFFFFFF0CC70100000C1C0300000CC90100000C6E0200000A0C6902000004000000000C
310
FFFFFFFF110D046C6F6F700CFFFFFFFF04FFFFFFFF0CFFFFFFFF0CFFFFFFFF0CC70100000C1E030000110E04445849440D066174747269620CFFFFFFFF04FFFFFFFF0CFFFFFFFF0CFFFFFFFF0CC8010000071241534D5F454447455F46524F4D5F53544550070432353331110D067665727465780CFFFFFFFF04FFFFFFFF0C
310
FFFFFFFF0CC801000004010000000C1F030000110E0873747261696768740D0563757276650CFFFFFFFF04FFFFFFFF0CFFFFFFFF13CECCCCCCCCDC51403433333333334D406D6666666666064014000000000000000000000000000000000000000000408F400A0664E54BC5A53A5CBF0A060000000000000000110D06636F
310
656467650CFFFFFFFF04FFFFFFFF0CFFFFFFFF0CCA0100000CC90100000CF60200000C200300000B0CCB01000004000000000CFFFFFFFF110D04656467650C2103000004FFFFFFFF0CFFFFFFFF0CCE01000006F1A56364BBFB903F0C2203000006404C6EAAE070933F0CC90100000C230300000B0707756E6B6E6F776E110D
310
04656467650C2403000004FFFFFFFF0CFFFFFFFF0C2503000006404C6EAAE07093BF0CCD01000006F1A56364BBFB90BF0C5D0200000C260300000B0707756E6B6E6F776E110D04666163650C2703000004FFFFFFFF0CFFFFFFFF0C1E0300000CCB0100000C050000000CFFFFFFFF0C280300000A0B110D05706F696E740CFF
310
FFFFFF04FFFFFFFF0CFFFFFFFF13CECCCCCCCCDC51403433333333334D40F2AE20EA863BF1BF110D05706F696E740CFFFFFFFF04FFFFFFFF0CFFFFFFFF13CECCCCCCCCDC51403433333333334D40D7AE20EA863BF13F110E04445849440D066174747269620CFFFFFFFF04FFFFFFFF0CFFFFFFFF0CFFFFFFFF0CD101000007
310
1241534D5F464143455F46524F4D5F535445500712445F7261696C496E6E657231382D32343030110D04666163650C2903000004FFFFFFFF0CFFFFFFFF0C2A0300000C2B0300000C050000000CFFFFFFFF0C2C0300000A0B110D046C6F6F700CFFFFFFFF04FFFFFFFF0CFFFFFFFF0CFFFFFFFF0C2D0300000CD1010000110E
310
05706C616E650D07737572666163650CFFFFFFFF04FFFFFFFF0CFFFFFFFF1300000000000000006566666666264D400000000000000000140000000000000000000000000000F0BF00000000000000001400000000000000000000000000000000000000000000F0BF0B0B0B0B0B110D06636F656467650CFFFFFFFF04FFFF
310
FFFF0CFFFFFFFF0C2E0300000C2F0300000C300300000C310300000A0CD201000004000000000CFFFFFFFF110D06636F656467650CFFFFFFFF04FFFFFFFF0CFFFFFFFF0C320300000CD40100000C800200000C330300000B0C4401000004000000000CFFFFFFFF110D06636F656467650CFFFFFFFF04FFFFFFFF0CFFFFFFFF
310
0CD40100000C320300000C340300000C350300000A0C4401000004000000000CFFFFFFFF110D04656467650C3603000004FFFFFFFF0CFFFFFFFF0C8302000006F2D24D621058B9BF0C370300000600000000000000000CD50100000C380300000B0707756E6B6E6F776E110D06636F656467650CFFFFFFFF04FFFFFFFF0CFF
310
FFFFFF0C390300000CD50100000C3A0300000C3B0300000B0CD000000004000000000CFFFFFFFF110D06636F656467650CFFFFFFFF04FFFFFFFF0CFFFFFFFF0CD60100000C3C0300000C3D0300000C3E0300000B0CD000000004000000000CFFFFFFFF110D06636F656467650CFFFFFFFF04FFFFFFFF0CFFFFFFFF0C3F0300
310
000C400300000CD60100000C7E0200000A0C4103000004000000000CFFFFFFFF110D04656467650C4203000004FFFFFFFF0CFFFFFFFF0C430300000680E9263108AC6C3F0C840200000680E9263108AC7C3F0CD60100000C440300000B0707756E6B6E6F776E110D06636F656467650CFFFFFFFF04FFFFFFFF0CFFFFFFFF0C
310
450300000CD70100000C400300000C460300000A0C8102000004000000000CFFFFFFFF110D06636F656467650CFFFFFFFF04FFFFFFFF0CFFFFFFFF0CD70100000C470300000C780200000C330300000A0C8102000004000000000CFFFFFFFF110D046C6F6F700CFFFFFFFF04FFFFFFFF0CFFFFFFFF0CFFFFFFFF0CD7010000
310
0C48030000110E04445849440D066174747269620CFFFFFFFF04FFFFFFFF0CFFFFFFFF0CFFFFFFFF0CD8010000071241534D5F454447455F46524F4D5F53544550070431393333110D067665727465780CFFFFFFFF04FFFFFFFF0CFFFFFFFF0CD801000004000000000C49030000110D067665727465780CFFFFFFFF04FFFF
310
FFFF0CFFFFFFFF0CD801000004010000000C4A030000110E0873747261696768740D0563757276650CFFFFFFFF04FFFFFFFF0CFFFFFFFF1300000000000000000000000000A04E40000000000000000014000000000000000000000000000000000000000000408FC00A0640A4DFBE0E9C83BF0A0663EE5A423EE879BF110D
310
06636F656467650CFFFFFFFF04FFFFFFFF0CFFFFFFFF0C040200000C030200000CD90100000C870200000A0C0502000004000000000CFFFFFFFF110D04656467650C4B03000004FFFFFFFF0CFFFFFFFF0C8902000006B92DD2CFE541F33F0C4C03000006782CB6D81002FF3F0CD90100000C4D0300000B0707756E6B6E6F77
310
6E110E04445849440D066174747269620CFFFFFFFF04FFFFFFFF0CFFFFFFFF0CFFFFFFFF0CDB010000071241534D5F454447455F46524F4D5F53544550070431343731110D067665727465780CFFFFFFFF04FFFFFFFF0CFFFFFFFF0CDB01000004010000000C4E030000110E0873747261696768740D0563757276650CFFFF
310
FFFF04FFFFFFFF0CFFFFFFFF133333333333F335400000000000004C4061666666666606C014000000000000000000000000000000000000000000408F400A0600000000000000000A0631E54BC5A53A5C3F110D05706F696E740CFFFFFFFF04FFFFFFFF0CFFFFFFFF133333333333F335400000000000004C406166666666
310
6606C0110D04656467650C4F03000004FFFFFFFF0CFFFFFFFF0C9E0200000600000000000000000C1A0200000661E54BC5A53A5C3F0CDF0100000C500300000B0707756E6B6E6F776E110E04445849440D066174747269620CFFFFFFFF04FFFFFFFF0CFFFFFFFF0CFFFFFFFF0CE0010000071241534D5F454447455F46524F
310
4D5F535445500703363436110E07656C6C697073650D0563757276650CFFFFFFFF04FFFFFFFF0CFFFFFFFF13FFFFFFFFFFBF38400000000000004C40000000000070E7BC140000000000000000000000000000F03FEDF57ABD5EAFA3BC140000000000000000FB70381C0E87BDBC12000000000008C006000000000000F03F
310
0A067B2CB6D81002FFBF0A06B62DD2CFE541F3BF110D05706F696E740CFFFFFFFF04FFFFFFFF0CFFFFFFFF13CACCCCCCCC8C3B400000000000004C40F0AE20EA863BF1BF110D06636F656467650CFFFFFFFF04FFFFFFFF0CFFFFFFFF0C450200000CE40100000C510300000C520300000A0CD400000004000000000CFFFFFF
310
FF110D06636F656467650CFFFFFFFF04FFFFFFFF0CFFFFFFFF0C530300000C540300000CE40100000C920200000B0C5503000004000000000CFFFFFFFF110D04656467650C5603000004FFFFFFFF0CFFFFFFFF0C570300000600000000000000000C9A02000006C3E54BC5A53A5C3F0CE40100000C580300000B0707756E6B
310
6E6F776E110D06636F656467650CFFFFFFFF04FFFFFFFF0CFFFFFFFF0CE50100000CF60200000C1C0300000C590300000A0CD400000004000000000CFFFFFFFF110D06636F656467650CFFFFFFFF04FFFFFFFF0CFFFFFFFF0C170300000C160300000CE50100000C950200000B0C1803000004000000000CFFFFFFFF110D04
310
656467650C5A03000004FFFFFFFF0CFFFFFFFF0C9B02000006E182CB38BAC26F3F0C5B03000006C3BAB88D06F0763F0CE50100000C5C0300000B0707756E6B6E6F776E110D06636F656467650CFFFFFFFF04FFFFFFFF0CFFFFFFFF0C140300000CE60100000C160300000C5D0300000B0C9802000004000000000CFFFFFFFF
310
110D06636F656467650CFFFFFFFF04FFFFFFFF0CFFFFFFFF0CE60100000C140300000C530300000C5E0300000B0C9802000004000000000CFFFFFFFF110D046C6F6F700CFFFFFFFF04FFFFFFFF0CFFFFFFFF0CFFFFFFFF0CE60100000CAE020000110E04445849440D066174747269620CFFFFFFFF04FFFFFFFF0CFFFFFFFF
310
0CFFFFFFFF0CE7010000071241534D5F454447455F46524F4D5F53544550070432323536110D067665727465780CFFFFFFFF04FFFFFFFF0CFFFFFFFF0CE701000004000000000C5F030000110D067665727465780CFFFFFFFF04FFFFFFFF0CFFFFFFFF0CE701000004010000000C60030000110E07656C6C697073650D0563
310
757276650CFFFFFFFF04FFFFFFFF0CFFFFFFFF1301000000009052400000000000004C40000000000070E7BC140000000000000000000000000000F0BFEDF57ABD5EAFA33C140000000000000000FB70381C0E87BDBC12000000000008C006000000000000F03F0A067B2D0B92F03106400A06C32C7D1606120C40110E0444
310
5849440D066174747269620CFFFFFFFF04FFFFFFFF0CFFFFFFFF0CFFFFFFFF0CE9010000071241534D5F454447455F46524F4D5F53544550070432343637110D067665727465780CFFFFFFFF04FFFFFFFF0CFFFFFFFF0CE901000004010000000C61030000110E0873747261696768740D0563757276650CFFFFFFFF04FFFF
310
FFFF0CFFFFFFFF133333333333F335400000000000004C406D66666666660640140000000000408F40000000000000000000000000000000000A06C382CB38BAC26F3F0A06BDBAB88D06F0763F110D06636F656467650CFFFFFFFF04FFFFFFFF0CFFFFFFFF0CBC0200000CBB0200000CEA0100000CA10200000A0CBD020000
310
04000000000CFFFFFFFF110D04656467650C6203000004FFFFFFFF0CFFFFFFFF0C4C03000006DF82CB38BAC26F3F0CA602000006C8BAB88D06F0763F0CEA0100000C630300000B0707756E6B6E6F776E110D06636F656467650CFFFFFFFF04FFFFFFFF0CFFFFFFFF0CB90200000CEB0100000CBB0200000C640300000A0CA4
310
02000004000000000CFFFFFFFF110D06636F656467650CFFFFFFFF04FFFFFFFF0CFFFFFFFF0CEB0100000CB90200000CED0100000CA80200000B0CA402000004000000000CFFFFFFFF110D046C6F6F700CFFFFFFFF04FFFFFFFF0CFFFFFFFF0CFFFFFFFF0CB90200000C65030000110E04445849440D066174747269620CFF
310
FFFFFF04FFFFFFFF0CFFFFFFFF0CFFFFFFFF0CEC010000071241534D5F454447455F46524F4D5F53544550070431383832110D067665727465780CFFFFFFFF04FFFFFFFF0CFFFFFFFF0CA102000004010000000C66030000110E0873747261696768740D0563757276650CFFFFFFFF04FFFFFFFF0CFFFFFFFF133333333333
310
F335400000000000004C406D66666666660640140000000000408F40000000000000000000000000000000000A0600000000000000000A0671E54BC5A53A5C3F110D04656467650C6703000004FFFFFFFF0CFFFFFFFF0CC602000006F1A56364BBFB903F0CF101000006404C6EAAE070933F0CA30200000C680300000B0707
310
756E6B6E6F776E110D04656467650C6903000004FFFFFFFF0CFFFFFFFF0CF201000006404C6EAAE07093BF0C1302000006F1A56364BBFB90BF0C100200000C6A0300000B0707756E6B6E6F776E110D04666163650C6B03000004FFFFFFFF0CFFFFFFFF0C480300000CEF0100000C050000000CFFFFFFFF0C6C0300000A0B11
310
0D05706F696E740CFFFFFFFF04FFFFFFFF0CFFFFFFFF1314F55D9147AC37400000000000004C406B66666666660640110D05706F696E740CFFFFFFFF04FFFFFFFF0CFFFFFFFF13E90AA26EB8D339400000000000004C406B66666666660640110E04445849440D066174747269620CFFFFFFFF04FFFFFFFF0CFFFFFFFF0CFF
310
FFFFFF0CF5010000071241534D5F464143455F46524F4D5F53544550070F445F7261696C496E6E657231382D32110D04666163650C6D03000004FFFFFFFF0CFFFFFFFF0C6E0300000C980200000C050000000CFFFFFFFF0C6F0300000A0B110D046C6F6F700CFFFFFFFF04FFFFFFFF0CFFFFFFFF0CFFFFFFFF0C3A0300000C
310
F5010000110E05706C616E650D07737572666163650CFFFFFFFF04FFFFFFFF0CFFFFFFFF130000000000C058400000000000000000000000000000000014000000000000F0BF000000000000000000000000000000001400000000000000000000000000000000000000000000F03F0B0B0B0B0B110D06636F656467650CFF
310
FFFFFF04FFFFFFFF0CFFFFFFFF0C700300000C710300000C720300000C730300000B0CF601000004000000000CFFFFFFFF110D06636F656467650CFFFFFFFF04FFFFFFFF0CFFFFFFFF0C720300000CF80100000C740300000C750300000B0C5401000004000000000CFFFFFFFF110D06636F656467650CFFFFFFFF04FFFFFF
310
FF0CFFFFFFFF0CF80100000C720300000C760300000C770300000A0C5401000004000000000CFFFFFFFF110D06636F656467650CFFFFFFFF04FFFFFFFF0CFFFFFFFF0C780300000C790300000CF80100000CB50200000A0C7A03000004000000000CFFFFFFFF110D04656467650C7B03000004FFFFFFFF0CFFFFFFFF0C7C03
310
00000600000000000000800C7D03000006F2D24D621058B93F0CB40200000C7E0300000B0707756E6B6E6F776E110E04445849440D066174747269620CFFFFFFFF04FFFFFFFF0CFFFFFFFF0CFFFFFFFF0CFA010000071241534D5F464143455F46524F4D5F535445500711445F7261696C496E6E657231382D343732110D04
310
666163650C7F03000004FFFFFFFF0CFFFFFFFF0C650300000CBD0200000C050000000CFFFFFFFF0C800300000A0B110E04636F6E650D07737572666163650CFFFFFFFF04FFFFFFFF0CFFFFFFFF13FFFFFFFFFFBF38409DED9BD90EBF52408AB603DFCE65F7BC140000000000000000000000000000F0BFEDF57ABD5EAFA33C
310
140000000000000000FB70381C0E87BDBC12000000000008C006000000000000F03F0B0B06000000000000000006000000000000F03F0612000000000008400B0B0B0B0B110D06636F656467650CFFFFFFFF04FFFFFFFF0CFFFFFFFF0CA30200000CA20200000C000200000CBA0200000A0CA402000004000000000CFFFFFF
310
FF110D04656467650C8103000004FFFFFFFF0CFFFFFFFF0CC602000006C3E54BC5A53A5CBF0CBF0200000600000000000000000C000200000C820300000B0707756E6B6E6F776E110D06636F656467650CFFFFFFFF04FFFFFFFF0CFFFFFFFF0CA00200000C010200000CA20200000C640300000B0CBD02000004000000000C
310
FFFFFFFF110D06636F656467650CFFFFFFFF04FFFFFFFF0CFFFFFFFF0C010200000CA00200000C030200000CC10200000B0CBD02000004000000000CFFFFFFFF110D046C6F6F700CFFFFFFFF04FFFFFFFF0CFFFFFFFF0CFFFFFFFF0CA00200000CB7020000110E04445849440D066174747269620CFFFFFFFF04FFFFFFFF0C
310
FFFFFFFF0CFFFFFFFF0C02020000071241534D5F454447455F46524F4D5F53544550070432313335110D067665727465780CFFFFFFFF04FFFFFFFF0CFFFFFFFF0CBA02000004010000000C83030000110E0873747261696768740D0563757276650CFFFFFFFF04FFFFFFFF0CFFFFFFFF133333333333F33540343333333333
310
4D4061666666666606C014000000000000000000000000000000000000000000408FC00A06C8BAB88D06F076BF0A06DD82CB38BAC26FBF110D04656467650C8403000004FFFFFFFF0CFFFFFFFF0C4C03000006404C6EAAE07093BF0C0702000006F1A56364BBFB90BF0C030200000C850300000B0707756E6B6E6F776E110D
310
05706F696E740CFFFFFFFF04FFFFFFFF0CFFFFFFFF133333333333F335403433333333334D40D7AE20EA863BF13F110E04445849440D066174747269620CFFFFFFFF04FFFFFFFF0CFFFFFFFF0CFFFFFFFF0C09020000071241534D5F454447455F46524F4D5F53544550070432303731110E0873747261696768740D056375
310
7276650CFFFFFFFF04FFFFFFFF0CFFFFFFFF133333333333F335409DED9BD90EBF5240FCAE20EA863BF1BF1400000000000000000000000000408FC029140A854239433D0A06F1A56364BBFB903F0A06404C6EAAE070933F110E04445849440D066174747269620CFFFFFFFF04FFFFFFFF0CFFFFFFFF0CFFFFFFFF0C0E0200
310
00071241534D5F454447455F46524F4D5F53544550070431393938110D067665727465780CFFFFFFFF04FFFFFFFF0CFFFFFFFF0C0E02000004010000000C86030000110E07656C6C697073650D0563757276650CFFFFFFFF04FFFFFFFF0CFFFFFFFF13FFFFFFFFFFBF38403433333333334D407F3E9FCFE763EABC14000000
310
0000000000000000000000F0BF0000000000000000140000000000000000000000000000000012000000000008C006000000000000F03F0A06822D0B92F03106400A06B12C7D1606120C40110D04666163650C8703000004FFFFFFFF0CFFFFFFFF0C170200000C110200000C050000000CFFFFFFFF0C880300000A0B110D05
310
706F696E740CFFFFFFFF04FFFFFFFF0CFFFFFFFF13E40AA26EB8D339403433333333334D406D66666666660640110E04445849440D066174747269620CFFFFFFFF04FFFFFFFF0CFFFFFFFF0CFFFFFFFF0C16020000071241534D5F454447455F46524F4D5F53544550070431343537110E0873747261696768740D05637572
310
76650CFFFFFFFF04FFFFFFFF0CFFFFFFFF13CACCCCCCCC8C3B406F889142749450406D666666666606401400000000000000000000000000408FC000000000000000000A062940CC2C2638803F0A06C88CE1B87022853F110E04445849440D066174747269620CFFFFFFFF04FFFFFFFF0CFFFFFFFF0CFFFFFFFF0C17020000
310
071241534D5F464143455F46524F4D5F535445500711445F7261696C496E6E657231382D383636110E05706C616E650D07737572666163650CFFFFFFFF04FFFFFFFF0CFFFFFFFF13CACCCCCCCC8C3B406F889142749450406D6666666666064014000000000000F03F00000000000000000000000000000000140000000000
310
0000000000000000000000000000000000F03F0B0B0B0B0B110D05706F696E740CFFFFFFFF04FFFFFFFF0CFFFFFFFF13CACCCCCCCC8C3B400000000000004C40DAAE20EA863BF13F110E04445849440D066174747269620CFFFFFFFF04FFFFFFFF0CFFFFFFFF0CFFFFFFFF0C1F020000071241534D5F464143455F46524F4D
310
5F535445500711445F7261696C496E6E657231382D373031110D04666163650C8903000004FFFFFFFF0CFFFFFFFF0C8A0300000C8B0300000C050000000CFFFFFFFF0C8C0300000A0B110D046C6F6F700CFFFFFFFF04FFFFFFFF0CFFFFFFFF0CFFFFFFFF0C8D0300000C1F020000110E05706C616E650D0773757266616365
310
0CFFFFFFFF04FFFFFFFF0CFFFFFFFF130700000000001C400000000000A04E40CBCCCCCCCC4C12C014000000000000F03F000000000000000000000000000000001400000000000000000000000000000000000000000000F0BF0B0B0B0B0B110D06636F656467650CFFFFFFFF04FFFFFFFF0CFFFFFFFF0C8E0300000C8F03
310
00000C900300000C910300000A0C2002000004000000000CFFFFFFFF110E04445849440D066174747269620CFFFFFFFF04FFFFFFFF0CFFFFFFFF0CFFFFFFFF0C24020000071241534D5F464143455F46524F4D5F535445500712445F7261696C496E6E657231382D32343339110D04666163650C9203000004FFFFFFFF0CFF
310
FFFFFF0C930300000C940300000C050000000CFFFFFFFF0C950300000A0B110D046C6F6F700CFFFFFFFF04FFFFFFFF0CFFFFFFFF0CFFFFFFFF0C960300000C24020000110E05706C616E650D07737572666163650CFFFFFFFF04FFFFFFFF0CFFFFFFFF130000000000C058406666666666C64D406866666666A62B40140000
310
00000000000000A38B2EBA68DCBC000000000000F03F140000000000000000000000000000F0BF00A38B2EBA68DCBC0B0B0B0B0B110D06636F656467650CFFFFFFFF04FFFFFFFF0CFFFFFFFF0C970300000C980300000C990300000C9A0300000B0C2502000004000000000CFFFFFFFF110D06636F656467650CFFFFFFFF04
310
FFFFFFFF0CFFFFFFFF0C990300000C270200000C9B0300000C9C0300000B0C8001000004000000000CFFFFFFFF110D06636F656467650CFFFFFFFF04FFFFFFFF0CFFFFFFFF0C270200000C990300000C9D0300000C9E0300000A0C8001000004000000000CFFFFFFFF110D06636F656467650CFFFFFFFF04FFFFFFFF0CFFFF
310
FFFF0C290200000C280200000C270200000CDC0200000A0C0301000004000000000CFFFFFFFF110D04656467650C9F03000004FFFFFFFF0CFFFFFFFF0CA00300000600000000000000800CA103000006F2D24D621058B93F0CDB0200000CA20300000B0707756E6B6E6F776E110D06636F656467650CFFFFFFFF04FFFFFFFF
310
0CFFFFFFFF0C470300000C9B0300000C280200000CDE0200000A0C8102000004000000000CFFFFFFFF110D04656467650CA303000004FFFFFFFF0CFFFFFFFF0CE602000006717E6ABC749358BF0CA10300000600000000000000000C280200000CA40300000B0707756E6B6E6F776E110D06636F656467650CFFFFFFFF04FF
310
FFFFFF0CFFFFFFFF0C9D0300000CA50300000C290200000CE00200000B0CAF02000004000000000CFFFFFFFF110D04656467650CA603000004FFFFFFFF0CFFFFFFFF0CE502000006717E6ABC749358BF0CA00300000600000000000000000C290200000CA70300000B0707756E6B6E6F776E110D06636F656467650CFFFFFF
310
FF04FFFFFFFF0CFFFFFFFF0CA80300000C2A0200000CA50300000CA90300000A0CE302000004000000000CFFFFFFFF110D06636F656467650CFFFFFFFF04FFFFFFFF0CFFFFFFFF0C2A0200000CA80300000C470300000CAA0300000B0CE302000004000000000CFFFFFFFF110D046C6F6F700CFFFFFFFF04FFFFFFFF0CFFFF
310
FFFF0CFFFFFFFF0CA80300000CAB030000110E04445849440D066174747269620CFFFFFFFF04FFFFFFFF0CFFFFFFFF0CFFFFFFFF0C2B020000071241534D5F454447455F46524F4D5F53544550070431353635110D067665727465780CFFFFFFFF04FFFFFFFF0CFFFFFFFF0C2B02000004000000000CAC030000110D067665
310
727465780CFFFFFFFF04FFFFFFFF0CFFFFFFFF0C2B02000004010000000CAD030000110E0873747261696768740D0563757276650CFFFFFFFF04FFFFFFFF0CFFFFFFFF130000000000C058C00000000000D04D407666666666A62440140000000000408FC0000000000000000000000000000000000A06F2D24D621058C9BF
310
0A06F2D24D621058B9BF110E04445849440D066174747269620CFFFFFFFF04FFFFFFFF0CFFFFFFFF0CFFFFFFFF0C2D020000071241534D5F454447455F46524F4D5F53544550070431353533110D067665727465780CFFFFFFFF04FFFFFFFF0CFFFFFFFF0C2D02000004010000000CAE030000110E0873747261696768740D
310
0563757276650CFFFFFFFF04FFFFFFFF0CFFFFFFFF130100000000C045400100000000A04D4001000000000008401400000000000000000000000000408F4000000000000000000A0600000000000000000A06ECA9F1D24D62603F110E04445849440D066174747269620CFFFFFFFF04FFFFFFFF0CFFFFFFFF0CFFFFFFFF0C
310
2E020000071241534D5F454447455F46524F4D5F53544550070431303531110D067665727465780CFFFFFFFF04FFFFFFFF0CFFFFFFFF0C4102000004010000000CAF030000110E0873747261696768740D0563757276650CFFFFFFFF04FFFFFFFF0CFFFFFFFF130100000000C04B400100000000A04D400100000000000840
310
1400000000000000000000000000408F4000000000000000000A0600000000000000000A06ECA9F1D24D62603F110E04445849440D066174747269620CFFFFFFFF04FFFFFFFF0CFFFFFFFF0CFFFFFFFF0C36020000071241534D5F454447455F46524F4D5F53544550070432333535110E07656C6C697073650D0563757276
310
650CFFFFFFFF04FFFFFFFF0CFFFFFFFF130100000000C04B400000000000A04E404C60D37EB294C73C140000000000000000000000000000F03F0000000000000000140000000000000000000000000000000001000000000008C006000000000000F03F0A06182D4454FB2109C00A060000000000000000110E0444584944
310
0D066174747269620CFFFFFFFF04FFFFFFFF0CFFFFFFFF0CFFFFFFFF0C37020000071241534D5F454447455F46524F4D5F535445500703363239110E07656C6C697073650D0563757276650CFFFFFFFF04FFFFFFFF0CFFFFFFFF130100000000C045400000000000A04E404C60D37EB294C73C140000000000000080000000
310
000000F0BF0000000000000080140000000000000000000000000000000001000000000008C006000000000000F03F0A06182D4454FB2109C00A060000000000000000110E04445849440D066174747269620CFFFFFFFF04FFFFFFFF0CFFFFFFFF0CFFFFFFFF0C3B020000071241534D5F464143455F46524F4D5F53544550
310
0712445F7261696C496E6E657231382D32333533110E04636F6E650D07737572666163650CFFFFFFFF04FFFFFFFF0CFFFFFFFF130100000000C04B400100000000A04D404C60D37EB294C73C140000000000000000000000000000F03F00000000000000001400000000000000000000000000000000010000000000084006
310
000000000000F03F0B0B06000000000000000006000000000000F03F0601000000000008400B0B0B0B0B110E04445849440D066174747269620CFFFFFFFF04FFFFFFFF0CFFFFFFFF0CFFFFFFFF0C41020000071241534D5F454447455F46524F4D5F53544550070431343139110E0873747261696768740D0563757276650C
310
FFFFFFFF04FFFFFFFF0CFFFFFFFF130100000000C04B400000000000A04E400100000000000840140000000000408F40000000000000000000000000000000000A06FB7E6ABC749388BF0A060000000000000000110D06636F656467650CFFFFFFFF04FFFFFFFF0CFFFFFFFF0C930200000C420200000C6D0200000C200300
310
000A0CD400000004000000000CFFFFFFFF110D06636F656467650CFFFFFFFF04FFFFFFFF0CFFFFFFFF0C5E0200000C5D0200000C420200000CF80200000B0C5F02000004000000000CFFFFFFFF110D04656467650CB003000004FFFFFFFF0CFFFFFFFF0C2503000006F782CB38BAC26F3F0CFA02000006C8BAB88D06F0763F
310
0C420200000CB10300000B0707756E6B6E6F776E110E04445849440D066174747269620CFFFFFFFF04FFFFFFFF0CFFFFFFFF0CFFFFFFFF0C44020000071241534D5F454447455F46524F4D5F535445500703343339110D067665727465780CFFFFFFFF04FFFFFFFF0CFFFFFFFF0C4402000004000000000CB2030000110E08
310
73747261696768740D0563757276650CFFFFFFFF04FFFFFFFF0CFFFFFFFF13CECCCCCCCCDC51400000000000004C4061666666666606C0140000000000408F40000000000000000076DBB66D5BCC35BD0A0600000000000000000A06CDE44BC5A53A5C3F110D06636F656467650CFFFFFFFF04FFFFFFFF0CFFFFFFFF0C5502
310
00000C540200000C450200000CFD0200000B0C5602000004000000000CFFFFFFFF110D04656467650CB303000004FFFFFFFF0CFFFFFFFF0CFF02000006BD2DD2CFE541F33F0CB403000006742CB6D81002FF3F0C450200000CB50300000B0707756E6B6E6F776E110E04445849440D066174747269620CFFFFFFFF04FFFFFF
310
FF0CFFFFFFFF0CFFFFFFFF0C47020000071241534D5F454447455F46524F4D5F535445500703353536110D067665727465780CFFFFFFFF04FFFFFFFF0CFFFFFFFF0CFD02000004000000000CB6030000110E0873747261696768740D0563757276650CFFFFFFFF04FFFFFFFF0CFFFFFFFF1334333333334353400000000000
310
004C4061666666666606C014000000000000000000000000000000000000000000408F400A0600000000000000000A0631E54BC5A53A5C3F110E04445849440D066174747269620CFFFFFFFF04FFFFFFFF0CFFFFFFFF0CFFFFFFFF0C4C020000071241534D5F464143455F46524F4D5F535445500710445F7261696C496E6E
310
657231382D3436110E05706C616E650D07737572666163650CFFFFFFFF04FFFFFFFF0CFFFFFFFF13CECCCCCCCCDC51406F889142749450406D6666666666064014000000000000F0BF000000000000000000000000000000001400000000000000000000000000000000000000000000F03F0B0B0B0B0B110D06636F656467
310
650CFFFFFFFF04FFFFFFFF0CFFFFFFFF0C540300000C530300000C510200000C040300000B0C5503000004000000000CFFFFFFFF110D04656467650CB703000004FFFFFFFF0CFFFFFFFF0CB803000006ECE54BC5A53A5CBF0C090300000600000000000000000C030300000CB90300000B0707756E6B6E6F776E110D06636F
310
656467650CFFFFFFFF04FFFFFFFF0CFFFFFFFF0C510300000C520200000C550200000C0B0300000A0C0703000004000000000CFFFFFFFF110D06636F656467650CFFFFFFFF04FFFFFFFF0CFFFFFFFF0C520200000C510300000C540300000CBA0300000A0C0703000004000000000CFFFFFFFF110D046C6F6F700CFFFFFFFF
310
04FFFFFFFF0CFFFFFFFF0CFFFFFFFF0C510300000CBB030000110E04445849440D066174747269620CFFFFFFFF04FFFFFFFF0CFFFFFFFF0CFFFFFFFF0C53020000071241534D5F454447455F46524F4D5F53544550070431393432110D067665727465780CFFFFFFFF04FFFFFFFF0CFFFFFFFF0C0403000004010000000CBC
310
030000110E0873747261696768740D0563757276650CFFFFFFFF04FFFFFFFF0CFFFFFFFF1334333333334353403433333333334D4061666666666606C014000000000000000000000000000000000000000000408FC00A06C8BAB88D06F076BF0A06DD82CB38BAC26FBF110D04656467650CBD03000004FFFFFFFF0CFFFFFF
310
FF0CB403000006404C6EAAE07093BF0C5802000006F1A56364BBFB90BF0C050300000CBE0300000B0707756E6B6E6F776E110D04666163650CBF03000004FFFFFFFF0CFFFFFFFF0C5B0200000C560200000C050000000CFFFFFFFF0CC00300000A0B110D05706F696E740CFFFFFFFF04FFFFFFFF0CFFFFFFFF133433333333
310
4353403433333333334D40D7AE20EA863BF13F110E04445849440D066174747269620CFFFFFFFF04FFFFFFFF0CFFFFFFFF0CFFFFFFFF0C5A020000071241534D5F454447455F46524F4D5F53544550070431343030110E0873747261696768740D0563757276650CFFFFFFFF04FFFFFFFF0CFFFFFFFF133433333333435340
310
9DED9BD90EBF5240FCAE20EA863BF1BF1400000000000000000000000000408FC029140A854239433D0A06F1A56364BBFB903F0A06404C6EAAE070933F110E04445849440D066174747269620CFFFFFFFF04FFFFFFFF0CFFFFFFFF0CFFFFFFFF0C5B020000071241534D5F464143455F46524F4D5F535445500712445F7261
310
696C496E6E657231382D32313337110E05706C616E650D07737572666163650CFFFFFFFF04FFFFFFFF0CFFFFFFFF1334333333334353406F8891427494504061666666666606C014000000000000F03F000000000000000000000000000000001400000000000000000000000000000000000000000000F0BF0B0B0B0B0B11
310
0E04445849440D066174747269620CFFFFFFFF04FFFFFFFF0CFFFFFFFF0CFFFFFFFF0C62020000071241534D5F454447455F46524F4D5F53544550070431323730110E0873747261696768740D0563757276650CFFFFFFFF04FFFFFFFF0CFFFFFFFF13CECCCCCCCCDC51406F8891427494504061666666666606C014000000
310
00000000800000000000408FC000000000000000800A062940CC2C2638803F0A06C88CE1B87022853F110D06636F656467650CFFFFFFFF04FFFFFFFF0CFFFFFFFF0C970200000C960200000C640200000C150300000B0C9802000004000000000CFFFFFFFF110D04656467650CC103000004FFFFFFFF0CFFFFFFFF0C1A0300
310
00067B2D0B92F03106400CB803000006AE2C7D1606120C400C140300000CC20300000B0707756E6B6E6F776E110D06636F656467650CFFFFFFFF04FFFFFFFF0CFFFFFFFF0C940200000C650200000C960200000C5D0300000A0C1803000004000000000CFFFFFFFF110D06636F656467650CFFFFFFFF04FFFFFFFF0CFFFFFF
310
FF0C650200000C940200000C670200000C1D0300000A0C1803000004000000000CFFFFFFFF110D046C6F6F700CFFFFFFFF04FFFFFFFF0CFFFFFFFF0CFFFFFFFF0C940200000CC3030000110E04445849440D066174747269620CFFFFFFFF04FFFFFFFF0CFFFFFFFF0CFFFFFFFF0C66020000071241534D5F454447455F4652
310
4F4D5F53544550070432353938110D067665727465780CFFFFFFFF04FFFFFFFF0CFFFFFFFF0C5D03000004010000000CC4030000110E0873747261696768740D0563757276650CFFFFFFFF04FFFFFFFF0CFFFFFFFF1334333333334353403433333333334D406D66666666660640140000000000408F400000000000000000
310
00000000000000000A06C3BAB88D06F076BF0A06B882CB38BAC26FBF110D06636F656467650CFFFFFFFF04FFFFFFFF0CFFFFFFFF0C680200000C670200000C930200000C590300000B0C6902000004000000000CFFFFFFFF110D04656467650CC503000004FFFFFFFF0CFFFFFFFF0C6B020000062940CC2C2638803F0C5B03
310
000006C88CE1B87022853F0C670200000CC60300000B0707756E6B6E6F776E110D04666163650CC703000004FFFFFFFF0CFFFFFFFF0CC30300000C690200000C050000000CFFFFFFFF0CC80300000A0B110D05706F696E740CFFFFFFFF04FFFFFFFF0CFFFFFFFF13CECCCCCCCCDC51403433333333334D406D666666666606
310
40110D04656467650CC903000004FFFFFFFF0CFFFFFFFF0C22030000067D2CB6D81002FFBF0C2503000006B42DD2CFE541F3BF0CF60200000CCA0300000B0707756E6B6E6F776E110E04445849440D066174747269620CFFFFFFFF04FFFFFFFF0CFFFFFFFF0CFFFFFFFF0C6E020000071241534D5F454447455F46524F4D5F
310
53544550070432333139110D067665727465780CFFFFFFFF04FFFFFFFF0CFFFFFFFF0C2003000004000000000CCB030000110E0873747261696768740D0563757276650CFFFFFFFF04FFFFFFFF0CFFFFFFFF13CECCCCCCCCDC51409DED9BD90EBF5240CDAE20EA863BF13F1400000000000000000000000000408FC029140A
310
854239433D0A06F1A56364BBFB903F0A06404C6EAAE070933F110E04445849440D066174747269620CFFFFFFFF04FFFFFFFF0CFFFFFFFF0CFFFFFFFF0C6F020000071241534D5F454447455F46524F4D5F53544550070431343735110D067665727465780CFFFFFFFF04FFFFFFFF0CFFFFFFFF0CF802000004000000000CCC
310
030000110E0873747261696768740D0563757276650CFFFFFFFF04FFFFFFFF0CFFFFFFFF13CECCCCCCCCDC51409DED9BD90EBF5240FCAE20EA863BF1BF1400000000000000000000000000408F4029140A85423943BD0A06404C6EAAE07093BF0A06F1A56364BBFB90BF110E04445849440D066174747269620CFFFFFFFF04
310
FFFFFFFF0CFFFFFFFF0CFFFFFFFF0C70020000071241534D5F464143455F46524F4D5F535445500712445F7261696C496E6E657231382D32303834110E04636F6E650D07737572666163650CFFFFFFFF04FFFFFFFF0CFFFFFFFF1301000000009052409DED9BD90EBF52408AB603DFCE65F7BC140000000000000000000000
310
000000F0BFEDF57ABD5EAFA33C140000000000000000FB70381C0E87BDBC12000000000008C006000000000000F03F0B0B06000000000000000006000000000000F03F0612000000000008400B0B0B0B0B110E04445849440D066174747269620CFFFFFFFF04FFFFFFFF0CFFFFFFFF0CFFFFFFFF0C74020000071241534D5F
310
464143455F46524F4D5F535445500712445F7261696C496E6E657231382D32313836110D04666163650CCD03000004FFFFFFFF0CFFFFFFFF0C560000000CCE0300000C050000000CFFFFFFFF0CCF0300000A0B110D046C6F6F700CFFFFFFFF04FFFFFFFF0CFFFFFFFF0CFFFFFFFF0CD00300000C74020000110E05706C616E
310
650D07737572666163650CFFFFFFFF04FFFFFFFF0CFFFFFFFF130000000000C058406566666666264D400000000000000000140000000000000000000000000000F0BF00000000000000001400000000000000000000000000000000000000000000F0BF0B0B0B0B0B110D06636F656467650CFFFFFFFF04FFFFFFFF0CFFFF
310
FFFF0CD10300000CD20300000CD30300000CD40300000A0C7502000004000000000CFFFFFFFF110D06636F656467650CFFFFFFFF04FFFFFFFF0CFFFFFFFF0CD50300000C770200000CD60300000CD70300000A0CD201000004000000000CFFFFFFFF110D06636F656467650CFFFFFFFF04FFFFFFFF0CFFFFFFFF0C77020000
310
0CD50300000CD80300000CD90300000A0CD201000004000000000CFFFFFFFF110D06636F656467650CFFFFFFFF04FFFFFFFF0CFFFFFFFF0CDA0300000CDB0300000C770200000C310300000B0CDC03000004000000000CFFFFFFFF110D04656467650CDD03000004FFFFFFFF0CFFFFFFFF0CDE030000060000000000000000
310
0CDF03000006C8BAB88D06F0763F0C300300000CE00300000B0707756E6B6E6F776E110D06636F656467650CFFFFFFFF04FFFFFFFF0CFFFFFFFF0C790200000C780200000CA80300000CE10300000B0C4401000004000000000CFFFFFFFF110D04656467650CE203000004FFFFFFFF0CFFFFFFFF0C830200000652B4C876BE
310
9F5A3F0CE3030000063D14AE47E17A643F0C780200000CE40300000B0707756E6B6E6F776E110D06636F656467650CFFFFFFFF04FFFFFFFF0CFFFFFFFF0CA50300000C3A0300000C790200000C350300000B0CAF02000004000000000CFFFFFFFF110D04656467650CE503000004FFFFFFFF0CFFFFFFFF0C370300000652B4
310
C876BE9F5A3F0CE6030000063D14AE47E17A643F0C790200000CE70300000B0707756E6B6E6F776E110E04445849440D066174747269620CFFFFFFFF04FFFFFFFF0CFFFFFFFF0CFFFFFFFF0C7A020000071241534D5F454447455F46524F4D5F535445500703363035110D067665727465780CFFFFFFFF04FFFFFFFF0CFFFF
310
FFFF0C7A02000004010000000CE8030000110E0873747261696768740D0563757276650CFFFFFFFF04FFFFFFFF0CFFFFFFFF130000000000C058400000000000A04E406666666666262340140000000000408F40000000000000000000000000000000000A06F2D24D621058B9BF0A060000000000000000110D06636F6564
310
67650CFFFFFFFF04FFFFFFFF0CFFFFFFFF0CE90300000C7B0200000CEA0300000CEB0300000A0CD000000004000000000CFFFFFFFF110D06636F656467650CFFFFFFFF04FFFFFFFF0CFFFFFFFF0C340300000CEC0300000C7B0200000C3B0300000A0CAF02000004000000000CFFFFFFFF110D04656467650CED03000004FF
310
FFFFFF0CFFFFFFFF0C370300000640A4DFBE0E9C83BF0CEE0300000663EE5A423EE879BF0C7B0200000CEF0300000B0707756E6B6E6F776E110D06636F656467650CFFFFFFFF04FFFFFFFF0CFFFFFFFF0C7C0200000CF00300000CF10300000CF20300000B0CD000000004000000000CFFFFFFFF110D06636F656467650CFF
310
FFFFFF04FFFFFFFF0CFFFFFFFF0CF30300000CF40300000C7C0200000C3E0300000A0CF503000004000000000CFFFFFFFF110D04656467650CF603000004FFFFFFFF0CFFFFFFFF0CF70300000600000000000000000C43030000060F8C4AEA0434513F0C7C0200000CF80300000B0707756E6B6E6F776E110D06636F656467
310
650CFFFFFFFF04FFFFFFFF0CFFFFFFFF0CF90300000C7D0200000CF40300000CFA0300000A0C4103000004000000000CFFFFFFFF110D06636F656467650CFFFFFFFF04FFFFFFFF0CFFFFFFFF0C7D0200000CF90300000C7F0200000C460300000B0C4103000004000000000CFFFFFFFF110D046C6F6F700CFFFFFFFF04FFFF
310
FFFF0CFFFFFFFF0CFFFFFFFF0C3F0300000CFB030000110E04445849440D066174747269620CFFFFFFFF04FFFFFFFF0CFFFFFFFF0CFFFFFFFF0C7E020000071241534D5F454447455F46524F4D5F53544550070431323233110D067665727465780CFFFFFFFF04FFFFFFFF0CFFFFFFFF0C3E03000004010000000CFC030000
310
110E0873747261696768740D0563757276650CFFFFFFFF04FFFFFFFF0CFFFFFFFF130700000000001C400000000000A04E40CCCCCCCCCC4C1940140000000000408FC0000000000000000000000000000000000A0680E9263108AC6C3F0A0680E9263108AC7C3F110D06636F656467650CFFFFFFFF04FFFFFFFF0CFFFFFFFF
310
0CFD0300000C7F0200000CFE0300000CFF0300000B0C8102000004000000000CFFFFFFFF110D04656467650C0004000004FFFFFFFF0CFFFFFFFF0C0104000006182D4454FB2109C00C840200000600000000000000000C400300000C020400000B0707756E6B6E6F776E110D06636F656467650CFFFFFFFF04FFFFFFFF0CFF
310
FFFFFF0C800200000CDD0200000CE20200000CAA0300000A0C8102000004000000000CFFFFFFFF110D04666163650C0304000004FFFFFFFF0CFFFFFFFF0CFFFFFFFF0C810200000C050000000CFFFFFFFF0C040400000A0B110D05706F696E740CFFFFFFFF04FFFFFFFF0CFFFFFFFF1300000000000000000000000000A04E
310
406666666666262340110D05706F696E740CFFFFFFFF04FFFFFFFF0CFFFFFFFF1300000000000000000000000000A04E40CCCCCCCCCC4C1940110E04445849440D066174747269620CFFFFFFFF04FFFFFFFF0CFFFFFFFF0CFFFFFFFF0C87020000071241534D5F454447455F46524F4D5F53544550070432333635110D0676
310
65727465780CFFFFFFFF04FFFFFFFF0CFFFFFFFF0C8702000004010000000C05040000110E07656C6C697073650D0563757276650CFFFFFFFF04FFFFFFFF0CFFFFFFFF13FFFFFFFFFFBF38400000000000004C40000000000070E7BC140000000000000000000000000000F03FEDF57ABD5EAFA3BC140000000000000000FB
310
70381C0E87BDBC12000000000008C006000000000000F03F0A06B92DD2CFE541F33F0A06782CB6D81002FF3F110D05706F696E740CFFFFFFFF04FFFFFFFF0CFFFFFFFF133333333333F335400000000000004C40F0AE20EA863BF1BF110E04445849440D066174747269620CFFFFFFFF04FFFFFFFF0CFFFFFFFF0CFFFFFFFF
310
0C8C020000071241534D5F454447455F46524F4D5F535445500703353631110E0873747261696768740D0563757276650CFFFFFFFF04FFFFFFFF0CFFFFFFFF13CACCCCCCCC8C3B400000000000004C406D6666666666064014000000000000000000000000000000000000000000408FC00A0600000000000000000A0661E5
310
4BC5A53A5C3F110D06636F656467650CFFFFFFFF04FFFFFFFF0CFFFFFFFF0C060300000C050300000C900200000C520300000B0C0703000004000000000CFFFFFFFF110D04656467650C0604000004FFFFFFFF0CFFFFFFFF0CB403000006DF82CB38BAC26F3F0C5703000006C8BAB88D06F0763F0C900200000C070400000B
310
0707756E6B6E6F776E110D06636F656467650CFFFFFFFF04FFFFFFFF0CFFFFFFFF0C030300000C910200000C970200000C5E0300000A0C5503000004000000000CFFFFFFFF110D06636F656467650CFFFFFFFF04FFFFFFFF0CFFFFFFFF0C910200000C030300000C060300000CBA0300000B0C5503000004000000000CFFFF
310
FFFF110D046C6F6F700CFFFFFFFF04FFFFFFFF0CFFFFFFFF0CFFFFFFFF0C030300000C6E030000110E04445849440D066174747269620CFFFFFFFF04FFFFFFFF0CFFFFFFFF0CFFFFFFFF0C92020000071241534D5F454447455F46524F4D5F535445500703353832110D067665727465780CFFFFFFFF04FFFFFFFF0CFFFFFF
310
FF0C9202000004000000000C08040000110E0873747261696768740D0563757276650CFFFFFFFF04FFFFFFFF0CFFFFFFFF1334333333334353400000000000004C406D66666666660640140000000000408FC0000000000000000000000000000000000A0600000000000000000A06C3E54BC5A53A5C3F110D04656467650C
310
0904000004FFFFFFFF0CFFFFFFFF0C5B0300000600000000000000000C220300000661E54BC5A53A5C3F0C930200000C0A0400000B0707756E6B6E6F776E110E04445849440D066174747269620CFFFFFFFF04FFFFFFFF0CFFFFFFFF0CFFFFFFFF0C95020000071241534D5F454447455F46524F4D5F535445500704313935
310
31110D067665727465780CFFFFFFFF04FFFFFFFF0CFFFFFFFF0C5903000004000000000C0B040000110E0873747261696768740D0563757276650CFFFFFFFF04FFFFFFFF0CFFFFFFFF1334333333334353400000000000004C406D66666666660640140000000000408FC0000000000000000000000000000000000A06E182
310
CB38BAC26F3F0A06C3BAB88D06F0763F110D04656467650C0C04000004FFFFFFFF0CFFFFFFFF0C9B02000006404C6EAAE07093BF0C1A03000006F1A56364BBFB90BF0C960200000C0D0400000B0707756E6B6E6F776E110D04656467650C0E04000004FFFFFFFF0CFFFFFFFF0CB803000006F1A56364BBFB903F0C9A020000
310
06404C6EAAE070933F0C970200000C0F0400000B0707756E6B6E6F776E110D05706F696E740CFFFFFFFF04FFFFFFFF0CFFFFFFFF13BB82A81BEED452400000000000004C406B66666666660640110D05706F696E740CFFFFFFFF04FFFFFFFF0CFFFFFFFF13467D57E4114B52400000000000004C406B66666666660640110D
310
05706F696E740CFFFFFFFF04FFFFFFFF0CFFFFFFFF13CACCCCCCCC8C3B400000000000004C406D66666666660640110E04445849440D066174747269620CFFFFFFFF04FFFFFFFF0CFFFFFFFF0CFFFFFFFF0CA1020000071241534D5F454447455F46524F4D5F53544550070432353830110E0873747261696768740D056375
310
7276650CFFFFFFFF04FFFFFFFF0CFFFFFFFF133333333333F335400000000000004C4061666666666606C014000000000000000000000000000000000000000000408F400A06DF82CB38BAC26F3F0A06C8BAB88D06F0763F110D04656467650C1004000004FFFFFFFF0CFFFFFFFF0CBF020000062940CC2C2638803F0CA602
310
000006C88CE1B87022853F0CBB0200000C110400000B0707756E6B6E6F776E110D04666163650C1204000004FFFFFFFF0CFFFFFFFF0CAA0200000CA40200000C050000000CFFFFFFFF0C130400000A0B110D05706F696E740CFFFFFFFF04FFFFFFFF0CFFFFFFFF133333333333F335400000000000004C406D666666666606
310
40110E04445849440D066174747269620CFFFFFFFF04FFFFFFFF0CFFFFFFFF0CFFFFFFFF0CA8020000071241534D5F454447455F46524F4D5F535445500703393034110E0873747261696768740D0563757276650CFFFFFFFF04FFFFFFFF0CFFFFFFFF1319F55D9147AC37409DED9BD90EBF52406D66666666660640140000
310
0000000000000000000000408FC029140A854239433D0A06F1A56364BBFB903F0A06404C6EAAE070933F110E04445849440D066174747269620CFFFFFFFF04FFFFFFFF0CFFFFFFFF0CFFFFFFFF0CA9020000071241534D5F454447455F46524F4D5F53544550070432323235110E0873747261696768740D0563757276650C
310
FFFFFFFF04FFFFFFFF0CFFFFFFFF13E40AA26EB8D339409DED9BD90EBF52406D666666666606401400000000000000000000000000408F4029140A85423943BD0A06404C6EAAE07093BF0A06F1A56364BBFB90BF110E04445849440D066174747269620CFFFFFFFF04FFFFFFFF0CFFFFFFFF0CFFFFFFFF0CAA020000071241
310
534D5F464143455F46524F4D5F535445500712445F7261696C496E6E657231382D31383639110E04636F6E650D07737572666163650CFFFFFFFF04FFFFFFFF0CFFFFFFFF13FFFFFFFFFFBF38409DED9BD90EBF52408AB603DFCE65F7BC140000000000000000000000000000F0BFEDF57ABD5EAFA33C140000000000000000
310
FB70381C0E87BDBC12000000000008C006000000000000F03F0B0B06000000000000000006000000000000F03F0612000000000008400B0B0B0B0B110E04445849440D066174747269620CFFFFFFFF04FFFFFFFF0CFFFFFFFF0CFFFFFFFF0CAE020000071241534D5F464143455F46524F4D5F535445500712445F7261696C
310
496E6E657231382D31333032110D04666163650C1404000004FFFFFFFF0CFFFFFFFF0CBB0300000C550300000C050000000CFFFFFFFF0C150400000A0B110E04636F6E650D07737572666163650CFFFFFFFF04FFFFFFFF0CFFFFFFFF1301000000009052409DED9BD90EBF52408AB603DFCE65F7BC14000000000000000000
310
0000000000F0BFEDF57ABD5EAFA33C140000000000000000FB70381C0E87BDBC12000000000008C006000000000000F03F0B0B06000000000000000006000000000000F03F0612000000000008400B0B0B0B0B110D06636F656467650CFFFFFFFF04FFFFFFFF0CFFFFFFFF0C160400000CB10200000C170400000C18040000
310
0B0CF601000004000000000CFFFFFFFF110D06636F656467650CFFFFFFFF04FFFFFFFF0CFFFFFFFF0CB10200000C160400000C190400000C1A0400000A0CF601000004000000000CFFFFFFFF110D06636F656467650CFFFFFFFF04FFFFFFFF0CFFFFFFFF0CB30200000CB20200000CB10200000C730300000A0C5401000004
310
000000000CFFFFFFFF110D04656467650C1B04000004FFFFFFFF0CFFFFFFFF0C1C0400000600000000000000800C1D04000006F2D24D621058B93F0C720300000C1E0400000B0707756E6B6E6F776E110D06636F656467650CFFFFFFFF04FFFFFFFF0CFFFFFFFF0C1F0400000C170400000CB20200000C750300000A0C8102
310
000004000000000CFFFFFFFF110D04656467650C2004000004FFFFFFFF0CFFFFFFFF0C7D03000006A60A462575029ABF0C1D0400000600000000000000000CB20200000C210400000B0707756E6B6E6F776E110D06636F656467650CFFFFFFFF04FFFFFFFF0CFFFFFFFF0C190400000C220400000CB30200000C770300000B
310
0CAF02000004000000000CFFFFFFFF110D04656467650C2304000004FFFFFFFF0CFFFFFFFF0C7C03000006A60A462575029ABF0C1C0400000600000000000000800CB30200000C240400000B0707756E6B6E6F776E110D06636F656467650CFFFFFFFF04FFFFFFFF0CFFFFFFFF0C250400000CB40200000C220400000C2604
310
00000A0C7A03000004000000000CFFFFFFFF110D06636F656467650CFFFFFFFF04FFFFFFFF0CFFFFFFFF0CB40200000C250400000C1F0400000C270400000B0C7A03000004000000000CFFFFFFFF110D046C6F6F700CFFFFFFFF04FFFFFFFF0CFFFFFFFF0CFFFFFFFF0C250400000C93030000110E04445849440D06617474
310
7269620CFFFFFFFF04FFFFFFFF0CFFFFFFFF0CFFFFFFFF0CB5020000071241534D5F454447455F46524F4D5F53544550070432323638110D067665727465780CFFFFFFFF04FFFFFFFF0CFFFFFFFF0CB502000004000000000C28040000110D067665727465780CFFFFFFFF04FFFFFFFF0CFFFFFFFF0C270400000401000000
310
0C29040000110E0873747261696768740D0563757276650CFFFFFFFF04FFFFFFFF0CFFFFFFFF130000000000C058400000000000004C406666666666A62F40140000000000408FC0000000000000008000000000000000800A0600000000000000800A06F2D24D621058B93F110E04445849440D066174747269620CFFFFFF
310
FF04FFFFFFFF0CFFFFFFFF0CFFFFFFFF0CB7020000071241534D5F464143455F46524F4D5F535445500712445F7261696C496E6E657231382D31373932110E05706C616E650D07737572666163650CFFFFFFFF04FFFFFFFF0CFFFFFFFF133333333333F335406F8891427494504061666666666606C014000000000000F0BF
310
000000000000000000000000000000001400000000000000000000000000000000000000000000F0BF0B0B0B0B0B110E04445849440D066174747269620CFFFFFFFF04FFFFFFFF0CFFFFFFFF0CFFFFFFFF0CBA020000071241534D5F454447455F46524F4D5F53544550070432333035110E0873747261696768740D056375
310
7276650CFFFFFFFF04FFFFFFFF0CFFFFFFFF133333333333F335403433333333334D406D66666666660640140000000000408FC0000000000000000000000000000000000A06C3E54BC5A53A5CBF0A060000000000000000110D05706F696E740CFFFFFFFF04FFFFFFFF0CFFFFFFFF133333333333F335403433333333334D
310
406E66666666660640110E04445849440D066174747269620CFFFFFFFF04FFFFFFFF0CFFFFFFFF0CFFFFFFFF0CC1020000071241534D5F454447455F46524F4D5F535445500703333239110E0873747261696768740D0563757276650CFFFFFFFF04FFFFFFFF0CFFFFFFFF133333333333F335409DED9BD90EBF5240CDAE20
310
EA863BF13F1400000000000000000000000000408F4029140A85423943BD0A06404C6EAAE07093BF0A06F1A56364BBFB90BF110D05706F696E740CFFFFFFFF04FFFFFFFF0CFFFFFFFF1319F55D9147AC37403433333333334D407066666666660640110E04445849440D066174747269620CFFFFFFFF04FFFFFFFF0CFFFFFF
310
FF0CFFFFFFFF0CC8020000071241534D5F464143455F46524F4D5F535445500712445F7261696C496E6E657231382D31343231110E05706C616E650D07737572666163650CFFFFFFFF04FFFFFFFF0CFFFFFFFF133333333333F335406F889142749450406D6666666666064014000000000000000000000000000000000000
310
00000000F03F14000000000000F0BF000000000000000000000000000000000B0B0B0B0B110E04445849440D066174747269620CFFFFFFFF04FFFFFFFF0CFFFFFFFF0CFFFFFFFF0CD0020000071241534D5F464143455F46524F4D5F535445500712445F7261696C496E6E657231382D31333533110D04666163650C2A0400
310
0004FFFFFFFF0CFFFFFFFF0C2B0400000C2C0400000C050000000CFFFFFFFF0C2D0400000B0B110D046C6F6F700CFFFFFFFF04FFFFFFFF0CFFFFFFFF0CFFFFFFFF0C2E0400000CD0020000110E04636F6E650D07737572666163650CFFFFFFFF04FFFFFFFF0CFFFFFFFF130700000000001C400000000000A04E40CBCCCCCC
310
CC4C12C014000000000000F0BF000000000000000000000000000000001400000000000000000000000000000000030000000000FCBF06000000000000F03F0B0B06000000000000000006000000000000F03F06030000000000FC3F0B0B0B0B0B110D06636F656467650CFFFFFFFF04FFFFFFFF0CFFFFFFFF0C2F0400000C
310
2F0400000C300400000C310400000B0CD102000004000000000CFFFFFFFF110D06636F656467650CFFFFFFFF04FFFFFFFF0CFFFFFFFF0C320400000CD30200000C330400000C340400000A0C2002000004000000000CFFFFFFFF110D06636F656467650CFFFFFFFF04FFFFFFFF0CFFFFFFFF0CD30200000C320400000C3504
310
00000C360400000A0C2002000004000000000CFFFFFFFF110D06636F656467650CFFFFFFFF04FFFFFFFF0CFFFFFFFF0C370400000C380400000CD30200000C910300000B0C3904000004000000000CFFFFFFFF110D04656467650C3A04000004FFFFFFFF0CFFFFFFFF0C3B0400000600000000000000000C3C04000006000E
310
BE30992A683F0CD30200000C3D0400000B0707756E6B6E6F776E110E04445849440D066174747269620CFFFFFFFF04FFFFFFFF0CFFFFFFFF0CFFFFFFFF0CD5020000071241534D5F464143455F46524F4D5F535445500712445F7261696C496E6E657231382D32343934110D04666163650C3E04000004FFFFFFFF0CFFFFFF
310
FF0CAB0300000C7A0300000C050000000CFFFFFFFF0C3F0400000A0B110D046C6F6F700CFFFFFFFF04FFFFFFFF0CFFFFFFFF0CFFFFFFFF0C400400000CD5020000110E05706C616E650D07737572666163650CFFFFFFFF04FFFFFFFF0CFFFFFFFF130000000000C058406666666666C64D406666666666A62F401400000000
310
00000000000000000000F0BF00000000000000001400000000000000000000000000000000000000000000F0BF0B0B0B0B0B110D06636F656467650CFFFFFFFF04FFFFFFFF0CFFFFFFFF0C410400000C420400000C430400000C440400000B0CD602000004000000000CFFFFFFFF110D06636F656467650CFFFFFFFF04FFFF
310
FFFF0CFFFFFFFF0C430400000CD80200000C450400000C460400000B0C2502000004000000000CFFFFFFFF110D06636F656467650CFFFFFFFF04FFFFFFFF0CFFFFFFFF0CD80200000C430400000C470400000C480400000A0C2502000004000000000CFFFFFFFF110D06636F656467650CFFFFFFFF04FFFFFFFF0CFFFFFFFF
310
0CDA0200000CD90200000CD80200000C9A0300000A0C8001000004000000000CFFFFFFFF110D04656467650C4904000004FFFFFFFF0CFFFFFFFF0C4A0400000600000000000000800C4B04000006F2D24D621058B93F0C990300000C4C0400000B0707756E6B6E6F776E110D06636F656467650CFFFFFFFF04FFFFFFFF0CFF
310
FFFFFF0CDD0200000C450400000CD90200000C9C0300000A0C8102000004000000000CFFFFFFFF110D04656467650C4D04000004FFFFFFFF0CFFFFFFFF0CA10300000600000000000000000C4B0400000648C1A8A44E40533F0CD90200000C4E0400000B0707756E6B6E6F776E110D06636F656467650CFFFFFFFF04FFFFFF
310
FF0CFFFFFFFF0C470400000CDF0200000CDA0200000C9E0300000B0CAF02000004000000000CFFFFFFFF110D04656467650C4F04000004FFFFFFFF0CFFFFFFFF0CA00300000600000000000000000C4A0400000648C1A8A44E40533F0CDA0200000C500400000B0707756E6B6E6F776E110E04445849440D06617474726962
310
0CFFFFFFFF04FFFFFFFF0CFFFFFFFF0CFFFFFFFF0CDC020000071241534D5F454447455F46524F4D5F535445500703373334110D067665727465780CFFFFFFFF04FFFFFFFF0CFFFFFFFF0CDC02000004000000000C51040000110D067665727465780CFFFFFFFF04FFFFFFFF0CFFFFFFFF0CDE02000004010000000C520400
310
00110E0873747261696768740D0563757276650CFFFFFFFF04FFFFFFFF0CFFFFFFFF130000000000C058400000000000D04D406666666666A62740140000000000408FC0000000000000008000000000000000800A0600000000000000800A06F2D24D621058B93F110E04445849440D066174747269620CFFFFFFFF04FFFF
310
FFFF0CFFFFFFFF0CFFFFFFFF0CDE020000071241534D5F454447455F46524F4D5F535445500703323531110E0873747261696768740D0563757276650CFFFFFFFF04FFFFFFFF0CFFFFFFFF1300000000000000000000000000D04D406666666666A6274014000000000000000000000000000000000000000000408F400A06
310
717E6ABC749358BF0A060000000000000000110D06636F656467650CFFFFFFFF04FFFFFFFF0CFFFFFFFF0CDF0200000C340300000CE10200000CA90300000B0CAF02000004000000000CFFFFFFFF110E04445849440D066174747269620CFFFFFFFF04FFFFFFFF0CFFFFFFFF0CFFFFFFFF0CE0020000071241534D5F454447
310
455F46524F4D5F535445500703373631110E0873747261696768740D0563757276650CFFFFFFFF04FFFFFFFF0CFFFFFFFF130000000000C058400000000000D04D406666666666A6274014000000000000000000000000000000000000000000408F400A06717E6ABC749358BF0A060000000000000000110D06636F656467
310
650CFFFFFFFF04FFFFFFFF0CFFFFFFFF0CE20200000CE10200000C320300000CE10300000A0CE302000004000000000CFFFFFFFF110D04656467650C5304000004FFFFFFFF0CFFFFFFFF0CE603000006582DCC923D64A2BF0CE50200000607324CB937D9A1BF0CE10200000C540400000B0707756E6B6E6F776E110D046564
310
67650C5504000004FFFFFFFF0CFFFFFFFF0CE303000006582DCC923D64A2BF0CE60200000607324CB937D9A1BF0CE20200000C560400000B0707756E6B6E6F776E110D04666163650C5704000004FFFFFFFF0CFFFFFFFF0C7A0000000CE30200000C050000000CFFFFFFFF0C580400000B0B110D05706F696E740CFFFFFFFF
310
04FFFFFFFF0CFFFFFFFF130000000000C058400000000000D04D407666666666A62440110D05706F696E740CFFFFFFFF04FFFFFFFF0CFFFFFFFF1300000000000000000000000000D04D407666666666A62440110D05706F696E740CFFFFFFFF04FFFFFFFF0CFFFFFFFF130100000000C045400000000000A04E4001000000
310
00000840110D05706F696E740CFFFFFFFF04FFFFFFFF0CFFFFFFFF130100000000C04B400000000000A04E400100000000000840110E04445849440D066174747269620CFFFFFFFF04FFFFFFFF0CFFFFFFFF0CFFFFFFFF0CF8020000071241534D5F454447455F46524F4D5F53544550070431313537110E08737472616967
310
68740D0563757276650CFFFFFFFF04FFFFFFFF0CFFFFFFFF13CECCCCCCCCDC51400000000000004C406D6666666666064014000000000000000000000000000000000000000000408FC00A06F782CB38BAC26F3F0A06C8BAB88D06F0763F110D05706F696E740CFFFFFFFF04FFFFFFFF0CFFFFFFFF13CECCCCCCCCDC514000
310
00000000004C4061666666666606C0110E04445849440D066174747269620CFFFFFFFF04FFFFFFFF0CFFFFFFFF0CFFFFFFFF0CFD020000071241534D5F454447455F46524F4D5F53544550070432363633110D067665727465780CFFFFFFFF04FFFFFFFF0CFFFFFFFF0C5203000004000000000C59040000110E07656C6C69
310
7073650D0563757276650CFFFFFFFF04FFFFFFFF0CFFFFFFFF1301000000009052400000000000004C40000000000070E7BC140000000000000000000000000000F0BFEDF57ABD5EAFA33C140000000000000000FB70381C0E87BDBC12000000000008C006000000000000F03F0A06BD2DD2CFE541F33F0A06742CB6D81002
310
FF3F110D05706F696E740CFFFFFFFF04FFFFFFFF0CFFFFFFFF1334333333334353400000000000004C40F0AE20EA863BF1BF110E04445849440D066174747269620CFFFFFFFF04FFFFFFFF0CFFFFFFFF0CFFFFFFFF0C04030000071241534D5F454447455F46524F4D5F535445500703363634110D067665727465780CFFFF
310
FFFF04FFFFFFFF0CFFFFFFFF0C1503000004010000000C5A040000110E0873747261696768740D0563757276650CFFFFFFFF04FFFFFFFF0CFFFFFFFF1334333333334353403433333333334D406D66666666660640140000000000408F40000000000000000000000000000000000A06ECE54BC5A53A5CBF0A060000000000
310
000000110D04656467650C5B04000004FFFFFFFF0CFFFFFFFF0C09030000062940CC2C2638803F0C5703000006C88CE1B87022853F0C540300000C5C0400000B0707756E6B6E6F776E110D04666163650C5D04000004FFFFFFFF0CFFFFFFFF0C0C0300000C070300000C050000000CFFFFFFFF0C5E0400000A0B110D05706F
310
696E740CFFFFFFFF04FFFFFFFF0CFFFFFFFF1334333333334353403433333333334D406E66666666660640110E04445849440D066174747269620CFFFFFFFF04FFFFFFFF0CFFFFFFFF0CFFFFFFFF0C0B030000071241534D5F454447455F46524F4D5F535445500703333333110E0873747261696768740D0563757276650C
310
FFFFFFFF04FFFFFFFF0CFFFFFFFF1334333333334353409DED9BD90EBF5240CDAE20EA863BF13F1400000000000000000000000000408F4029140A85423943BD0A06404C6EAAE07093BF0A06F1A56364BBFB90BF110E04445849440D066174747269620CFFFFFFFF04FFFFFFFF0CFFFFFFFF0CFFFFFFFF0C0C030000071241
310
534D5F464143455F46524F4D5F535445500712445F7261696C496E6E657231382D32303137110E04636F6E650D07737572666163650CFFFFFFFF04FFFFFFFF0CFFFFFFFF1301000000009052409DED9BD90EBF52408AB603DFCE65F7BC140000000000000000000000000000F0BFEDF57ABD5EAFA33C140000000000000000
310
FB70381C0E87BDBC12000000000008C006000000000000F03F0B0B06000000000000000006000000000000F03F0612000000000008400B0B0B0B0B110E04445849440D066174747269620CFFFFFFFF04FFFFFFFF0CFFFFFFFF0CFFFFFFFF0C15030000071241534D5F454447455F46524F4D5F53544550070431353037110E
310
07656C6C697073650D0563757276650CFFFFFFFF04FFFFFFFF0CFFFFFFFF1301000000009052403433333333334D407F3E9FCFE763EABC140000000000000000000000000000F03F0000000000000000140000000000000000000000000000000012000000000008C006000000000000F03F0A067B2D0B92F03106400A06AE
310
2C7D1606120C40110D04666163650C5F04000004FFFFFFFF0CFFFFFFFF0C600400000C180300000C050000000CFFFFFFFF0C610400000A0B110D05706F696E740CFFFFFFFF04FFFFFFFF0CFFFFFFFF13477D57E4114B52403433333333334D406D66666666660640110E04445849440D066174747269620CFFFFFFFF04FFFF
310
FFFF0CFFFFFFFF0CFFFFFFFF0C1D030000071241534D5F454447455F46524F4D5F535445500703343632110E0873747261696768740D0563757276650CFFFFFFFF04FFFFFFFF0CFFFFFFFF13CECCCCCCCCDC51406F889142749450406D666666666606401400000000000000800000000000408FC000000000000000800A06
310
2940CC2C2638803F0A06C88CE1B87022853F110E04445849440D066174747269620CFFFFFFFF04FFFFFFFF0CFFFFFFFF0CFFFFFFFF0C1E030000071241534D5F464143455F46524F4D5F535445500711445F7261696C496E6E657231382D353634110E05706C616E650D07737572666163650CFFFFFFFF04FFFFFFFF0CFFFF
310
FFFF13CECCCCCCCCDC51406F889142749450406D6666666666064014000000000000F0BF000000000000000000000000000000001400000000000000000000000000000000000000000000F03F0B0B0B0B0B110E04445849440D066174747269620CFFFFFFFF04FFFFFFFF0CFFFFFFFF0CFFFFFFFF0C20030000071241534D
310
5F454447455F46524F4D5F53544550070431303230110E07656C6C697073650D0563757276650CFFFFFFFF04FFFFFFFF0CFFFFFFFF1301000000009052400000000000004C40000000000070E7BC140000000000000000000000000000F0BFEDF57ABD5EAFA33C140000000000000000FB70381C0E87BDBC12000000000008
310
C006000000000000F03F0A067D2CB6D81002FFBF0A06B42DD2CFE541F3BF110D05706F696E740CFFFFFFFF04FFFFFFFF0CFFFFFFFF13CECCCCCCCCDC51400000000000004C40DAAE20EA863BF13F110D05706F696E740CFFFFFFFF04FFFFFFFF0CFFFFFFFF13CECCCCCCCCDC51400000000000004C40F0AE20EA863BF1BF11
310
0E04445849440D066174747269620CFFFFFFFF04FFFFFFFF0CFFFFFFFF0CFFFFFFFF0C2A030000071241534D5F464143455F46524F4D5F535445500711445F7261696C496E6E657231382D393037110D046C6F6F700CFFFFFFFF04FFFFFFFF0CFFFFFFFF0CFFFFFFFF0C620400000C2A030000110E05706C616E650D077375
310
72666163650CFFFFFFFF04FFFFFFFF0CFFFFFFFF130000000000C058406566666666264D400000000000000000140000000000000000000000000000F0BF00000000000000001400000000000000000000000000000000000000000000F0BF0B0B0B0B0B110D06636F656467650CFFFFFFFF04FFFFFFFF0CFFFFFFFF0C3304
310
00000C630400000C640400000C650400000B0C2B03000004000000000CFFFFFFFF110D06636F656467650CFFFFFFFF04FFFFFFFF0CFFFFFFFF0C660400000C2D0300000C670400000C680400000A0C7502000004000000000CFFFFFFFF110D06636F656467650CFFFFFFFF04FFFFFFFF0CFFFFFFFF0C2D0300000C66040000
310
0C690400000C6A0400000A0C7502000004000000000CFFFFFFFF110D06636F656467650CFFFFFFFF04FFFFFFFF0CFFFFFFFF0C6B0400000C6C0400000C2D0300000CD40300000B0C6D04000004000000000CFFFFFFFF110D04656467650C6E04000004FFFFFFFF0CFFFFFFFF0C6F0400000600000000000000000C70040000
310
06C8BAB88D06F0763F0CD30300000C710400000B0707756E6B6E6F776E110D06636F656467650CFFFFFFFF04FFFFFFFF0CFFFFFFFF0C2F0300000C2E0300000C720400000C730400000A0CD201000004000000000CFFFFFFFF110D06636F656467650CFFFFFFFF04FFFFFFFF0CFFFFFFFF0C740400000C750400000C2E0300
310
000CD70300000B0C7604000004000000000CFFFFFFFF110D04656467650C7704000004FFFFFFFF0CFFFFFFFF0C780400000600000000000000000CDE0300000614AAF1D24D62603F0CD60300000C790400000B0707756E6B6E6F776E110D06636F656467650CFFFFFFFF04FFFFFFFF0CFFFFFFFF0C7A0400000C7B0400000C
310
2F0300000CD90300000B0C7C04000004000000000CFFFFFFFF110D04656467650C7D04000004FFFFFFFF0CFFFFFFFF0CDF0300000614AAF1D24D6260BF0C7E0400000600000000000000000CD80300000C7F0400000B0707756E6B6E6F776E110D06636F656467650CFFFFFFFF04FFFFFFFF0CFFFFFFFF0C800400000C3003
310
00000C7B0400000C810400000B0CDC03000004000000000CFFFFFFFF110D06636F656467650CFFFFFFFF04FFFFFFFF0CFFFFFFFF0C300300000C820400000C740400000C830400000A0CDC03000004000000000CFFFFFFFF110D046C6F6F700CFFFFFFFF04FFFFFFFF0CFFFFFFFF0CFFFFFFFF0CDA0300000C84040000110E
310
04445849440D066174747269620CFFFFFFFF04FFFFFFFF0CFFFFFFFF0CFFFFFFFF0C31030000071241534D5F454447455F46524F4D5F535445500703343332110D067665727465780CFFFFFFFF04FFFFFFFF0CFFFFFFFF0C8304000004000000000C85040000110D067665727465780CFFFFFFFF04FFFFFFFF0CFFFFFFFF0C
310
8104000004000000000C86040000110E0873747261696768740D0563757276650CFFFFFFFF04FFFFFFFF0CFFFFFFFF1300000000006057406566666666264D40FEFFFFFFFF7F1D4014000000000000000000000000000000000000000000408FC00A0600000000000000000A06C8BAB88D06F0763F110D04656467650C8704
310
000004FFFFFFFF0CFFFFFFFF0CE303000006F2D24D621058B9BF0CE60300000600000000000000000CA80300000C880400000B0707756E6B6E6F776E110E04445849440D066174747269620CFFFFFFFF04FFFFFFFF0CFFFFFFFF0CFFFFFFFF0C33030000071241534D5F454447455F46524F4D5F5354455007043235333511
310
0D067665727465780CFFFFFFFF04FFFFFFFF0CFFFFFFFF0CE103000004000000000C89040000110E0873747261696768740D0563757276650CFFFFFFFF04FFFFFFFF0CFFFFFFFF1300000000000000000100000000704F4066666666662623401400000000000000000000000000408FC000000000000000000A0652B4C876
310
BE9F5A3F0A063D14AE47E17A643F110E04445849440D066174747269620CFFFFFFFF04FFFFFFFF0CFFFFFFFF0CFFFFFFFF0C35030000071241534D5F454447455F46524F4D5F535445500703373330110D067665727465780CFFFFFFFF04FFFFFFFF0CFFFFFFFF0CE103000004010000000C8A040000110E08737472616967
310
68740D0563757276650CFFFFFFFF04FFFFFFFF0CFFFFFFFF130000000000C058400100000000704F4066666666662623401400000000000000000000000000408FC000000000000000000A0652B4C876BE9F5A3F0A063D14AE47E17A643F110D05706F696E740CFFFFFFFF04FFFFFFFF0CFFFFFFFF130000000000C0584000
310
00000000A04E406666666666262340110D06636F656467650CFFFFFFFF04FFFFFFFF0CFFFFFFFF0C8B0400000C390300000C8C0400000C8D0400000A0CD000000004000000000CFFFFFFFF110D06636F656467650CFFFFFFFF04FFFFFFFF0CFFFFFFFF0C8E0400000C8F0400000C390300000CEB0300000B0C900400000400
310
0000000CFFFFFFFF110D04656467650C9104000004FFFFFFFF0CFFFFFFFF0C920400000671E9263108AC6C3F0CEE0300000671E9263108AC7C3F0C390300000C930400000B0707756E6B6E6F776E110D06636F656467650CFFFFFFFF04FFFFFFFF0CFFFFFFFF0C3A0300000C940400000C8E0400000C950400000B0CAF0200
310
0004000000000CFFFFFFFF110E04445849440D066174747269620CFFFFFFFF04FFFFFFFF0CFFFFFFFF0CFFFFFFFF0C3B030000071241534D5F454447455F46524F4D5F535445500703343736110D067665727465780CFFFFFFFF04FFFFFFFF0CFFFFFFFF0C3B03000004010000000C96040000110E0873747261696768740D
310
0563757276650CFFFFFFFF04FFFFFFFF0CFFFFFFFF130000000000C058400000000000A04E40000000000000000014000000000000000000000000000000000000000000408FC00A0640A4DFBE0E9C83BF0A0663EE5A423EE879BF110D06636F656467650CFFFFFFFF04FFFFFFFF0CFFFFFFFF0C3C0300000C970400000C98
310
0400000C990400000B0CD000000004000000000CFFFFFFFF110D06636F656467650CFFFFFFFF04FFFFFFFF0CFFFFFFFF0C9A0400000C9B0400000C3C0300000CF20300000A0C9C04000004000000000CFFFFFFFF110D04656467650C9D04000004FFFFFFFF0CFFFFFFFF0C9E0400000603AAF1D24D6260BF0CF70300000600
310
000000000000000C3C0300000C9F0400000B0707756E6B6E6F776E110D06636F656467650CFFFFFFFF04FFFFFFFF0CFFFFFFFF0CA00400000C3D0300000C9B0400000CA10400000A0CF503000004000000000CFFFFFFFF110D06636F656467650CFFFFFFFF04FFFFFFFF0CFFFFFFFF0C3D0300000CA20400000C3F0300000C
310
FA0300000B0CF503000004000000000CFFFFFFFF110D046C6F6F700CFFFFFFFF04FFFFFFFF0CFFFFFFFF0CFFFFFFFF0CF30300000CA3040000110E04445849440D066174747269620CFFFFFFFF04FFFFFFFF0CFFFFFFFF0CFFFFFFFF0C3E030000071241534D5F454447455F46524F4D5F53544550070431333839110D0676
310
65727465780CFFFFFFFF04FFFFFFFF0CFFFFFFFF0CF203000004010000000CA4040000110E0873747261696768740D0563757276650CFFFFFFFF04FFFFFFFF0CFFFFFFFF130700000000000C400000000000A04E40FEFFFFFFFF7F1D4014000000000000000000000000000000000000000000408FC00A0600000000000000
310
000A060F8C4AEA0434513F110D06636F656467650CFFFFFFFF04FFFFFFFF0CFFFFFFFF0C400300000C3F0300000CA50400000CA60400000A0C4103000004000000000CFFFFFFFF110D04656467650CA704000004FFFFFFFF0CFFFFFFFF0CA804000006182D4454FB2109C00C430300000600000000000000000CF40300000C
310
A90400000B0707756E6B6E6F776E110D04666163650CAA04000004FFFFFFFF0CFFFFFFFF0CC80200000C410300000C050000000CFFFFFFFF0CAB0400000A0B110D05706F696E740CFFFFFFFF04FFFFFFFF0CFFFFFFFF130700000000000C400000000000A04E40CCCCCCCCCC4C1940110D06636F656467650CFFFFFFFF04FF
310
FFFFFF0CFFFFFFFF0CAC0400000C450300000CAD0400000CAE0400000A0C8102000004000000000CFFFFFFFF110D06636F656467650CFFFFFFFF04FFFFFFFF0CFFFFFFFF0CA50400000CAF0400000C450300000CFF0300000A0CD000000004000000000CFFFFFFFF110D04656467650CB004000004FFFFFFFF0CFFFFFFFF0C
310
010400000646F38E53742467BF0CB10400000646F38E537424673F0CFE0300000CB20400000B0707756E6B6E6F776E110E04445849440D066174747269620CFFFFFFFF04FFFFFFFF0CFFFFFFFF0CFFFFFFFF0C46030000071241534D5F454447455F46524F4D5F535445500703393534110D067665727465780CFFFFFFFF04
310
FFFFFFFF0CFFFFFFFF0CFF03000004000000000CB3040000110E07656C6C697073650D0563757276650CFFFFFFFF04FFFFFFFF0CFFFFFFFF1300000000000000000000000000A04E40CBCCCCCCCC4C124014000000000000F0BF00000000000000000000000000000000140000000000000000000000000000000003000000
310
0000FC3F06000000000000F03F0A06182D4454FB2109C00A060000000000000000110E04445849440D066174747269620CFFFFFFFF04FFFFFFFF0CFFFFFFFF0CFFFFFFFF0C48030000071241534D5F464143455F46524F4D5F535445500712445F7261696C496E6E657231382D31373030110E05706C616E650D0773757266
310
6163650CFFFFFFFF04FFFFFFFF0CFFFFFFFF1300000000000000000000000000000000000000000000000014000000000000F03F000000000000000000000000000000001400000000000000000000000000000000000000000000F03F0B0B0B0B0B110D05706F696E740CFFFFFFFF04FFFFFFFF0CFFFFFFFF133333333333
310
F335400000000000004C40DAAE20EA863BF13F110E04445849440D066174747269620CFFFFFFFF04FFFFFFFF0CFFFFFFFF0CFFFFFFFF0C52030000071241534D5F454447455F46524F4D5F535445500703323030110E0873747261696768740D0563757276650CFFFFFFFF04FFFFFFFF0CFFFFFFFF13343333333343534000
310
00000000004C4061666666666606C014000000000000000000000000000000000000000000408F400A06DF82CB38BAC26F3F0A06C8BAB88D06F0763F110D05706F696E740CFFFFFFFF04FFFFFFFF0CFFFFFFFF1334333333334353400000000000004C406D66666666660640110E04445849440D066174747269620CFFFFFF
310
FF04FFFFFFFF0CFFFFFFFF0CFFFFFFFF0C59030000071241534D5F454447455F46524F4D5F53544550070432353530110E0873747261696768740D0563757276650CFFFFFFFF04FFFFFFFF0CFFFFFFFF13CECCCCCCCCDC51400000000000004C406D6666666666064014000000000000000000000000000000000000000000
310
408FC00A0600000000000000000A0661E54BC5A53A5C3F110D05706F696E740CFFFFFFFF04FFFFFFFF0CFFFFFFFF13CECCCCCCCCDC51400000000000004C406D66666666660640110E04445849440D066174747269620CFFFFFFFF04FFFFFFFF0CFFFFFFFF0CFFFFFFFF0C5D030000071241534D5F454447455F46524F4D5F
310
53544550070431353332110E0873747261696768740D0563757276650CFFFFFFFF04FFFFFFFF0CFFFFFFFF13477D57E4114B52409DED9BD90EBF52406D666666666606401400000000000000000000000000408F4029140A85423943BD0A06404C6EAAE07093BF0A06F1A56364BBFB90BF110E04445849440D066174747269
310
620CFFFFFFFF04FFFFFFFF0CFFFFFFFF0CFFFFFFFF0C5E030000071241534D5F454447455F46524F4D5F53544550070432303339110E0873747261696768740D0563757276650CFFFFFFFF04FFFFFFFF0CFFFFFFFF13BA82A81BEED452409DED9BD90EBF52406D666666666606401400000000000000000000000000408FC0
310
29140A854239433D0A06F1A56364BBFB903F0A06404C6EAAE070933F110E04445849440D066174747269620CFFFFFFFF04FFFFFFFF0CFFFFFFFF0CFFFFFFFF0C64030000071241534D5F454447455F46524F4D5F535445500703343133110E0873747261696768740D0563757276650CFFFFFFFF04FFFFFFFF0CFFFFFFFF13
310
3333333333F335406F889142749450406D666666666606401400000000000000000000000000408FC000000000000000000A062940CC2C2638803F0A06C88CE1B87022853F110E04445849440D066174747269620CFFFFFFFF04FFFFFFFF0CFFFFFFFF0CFFFFFFFF0C65030000071241534D5F464143455F46524F4D5F5354
310
45500710445F7261696C496E6E657231382D3937110E05706C616E650D07737572666163650CFFFFFFFF04FFFFFFFF0CFFFFFFFF133333333333F335406F889142749450406D666666666606401400000000000000000000000000000000000000000000F03F14000000000000F0BF00000000000000000000000000000000
310
0B0B0B0B0B110E04445849440D066174747269620CFFFFFFFF04FFFFFFFF0CFFFFFFFF0CFFFFFFFF0C6E030000071241534D5F464143455F46524F4D5F535445500711445F7261696C496E6E657231382D373937110E05706C616E650D07737572666163650CFFFFFFFF04FFFFFFFF0CFFFFFFFF1334333333334353406F88
310
9142749450406D666666666606401400000000000000000000000000000000000000000000F03F14000000000000F03F000000000000000000000000000000000B0B0B0B0B110D06636F656467650CFFFFFFFF04FFFFFFFF0CFFFFFFFF0C710300000C700300000CB40400000CB50400000A0CF601000004000000000CFFFF
310
FFFF110D06636F656467650CFFFFFFFF04FFFFFFFF0CFFFFFFFF0C740300000CAC0400000C700300000C180400000A0C8102000004000000000CFFFFFFFF110D04656467650CB604000004FFFFFFFF0CFFFFFFFF0C1D040000061F2FDD24068185BF0CB7040000061F2FDD24068175BF0C700300000CB80400000B0707756E
310
6B6E6F776E110D06636F656467650CFFFFFFFF04FFFFFFFF0CFFFFFFFF0CB90400000C760300000C710300000C1A0400000B0CAF02000004000000000CFFFFFFFF110D04656467650CBA04000004FFFFFFFF0CFFFFFFFF0C1C040000061F2FDD24068185BF0CBB040000061F2FDD24068175BF0C710300000CBC0400000B07
310
07756E6B6E6F776E110E04445849440D066174747269620CFFFFFFFF04FFFFFFFF0CFFFFFFFF0CFFFFFFFF0C73030000071241534D5F454447455F46524F4D5F53544550070431313233110D067665727465780CFFFFFFFF04FFFFFFFF0CFFFFFFFF0C7303000004000000000CBD040000110D067665727465780CFFFFFFFF
310
04FFFFFFFF0CFFFFFFFF0C7503000004010000000CBE040000110E0873747261696768740D0563757276650CFFFFFFFF04FFFFFFFF0CFFFFFFFF130000000000C058400000000000004C4066666666662623C0140000000000408FC0000000000000008000000000000000800A0600000000000000800A06F2D24D621058B9
310
3F110D06636F656467650CFFFFFFFF04FFFFFFFF0CFFFFFFFF0CBF0400000C740300000C790300000C270400000A0C8102000004000000000CFFFFFFFF110E04445849440D066174747269620CFFFFFFFF04FFFFFFFF0CFFFFFFFF0CFFFFFFFF0C75030000071241534D5F454447455F46524F4D5F53544550070432353835
310
110E0873747261696768740D0563757276650CFFFFFFFF04FFFFFFFF0CFFFFFFFF1300000000000000000000000000004C4066666666662623C014000000000000000000000000000000000000000000408FC00A06A60A462575029ABF0A060000000000000000110D06636F656467650CFFFFFFFF04FFFFFFFF0CFFFFFFFF
310
0C760300000CC00400000C780300000C260400000B0CAF02000004000000000CFFFFFFFF110E04445849440D066174747269620CFFFFFFFF04FFFFFFFF0CFFFFFFFF0CFFFFFFFF0C77030000071241534D5F454447455F46524F4D5F535445500703323335110E0873747261696768740D0563757276650CFFFFFFFF04FFFF
310
FFFF0CFFFFFFFF130000000000C058400000000000004C4066666666662623C014000000000000008000000000000000800000000000408FC00A06A60A462575029ABF0A060000000000000080110D06636F656467650CFFFFFFFF04FFFFFFFF0CFFFFFFFF0C790300000C780300000CC10400000CC20400000B0C7A030000
310
04000000000CFFFFFFFF110D04656467650CC304000004FFFFFFFF0CFFFFFFFF0CC4040000068F5AD3BCE3146DBF0C7C0300000600000000000000800C780300000CC50400000B0707756E6B6E6F776E110D04656467650CC604000004FFFFFFFF0CFFFFFFFF0CC7040000068F5AD3BCE3146DBF0C7D030000060000000000
310
0000000C790300000CC80400000B0707756E6B6E6F776E110D05706F696E740CFFFFFFFF04FFFFFFFF0CFFFFFFFF130000000000C058400000000000004C406666666666A62F40110D05706F696E740CFFFFFFFF04FFFFFFFF0CFFFFFFFF1300000000000000000000000000004C406666666666A62F40110E04445849440D
310
066174747269620CFFFFFFFF04FFFFFFFF0CFFFFFFFF0CFFFFFFFF0C8A030000071241534D5F464143455F46524F4D5F535445500711445F7261696C496E6E657231382D343239110D04666163650CC904000004FFFFFFFF0CFFFFFFFF0CCA0400000CCB0400000C050000000CFFFFFFFF0CCC0400000B0B110D046C6F6F70
310
0CFFFFFFFF04FFFFFFFF0CFFFFFFFF0CFFFFFFFF0CCD0400000C8A030000110E05706C616E650D07737572666163650CFFFFFFFF04FFFFFFFF0CFFFFFFFF13E6FFFFFFFFFF15406566666666264D40666666666666FCBF14000000000000F0BF00000000000000000000000000000000140000000000000000000000000000
310
0000000000000000F0BF0B0B0B0B0B110D06636F656467650CFFFFFFFF04FFFFFFFF0CFFFFFFFF0CCE0400000CCF0400000C2F0400000CD00400000A0C8B03000004000000000CFFFFFFFF110D06636F656467650CFFFFFFFF04FFFFFFFF0CFFFFFFFF0C8D0300000C8D0300000C2E0400000CD00400000B0CD10200000400
310
0000000CFFFFFFFF110D06636F656467650CFFFFFFFF04FFFFFFFF0CFFFFFFFF0CD10400000CD20400000C8D0300000C310400000A0CD000000004000000000CFFFFFFFF110D04656467650CD304000004FFFFFFFF0CFFFFFFFF0CD40400000680E9263108AC5CBF0CD5040000067DE9263108AC5C3F0C300400000CD60400
310
000B0707756E6B6E6F776E110D06636F656467650CFFFFFFFF04FFFFFFFF0CFFFFFFFF0C8F0300000C8E0300000CCD0400000CD70400000B0C2002000004000000000CFFFFFFFF110D06636F656467650CFFFFFFFF04FFFFFFFF0CFFFFFFFF0CD80400000CD00300000C8E0300000C340400000B0C2B03000004000000000C
310
FFFFFFFF110D04656467650CD904000004FFFFFFFF0CFFFFFFFF0CDA0400000600AAF1D24D6260BF0C3B0400000600000000000000000C330400000CDB0400000B0707756E6B6E6F776E110D06636F656467650CFFFFFFFF04FFFFFFFF0CFFFFFFFF0CDC0400000CDD0400000C8F0300000C360400000B0CD0000000040000
310
00000CFFFFFFFF110D04656467650CDE04000004FFFFFFFF0CFFFFFFFF0C3C0400000600000000000000000CDF0400000600AAF1D24D62603F0C350400000CE00400000B0707756E6B6E6F776E110D06636F656467650CFFFFFFFF04FFFFFFFF0CFFFFFFFF0CE10400000C900300000CDD0400000CE20400000A0C39040000
310
04000000000CFFFFFFFF110D06636F656467650CFFFFFFFF04FFFFFFFF0CFFFFFFFF0C900300000CE30400000CD80400000CE40400000A0C3904000004000000000CFFFFFFFF110D046C6F6F700CFFFFFFFF04FFFFFFFF0CFFFFFFFF0CFFFFFFFF0CE30400000CCA040000110E04445849440D066174747269620CFFFFFFFF
310
04FFFFFFFF0CFFFFFFFF0CFFFFFFFF0C91030000071241534D5F454447455F46524F4D5F5354455007023636110D067665727465780CFFFFFFFF04FFFFFFFF0CFFFFFFFF0C3404000004010000000CE5040000110D067665727465780CFFFFFFFF04FFFFFFFF0CFFFFFFFF0CE204000004010000000CE6040000110E087374
310
7261696768740D0563757276650CFFFFFFFF04FFFFFFFF0CFFFFFFFF13C8FFFFFFFFFF0B406566666666264D400000000000801DC01400000000000000000000000000408F4000000000000000000A0600000000000000000A06000EBE30992A683F110E04445849440D066174747269620CFFFFFFFF04FFFFFFFF0CFFFFFF
310
FF0CFFFFFFFF0C93030000071241534D5F464143455F46524F4D5F535445500712445F7261696C496E6E657231382D32323430110E05706C616E650D07737572666163650CFFFFFFFF04FFFFFFFF0CFFFFFFFF130000000000C058400000000000004C406666666666A62F4014000000000000000000000000000000000000
310
00000000F0BF14000000000000F0BF000000000000000000000000000000000B0B0B0B0B110D06636F656467650CFFFFFFFF04FFFFFFFF0CFFFFFFFF0CE70400000CE80400000CE90400000CEA0400000B0C9403000004000000000CFFFFFFFF110D06636F656467650CFFFFFFFF04FFFFFFFF0CFFFFFFFF0CE90400000C96
310
0300000CEB0400000CEC0400000B0CD602000004000000000CFFFFFFFF110D06636F656467650CFFFFFFFF04FFFFFFFF0CFFFFFFFF0C960300000CE90400000CED0400000CEE0400000A0CD602000004000000000CFFFFFFFF110D06636F656467650CFFFFFFFF04FFFFFFFF0CFFFFFFFF0C980300000C970300000C960300
310
000C440400000A0C2502000004000000000CFFFFFFFF110D04656467650CEF04000004FFFFFFFF0CFFFFFFFF0CF00400000600000000000000800CF104000006F2D24D621058B93F0C430400000CF20400000B0707756E6B6E6F776E110D06636F656467650CFFFFFFFF04FFFFFFFF0CFFFFFFFF0C9B0300000CEB0400000C
310
970300000C460400000A0C8102000004000000000CFFFFFFFF110D04656467650CF304000004FFFFFFFF0CFFFFFFFF0C4B0400000600AAF1D24D6260BF0CF10400000600000000000000000C970300000CF40400000B0707756E6B6E6F776E110D06636F656467650CFFFFFFFF04FFFFFFFF0CFFFFFFFF0CED0400000C9D03
310
00000C980300000C480400000B0CAF02000004000000000CFFFFFFFF110D04656467650CF504000004FFFFFFFF0CFFFFFFFF0C4A0400000600AAF1D24D6260BF0CF00400000600000000000000000C980300000CF60400000B0707756E6B6E6F776E110E04445849440D066174747269620CFFFFFFFF04FFFFFFFF0CFFFFFF
310
FF0CFFFFFFFF0C9A030000071241534D5F454447455F46524F4D5F535445500703373634110D067665727465780CFFFFFFFF04FFFFFFFF0CFFFFFFFF0C9A03000004000000000CF7040000110D067665727465780CFFFFFFFF04FFFFFFFF0CFFFFFFFF0C9C03000004010000000CF8040000110E0873747261696768740D05
310
63757276650CFFFFFFFF04FFFFFFFF0CFFFFFFFF130000000000C058409A99999999394D406666666666A62740140000000000408FC0000000000000008000000000000000800A0600000000000000800A06F2D24D621058B93F110E04445849440D066174747269620CFFFFFFFF04FFFFFFFF0CFFFFFFFF0CFFFFFFFF0C9C
310
030000071241534D5F454447455F46524F4D5F53544550070431323138110E0873747261696768740D0563757276650CFFFFFFFF04FFFFFFFF0CFFFFFFFF1300000000000000000000000000D04D406666666666A627401400000000000000000000000000408FC000000000000000000A0600000000000000000A0648C1A8
310
A44E40533F110E04445849440D066174747269620CFFFFFFFF04FFFFFFFF0CFFFFFFFF0CFFFFFFFF0C9E030000071241534D5F454447455F46524F4D5F53544550070432353637110E0873747261696768740D0563757276650CFFFFFFFF04FFFFFFFF0CFFFFFFFF130000000000C058400000000000D04D406666666666A6
310
27401400000000000000000000000000408FC000000000000000000A0600000000000000000A0648C1A8A44E40533F110D05706F696E740CFFFFFFFF04FFFFFFFF0CFFFFFFFF130000000000C058400000000000D04D406666666666A62740110D05706F696E740CFFFFFFFF04FFFFFFFF0CFFFFFFFF130000000000000000
310
0000000000D04D406666666666A62740110E04445849440D066174747269620CFFFFFFFF04FFFFFFFF0CFFFFFFFF0CFFFFFFFF0CA9030000071241534D5F454447455F46524F4D5F5354455007023830110E0873747261696768740D0563757276650CFFFFFFFF04FFFFFFFF0CFFFFFFFF130000000000C05840CECCCCCCCC
310
7C4140CECCCCCCCC7C4140140000000000000000664018B0DA1886C0664018B0DA1886400A06582DCC923D64A2BF0A0607324CB937D9A1BF110E04445849440D066174747269620CFFFFFFFF04FFFFFFFF0CFFFFFFFF0CFFFFFFFF0CAA030000071241534D5F454447455F46524F4D5F53544550070432363133110E087374
310
7261696768740D0563757276650CFFFFFFFF04FFFFFFFF0CFFFFFFFF130000000000000000CECCCCCCCC7C4140CECCCCCCCC7C4140140000000000000000664018B0DA1886C0664018B0DA1886400A06582DCC923D64A2BF0A0607324CB937D9A1BF110E04445849440D066174747269620CFFFFFFFF04FFFFFFFF0CFFFFFF
310
FF0CFFFFFFFF0CAB030000071241534D5F464143455F46524F4D5F535445500712445F7261696C496E6E657231382D32313731110E05706C616E650D07737572666163650CFFFFFFFF04FFFFFFFF0CFFFFFFFF130000000000C058400000000000D04D407666666666A62440140000000000000000CD3B7F669EA0E63FCD3B
310
7F669EA0E63F14000000000000F03F000000000000000000000000000000000B0B0B0B0B110D05706F696E740CFFFFFFFF04FFFFFFFF0CFFFFFFFF1334333333334353400000000000004C40DAAE20EA863BF13F110D05706F696E740CFFFFFFFF04FFFFFFFF0CFFFFFFFF13BA82A81BEED452403433333333334D40706666
310
6666660640110E04445849440D066174747269620CFFFFFFFF04FFFFFFFF0CFFFFFFFF0CFFFFFFFF0CBA030000071241534D5F454447455F46524F4D5F53544550070432353231110E0873747261696768740D0563757276650CFFFFFFFF04FFFFFFFF0CFFFFFFFF1334333333334353406F889142749450406D6666666666
310
06401400000000000000800000000000408FC000000000000000800A062940CC2C2638803F0A06C88CE1B87022853F110E04445849440D066174747269620CFFFFFFFF04FFFFFFFF0CFFFFFFFF0CFFFFFFFF0CBB030000071241534D5F464143455F46524F4D5F535445500710445F7261696C496E6E657231382D3939110E
310
05706C616E650D07737572666163650CFFFFFFFF04FFFFFFFF0CFFFFFFFF1334333333334353406F8891427494504061666666666606C014000000000000F03F000000000000000000000000000000001400000000000000000000000000000000000000000000F0BF0B0B0B0B0B110E04445849440D066174747269620CFF
310
FFFFFF04FFFFFFFF0CFFFFFFFF0CFFFFFFFF0CC3030000071241534D5F464143455F46524F4D5F535445500711445F7261696C496E6E657231382D393139110D04666163650CF904000004FFFFFFFF0CFFFFFFFF0CFA0400000C900400000C050000000CFFFFFFFF0CFB0400000A0B110E05706C616E650D07737572666163
310
650CFFFFFFFF04FFFFFFFF0CFFFFFFFF1334333333334353406F889142749450406D666666666606401400000000000000000000000000000000000000000000F03F14000000000000F03F000000000000000000000000000000000B0B0B0B0B110D06636F656467650CFFFFFFFF04FFFFFFFF0CFFFFFFFF0CFC0400000CFD
310
0400000CFE0400000CFF0400000B0CCE03000004000000000CFFFFFFFF110D06636F656467650CFFFFFFFF04FFFFFFFF0CFFFFFFFF0CD00300000CD80400000C000500000C010500000B0C2B03000004000000000CFFFFFFFF110D06636F656467650CFFFFFFFF04FFFFFFFF0CFFFFFFFF0C020500000CCD0400000CD00300
310
000C650400000A0C2C04000004000000000CFFFFFFFF110D04656467650C0305000004FFFFFFFF0CFFFFFFFF0C040500000600000000000000000CDA04000006C8BAB88D06F0763F0CD00300000C050500000B0707756E6B6E6F776E110D06636F656467650CFFFFFFFF04FFFFFFFF0CFFFFFFFF0CD20300000CD10300000C
310
060500000C070500000A0C7502000004000000000CFFFFFFFF110D06636F656467650CFFFFFFFF04FFFFFFFF0CFFFFFFFF0C080500000C090500000CD10300000C680400000B0C0A05000004000000000CFFFFFFFF110D04656467650C0B05000004FFFFFFFF0CFFFFFFFF0C0C0500000600000000000000000C6F04000006
310
ECA9F1D24D62603F0C670400000C0D0500000B0707756E6B6E6F776E110D06636F656467650CFFFFFFFF04FFFFFFFF0CFFFFFFFF0C0E0500000C0F0500000CD20300000C6A0400000B0C1005000004000000000CFFFFFFFF110D04656467650C1105000004FFFFFFFF0CFFFFFFFF0C7004000006ECA9F1D24D6260BF0C1205
310
00000600000000000000000C690400000C130500000B0707756E6B6E6F776E110D06636F656467650CFFFFFFFF04FFFFFFFF0CFFFFFFFF0C140500000CD30300000C0F0500000C150500000B0C6D04000004000000000CFFFFFFFF110D06636F656467650CFFFFFFFF04FFFFFFFF0CFFFFFFFF0CD30300000C160500000C08
310
0500000C170500000A0C6D04000004000000000CFFFFFFFF110D046C6F6F700CFFFFFFFF04FFFFFFFF0CFFFFFFFF0CFFFFFFFF0C6B0400000C18050000110E04445849440D066174747269620CFFFFFFFF04FFFFFFFF0CFFFFFFFF0CFFFFFFFF0CD4030000071241534D5F454447455F46524F4D5F53544550070431353338
310
110D067665727465780CFFFFFFFF04FFFFFFFF0CFFFFFFFF0C1705000004000000000C19050000110D067665727465780CFFFFFFFF04FFFFFFFF0CFFFFFFFF0C1505000004000000000C1A050000110E0873747261696768740D0563757276650CFFFFFFFF04FFFFFFFF0CFFFFFFFF1302000000006057406566666666264D
310
40666666666666FCBF14000000000000000000000000000000000000000000408FC00A0600000000000000000A06C8BAB88D06F0763F110D06636F656467650CFFFFFFFF04FFFFFFFF0CFFFFFFFF0C1B0500000C1C0500000CD50300000C730400000B0C1D05000004000000000CFFFFFFFF110D04656467650C1E05000004
310
FFFFFFFF0CFFFFFFFF0C7E04000006C8BAB88D06F076BF0C780400000600000000000000000C720400000C1F0500000B0707756E6B6E6F776E110D06636F656467650CFFFFFFFF04FFFFFFFF0CFFFFFFFF0C200500000CD60300000CDB0300000C830400000B0C7604000004000000000CFFFFFFFF110D06636F656467650C
310
FFFFFFFF04FFFFFFFF0CFFFFFFFF0CD60300000C200500000C1B0500000C210500000A0C7604000004000000000CFFFFFFFF110D046C6F6F700CFFFFFFFF04FFFFFFFF0CFFFFFFFF0CFFFFFFFF0C740400000C22050000110E04445849440D066174747269620CFFFFFFFF04FFFFFFFF0CFFFFFFFF0CFFFFFFFF0CD7030000
310
071241534D5F454447455F46524F4D5F53544550070431393230110D067665727465780CFFFFFFFF04FFFFFFFF0CFFFFFFFF0C2105000004000000000C23050000110E0873747261696768740D0563757276650CFFFFFFFF04FFFFFFFF0CFFFFFFFF130000000000E057406566666666264D40FEFFFFFFFF7F1D4014000000
310
0000408FC0000000000000000000000000000000000A0600000000000000000A0614AAF1D24D62603F110D06636F656467650CFFFFFFFF04FFFFFFFF0CFFFFFFFF0C240500000CD80300000C1C0500000C250500000B0C7C04000004000000000CFFFFFFFF110D06636F656467650CFFFFFFFF04FFFFFFFF0CFFFFFFFF0CD8
310
0300000C240500000CDA0300000C810400000A0C7C04000004000000000CFFFFFFFF110D046C6F6F700CFFFFFFFF04FFFFFFFF0CFFFFFFFF0CFFFFFFFF0C7A0400000C26050000110E04445849440D066174747269620CFFFFFFFF04FFFFFFFF0CFFFFFFFF0CFFFFFFFF0CD9030000071241534D5F454447455F46524F4D5F
310
535445500703383837110D067665727465780CFFFFFFFF04FFFFFFFF0CFFFFFFFF0C2505000004000000000C27050000110E0873747261696768740D0563757276650CFFFFFFFF04FFFFFFFF0CFFFFFFFF130000000000E057406566666666264D405B6666666666FC3F140000000000408F40000000000000000000000000
310
000000000A0614AAF1D24D6260BF0A060000000000000000110D06636F656467650CFFFFFFFF04FFFFFFFF0CFFFFFFFF0C280500000CDA0300000C290500000C2A0500000B0CDC03000004000000000CFFFFFFFF110D04656467650C2B05000004FFFFFFFF0CFFFFFFFF0CDF0300000600000000000000000C2C0500000600
310
0EBE30992A683F0CDA0300000C2D0500000B0707756E6B6E6F776E110D06636F656467650CFFFFFFFF04FFFFFFFF0CFFFFFFFF0CDB0300000C280500000C2E0500000C2F0500000B0CDC03000004000000000CFFFFFFFF110D04656467650C3005000004FFFFFFFF0CFFFFFFFF0CDE0300000600000000000000000C310500
310
0006000EBE30992A683F0C740400000C320500000B0707756E6B6E6F776E110D04666163650C3305000004FFFFFFFF0CFFFFFFFF0C340500000CDC0300000C050000000CFFFFFFFF0C350500000B0B110D05706F696E740CFFFFFFFF04FFFFFFFF0CFFFFFFFF1300000000006057406566666666264D40FEFFFFFFFF7F1D40
310
110D05706F696E740CFFFFFFFF04FFFFFFFF0CFFFFFFFF1300000000006057406566666666264D405B6666666666FC3F110E04445849440D066174747269620CFFFFFFFF04FFFFFFFF0CFFFFFFFF0CFFFFFFFF0CE1030000071241534D5F454447455F46524F4D5F53544550070431373439110E0873747261696768740D05
310
63757276650CFFFFFFFF04FFFFFFFF0CFFFFFFFF130000000000C058400400000000304E406666666666262340140000000000408F40000000000000000000000000000000000A06F2D24D621058B9BF0A060000000000000000110D05706F696E740CFFFFFFFF04FFFFFFFF0CFFFFFFFF1300000000000000000400000000
310
304E406666666666262340110D05706F696E740CFFFFFFFF04FFFFFFFF0CFFFFFFFF130000000000C058400400000000304E406666666666262340110D06636F656467650CFFFFFFFF04FFFFFFFF0CFFFFFFFF0C2E0500000CE90300000C200500000C360500000A0CD000000004000000000CFFFFFFFF110D06636F656467
310
650CFFFFFFFF04FFFFFFFF0CFFFFFFFF0C370500000C1B0500000CE90300000C8D0400000B0C1D05000004000000000CFFFFFFFF110D04656467650C3805000004FFFFFFFF0CFFFFFFFF0C390500000600000000000000000C92040000060F8C4AEA0434513F0CE90300000C3A0500000B0707756E6B6E6F776E110D06636F
310
656467650CFFFFFFFF04FFFFFFFF0CFFFFFFFF0C3B0500000CEA0300000CEC0300000C950400000A0C9004000004000000000CFFFFFFFF110D06636F656467650CFFFFFFFF04FFFFFFFF0CFFFFFFFF0CEA0300000C3B0500000C370500000C3C0500000B0C9004000004000000000CFFFFFFFF110D046C6F6F700CFFFFFFFF
310
04FFFFFFFF0CFFFFFFFF0CFFFFFFFF0C8F0400000C60040000110E04445849440D066174747269620CFFFFFFFF04FFFFFFFF0CFFFFFFFF0CFFFFFFFF0CEB030000071241534D5F454447455F46524F4D5F535445500703313132110D067665727465780CFFFFFFFF04FFFFFFFF0CFFFFFFFF0CEB03000004000000000C3D05
310
0000110E0873747261696768740D0563757276650CFFFFFFFF04FFFFFFFF0CFFFFFFFF1301000000000057400000000000A04E40CCCCCCCCCC4C1940140000000000408F40000000000000000000000000000000000A0671E9263108AC6C3F0A0671E9263108AC7C3F110D06636F656467650CFFFFFFFF04FFFFFFFF0CFFFF
310
FFFF0CEC0300000C3E0500000C3F0500000C400500000A0CAF02000004000000000CFFFFFFFF110D04656467650C4105000004FFFFFFFF0CFFFFFFFF0C4205000006182D4454FB2109C00CEE0300000600000000000000000CEC0300000C430500000B0707756E6B6E6F776E110D05706F696E740CFFFFFFFF04FFFFFFFF0C
310
FFFFFFFF130000000000C058400000000000A04E40CCCCCCCCCC4C1940110D06636F656467650CFFFFFFFF04FFFFFFFF0CFFFFFFFF0CF00300000C440500000C450500000C460500000B0CD000000004000000000CFFFFFFFF110D06636F656467650CFFFFFFFF04FFFFFFFF0CFFFFFFFF0C470500000C480500000CF00300
310
000C990400000A0C4905000004000000000CFFFFFFFF110D04656467650C4A05000004FFFFFFFF0CFFFFFFFF0C4B050000060F8C4AEA043451BF0C9E0400000600000000000000000CF00300000C4C0500000B0707756E6B6E6F776E110D06636F656467650CFFFFFFFF04FFFFFFFF0CFFFFFFFF0C4D0500000CF10300000C
310
480500000C4E0500000A0C9C04000004000000000CFFFFFFFF110D06636F656467650CFFFFFFFF04FFFFFFFF0CFFFFFFFF0CF10300000C4D0500000CF30300000CA10400000B0C9C04000004000000000CFFFFFFFF110D046C6F6F700CFFFFFFFF04FFFFFFFF0CFFFFFFFF0CFFFFFFFF0C9A0400000C4F050000110E044458
310
49440D066174747269620CFFFFFFFF04FFFFFFFF0CFFFFFFFF0CFFFFFFFF0CF2030000071241534D5F454447455F46524F4D5F53544550070432333231110D067665727465780CFFFFFFFF04FFFFFFFF0CFFFFFFFF0C9904000004010000000C50050000110E0873747261696768740D0563757276650CFFFFFFFF04FFFFFF
310
FF0CFFFFFFFF130700000000000C400000000000A04E40FEFFFFFFFF7F1D40140000000000408FC0000000000000000000000000000000000A0603AAF1D24D6260BF0A060000000000000000110D06636F656467650CFFFFFFFF04FFFFFFFF0CFFFFFFFF0C510500000CF30300000C520500000C530500000A0CF503000004
310
000000000CFFFFFFFF110D04656467650C5405000004FFFFFFFF0CFFFFFFFF0C550500000600000000000000000CF703000006000EBE30992A683F0C9B0400000C560500000B0707756E6B6E6F776E110D06636F656467650CFFFFFFFF04FFFFFFFF0CFFFFFFFF0CF40300000C510500000C570500000C580500000A0CF503
310
000004000000000CFFFFFFFF110D04666163650C5905000004FFFFFFFF0CFFFFFFFF0CFB0300000CF50300000C050000000CFFFFFFFF0C5A0500000B0B110D05706F696E740CFFFFFFFF04FFFFFFFF0CFFFFFFFF130700000000000C400000000000A04E40FEFFFFFFFF7F1D40110D06636F656467650CFFFFFFFF04FFFFFF
310
FF0CFFFFFFFF0C570500000CFE0300000CF90300000CA60400000B0CD000000004000000000CFFFFFFFF110D04656467650C5B05000004FFFFFFFF0CFFFFFFFF0C010400000680E9263108AC7CBF0CA80400000680E9263108AC6CBF0CA50400000C5C0500000B0707756E6B6E6F776E110E04445849440D06617474726962
310
0CFFFFFFFF04FFFFFFFF0CFFFFFFFF0CFFFFFFFF0CFA030000071241534D5F454447455F46524F4D5F535445500703313139110D067665727465780CFFFFFFFF04FFFFFFFF0CFFFFFFFF0CA604000004010000000C5D050000110E07656C6C697073650D0563757276650CFFFFFFFF04FFFFFFFF0CFFFFFFFF130700000000
310
000C400000000000A04E40CBCCCCCCCC4C124014000000000000F0BF000000000000008000000000000000801400000000000000000000000000000000030000000000FC3F06000000000000F03F0A06182D4454FB2109C00A060000000000000000110E04445849440D066174747269620CFFFFFFFF04FFFFFFFF0CFFFFFF
310
FF0CFFFFFFFF0CFB030000071241534D5F464143455F46524F4D5F535445500712445F7261696C496E6E657231382D31313037110E04636F6E650D07737572666163650CFFFFFFFF04FFFFFFFF0CFFFFFFFF130700000000001C400000000000A04E40CBCCCCCCCC4C124014000000000000F0BF0000000000000000000000
310
00000000001400000000000000000000000000000000060000000000FCBF06000000000000F03F0B0B06000000000000000006000000000000F03F06060000000000FC3F0B0B0B0B0B110D06636F656467650CFFFFFFFF04FFFFFFFF0CFFFFFFFF0C170400000CFD0300000C5E0500000C5F0500000B0C8102000004000000
310
000CFFFFFFFF110D06636F656467650CFFFFFFFF04FFFFFFFF0CFFFFFFFF0C600500000C610500000CFD0300000CAE0400000B0C6205000004000000000CFFFFFFFF110D04656467650C6305000004FFFFFFFF0CFFFFFFFF0C640500000600000000000000000CB104000006182D4454FB2109400CAD0400000C650500000B
310
0707756E6B6E6F776E110D06636F656467650CFFFFFFFF04FFFFFFFF0CFFFFFFFF0CFE0300000C660500000C600500000C670500000B0CD000000004000000000CFFFFFFFF110E04445849440D066174747269620CFFFFFFFF04FFFFFFFF0CFFFFFFFF0CFFFFFFFF0CFF030000071241534D5F454447455F46524F4D5F5354
310
45500703323034110D067665727465780CFFFFFFFF04FFFFFFFF0CFFFFFFFF0C6705000004010000000C68050000110E0873747261696768740D0563757276650CFFFFFFFF04FFFFFFFF0CFFFFFFFF1300000000000000000000000000A04E4000000000000000001400000000000000000000000000000000000000000040
310
8FC00A0646F38E53742467BF0A0646F38E537424673F110D05706F696E740CFFFFFFFF04FFFFFFFF0CFFFFFFFF1300000000000000000000000000A04E409399999999990640110D06636F656467650CFFFFFFFF04FFFFFFFF0CFFFFFFFF0C5E0500000C690500000C160400000CB50400000B0CD000000004000000000CFF
310
FFFFFF110D04656467650C6A05000004FFFFFFFF0CFFFFFFFF0CBB0400000600000000000000000CB704000006F2D24D621058B93F0CB40400000C6B0500000B0707756E6B6E6F776E110E04445849440D066174747269620CFFFFFFFF04FFFFFFFF0CFFFFFFFF0CFFFFFFFF0C18040000071241534D5F454447455F46524F
310
4D5F53544550070432313331110D067665727465780CFFFFFFFF04FFFFFFFF0CFFFFFFFF0CB504000004010000000C6C050000110E0873747261696768740D0563757276650CFFFFFFFF04FFFFFFFF0CFFFFFFFF1300000000000000000000000000A0504066666666662623C01400000000000000000000000000408F4000
310
000000000000000A061F2FDD24068185BF0A061F2FDD24068175BF110D06636F656467650CFFFFFFFF04FFFFFFFF0CFFFFFFFF0C3E0500000C190400000C690500000C6D0500000A0CAF02000004000000000CFFFFFFFF110E04445849440D066174747269620CFFFFFFFF04FFFFFFFF0CFFFFFFFF0CFFFFFFFF0C1A040000
310
071241534D5F454447455F46524F4D5F53544550070431303534110D067665727465780CFFFFFFFF04FFFFFFFF0CFFFFFFFF0C6D05000004010000000C6E050000110E0873747261696768740D0563757276650CFFFFFFFF04FFFFFFFF0CFFFFFFFF130000000000C058400000000000A0504066666666662623C014000000
310
00000000000000000000408F4000000000000000000A061F2FDD24068185BF0A061F2FDD24068175BF110D05706F696E740CFFFFFFFF04FFFFFFFF0CFFFFFFFF130000000000C058400000000000004C4066666666662623C0110D05706F696E740CFFFFFFFF04FFFFFFFF0CFFFFFFFF130000000000000000000000000000
310
4C4066666666662623C0110D06636F656467650CFFFFFFFF04FFFFFFFF0CFFFFFFFF0CEB0400000C1F0400000CE70400000C6F0500000A0C8102000004000000000CFFFFFFFF110D06636F656467650CFFFFFFFF04FFFFFFFF0CFFFFFFFF0C220400000CED0400000CE80400000C700500000B0CAF02000004000000000CFF
310
FFFFFF110D06636F656467650CFFFFFFFF04FFFFFFFF0CFFFFFFFF0CE80400000CE70400000C250400000CC20400000A0C9403000004000000000CFFFFFFFF110D04656467650C7105000004FFFFFFFF0CFFFFFFFF0CC40400000600000000000000800CC704000006F2D24D621058B93F0CC10400000C720500000B070775
310
6E6B6E6F776E110E04445849440D066174747269620CFFFFFFFF04FFFFFFFF0CFFFFFFFF0CFFFFFFFF0C26040000071241534D5F454447455F46524F4D5F535445500703333632110D067665727465780CFFFFFFFF04FFFFFFFF0CFFFFFFFF0CC204000004000000000C73050000110E0873747261696768740D0563757276
310
650CFFFFFFFF04FFFFFFFF0CFFFFFFFF130000000000C058400000000000004C406666666666A62F401400000000000000800000000000408FC000000000000000800A068F5AD3BCE3146DBF0A060000000000000080110E04445849440D066174747269620CFFFFFFFF04FFFFFFFF0CFFFFFFFF0CFFFFFFFF0C2704000007
310
1241534D5F454447455F46524F4D5F53544550070431383136110D067665727465780CFFFFFFFF04FFFFFFFF0CFFFFFFFF0C6F05000004010000000C74050000110E0873747261696768740D0563757276650CFFFFFFFF04FFFFFFFF0CFFFFFFFF1300000000000000000000000000004C406666666666A62F401400000000
310
000000000000000000408FC000000000000000000A068F5AD3BCE3146DBF0A060000000000000000110E04445849440D066174747269620CFFFFFFFF04FFFFFFFF0CFFFFFFFF0CFFFFFFFF0C2B040000071241534D5F464143455F46524F4D5F535445500711445F7261696C496E6E657231382D343435110D04666163650C
310
7505000004FFFFFFFF0CFFFFFFFF0C760500000C390400000C050000000CFFFFFFFF0C770500000B0B110D046C6F6F700CFFFFFFFF04FFFFFFFF0CFFFFFFFF0CFFFFFFFF0C780500000C2B040000110E05706C616E650D07737572666163650CFFFFFFFF04FFFFFFFF0CFFFFFFFF13C8FFFFFFFFFF0B406566666666264D40
310
666666666666FCBF1400000000000000000000000000000000000000000000F0BF14000000000000F03F000000000000000000000000000000000B0B0B0B0B110D06636F656467650CFFFFFFFF04FFFFFFFF0CFFFFFFFF0C640400000C790500000C320400000CD70400000A0C2C04000004000000000CFFFFFFFF110D0663
310
6F656467650CFFFFFFFF04FFFFFFFF0CFFFFFFFF0C7A0500000C2E0400000CD20400000C7B0500000A0C8B03000004000000000CFFFFFFFF110D06636F656467650CFFFFFFFF04FFFFFFFF0CFFFFFFFF0C2E0400000C7A0500000CD10400000C7C0500000A0C8B03000004000000000CFFFFFFFF110D04656467650C7D0500
310
0004FFFFFFFF0CFFFFFFFF0CD50400000600000000000000000CD404000006182D4454FB2109400C2F0400000C7E0500000B0707756E6B6E6F776E110D06636F656467650CFFFFFFFF04FFFFFFFF0CFFFFFFFF0C7F0500000C300400000CCF0400000C7C0500000B0CD000000004000000000CFFFFFFFF110D06636F656467
310
650CFFFFFFFF04FFFFFFFF0CFFFFFFFF0C300400000CDC0400000CCE0400000C7B0500000B0CD000000004000000000CFFFFFFFF110E04445849440D066174747269620CFFFFFFFF04FFFFFFFF0CFFFFFFFF0CFFFFFFFF0C31040000071241534D5F454447455F46524F4D5F53544550070431373531110D06766572746578
310
0CFFFFFFFF04FFFFFFFF0CFFFFFFFF0C3104000004000000000C80050000110D067665727465780CFFFFFFFF04FFFFFFFF0CFFFFFFFF0C7B05000004010000000C81050000110E0873747261696768740D0563757276650CFFFFFFFF04FFFFFFFF0CFFFFFFFF130700000000001C400000000000A04E40CBCCCCCCCC4C12C0
310
14000000000000000000000000000000000000000000408FC00A0680E9263108AC5CBF0A067DE9263108AC5C3F110D04656467650C8205000004FFFFFFFF0CFFFFFFFF0CDA0400000600000000000000000CDF04000006000EBE30992A683F0C320400000C830500000B0707756E6B6E6F776E110D06636F656467650CFFFF
310
FFFF04FFFFFFFF0CFFFFFFFF0C630400000C330400000C380400000CE40400000B0C2B03000004000000000CFFFFFFFF110E04445849440D066174747269620CFFFFFFFF04FFFFFFFF0CFFFFFFFF0CFFFFFFFF0C34040000071241534D5F454447455F46524F4D5F53544550070431353335110D067665727465780CFFFFFF
310
FF04FFFFFFFF0CFFFFFFFF0C6504000004010000000C84050000110E0873747261696768740D0563757276650CFFFFFFFF04FFFFFFFF0CFFFFFFFF13C8FFFFFFFFFF0B406566666666264D400000000000801DC0140000000000408FC0000000000000000000000000000000000A0600AAF1D24D6260BF0A06000000000000
310
0000110D06636F656467650CFFFFFFFF04FFFFFFFF0CFFFFFFFF0CD20400000C350400000C790500000C850500000B0CD000000004000000000CFFFFFFFF110D06636F656467650CFFFFFFFF04FFFFFFFF0CFFFFFFFF0C350400000C860500000C370400000CE20400000B0CD000000004000000000CFFFFFFFF110E044458
310
49440D066174747269620CFFFFFFFF04FFFFFFFF0CFFFFFFFF0CFFFFFFFF0C36040000071241534D5F454447455F46524F4D5F53544550070432323733110D067665727465780CFFFFFFFF04FFFFFFFF0CFFFFFFFF0C3604000004010000000C87050000110E0873747261696768740D0563757276650CFFFFFFFF04FFFFFF
310
FF0CFFFFFFFF13C8FFFFFFFFFF0B400000000000A04E400000000000801DC0140000000000408F40000000000000000000000000000000000A0600000000000000000A0600AAF1D24D62603F110D06636F656467650CFFFFFFFF04FFFFFFFF0CFFFFFFFF0C880500000C370400000C890500000C8A0500000B0C3904000004
310
000000000CFFFFFFFF110D04656467650C8B05000004FFFFFFFF0CFFFFFFFF0C8C05000006C117265305A3723F0C3C04000006C8BAB88D06F0763F0CDD0400000C8D0500000B0707756E6B6E6F776E110D06636F656467650CFFFFFFFF04FFFFFFFF0CFFFFFFFF0C380400000C880500000C8E0500000C8F0500000A0C3904
310
000004000000000CFFFFFFFF110D04656467650C9005000004FFFFFFFF0CFFFFFFFF0C3B04000006C8BAB88D06F076BF0C910500000600000000000000000CD80400000C920500000B0707756E6B6E6F776E110D05706F696E740CFFFFFFFF04FFFFFFFF0CFFFFFFFF13C8FFFFFFFFFF0B406566666666264D400000000000
310
801DC0110D05706F696E740CFFFFFFFF04FFFFFFFF0CFFFFFFFF13C8FFFFFFFFFF0B400000000000A04E400000000000801DC0110D06636F656467650CFFFFFFFF04FFFFFFFF0CFFFFFFFF0CC10400000C400400000CBF0400000C6F0500000B0C9403000004000000000CFFFFFFFF110D06636F656467650CFFFFFFFF04FF
310
FFFFFF0CFFFFFFFF0C400400000CC10400000CC00400000C700500000A0C9403000004000000000CFFFFFFFF110D06636F656467650CFFFFFFFF04FFFFFFFF0CFFFFFFFF0C420400000C410400000C400400000CEA0400000A0CD602000004000000000CFFFFFFFF110D04656467650C9305000004FFFFFFFF0CFFFFFFFF0C
310
940500000600000000000000800C9505000006F2D24D621058B93F0CE90400000C960500000B0707756E6B6E6F776E110D06636F656467650CFFFFFFFF04FFFFFFFF0CFFFFFFFF0C450400000CBF0400000C410400000CEC0400000A0C8102000004000000000CFFFFFFFF110D04656467650C9705000004FFFFFFFF0CFFFF
310
FFFF0CF104000006146EA301BC0552BF0C950500000600000000000000000C410400000C980500000B0707756E6B6E6F776E110D06636F656467650CFFFFFFFF04FFFFFFFF0CFFFFFFFF0CC00400000C470400000C420400000CEE0400000B0CAF02000004000000000CFFFFFFFF110D04656467650C9905000004FFFFFFFF
310
0CFFFFFFFF0CF004000006146EA301BC0552BF0C940500000600000000000000000C420400000C9A0500000B0707756E6B6E6F776E110E04445849440D066174747269620CFFFFFFFF04FFFFFFFF0CFFFFFFFF0CFFFFFFFF0C44040000071241534D5F454447455F46524F4D5F535445500703353433110D06766572746578
310
0CFFFFFFFF04FFFFFFFF0CFFFFFFFF0C4404000004000000000C9B050000110D067665727465780CFFFFFFFF04FFFFFFFF0CFFFFFFFF0C4604000004010000000C9C050000110E0873747261696768740D0563757276650CFFFFFFFF04FFFFFFFF0CFFFFFFFF130000000000C058409A99999999394D406766666666A62B40
310
140000000000408FC0000000000000008000000000000000800A0600000000000000800A06F2D24D621058B93F110E04445849440D066174747269620CFFFFFFFF04FFFFFFFF0CFFFFFFFF0CFFFFFFFF0C46040000071241534D5F454447455F46524F4D5F535445500703323939110E0873747261696768740D0563757276
310
650CFFFFFFFF04FFFFFFFF0CFFFFFFFF1300000000000000009A99999999394D406766666666A62B4014000000000000000000000000000000000000000000408F400A0600AAF1D24D6260BF0A060000000000000000110E04445849440D066174747269620CFFFFFFFF04FFFFFFFF0CFFFFFFFF0CFFFFFFFF0C4804000007
310
1241534D5F454447455F46524F4D5F53544550070431333135110E0873747261696768740D0563757276650CFFFFFFFF04FFFFFFFF0CFFFFFFFF130000000000C058409A99999999394D406766666666A62B4014000000000000000000000000000000000000000000408F400A0600AAF1D24D6260BF0A0600000000000000
310
00110D05706F696E740CFFFFFFFF04FFFFFFFF0CFFFFFFFF130000000000C058409A99999999394D406666666666A62740110D05706F696E740CFFFFFFFF04FFFFFFFF0CFFFFFFFF1300000000000000009A99999999394D406666666666A62740110E04445849440D066174747269620CFFFFFFFF04FFFFFFFF0CFFFFFFFF
310
0CFFFFFFFF0C60040000071241534D5F464143455F46524F4D5F535445500711445F7261696C496E6E657231382D313330110D04666163650C9D05000004FFFFFFFF0CFFFFFFFF0C220500000C1D0500000C050000000CFFFFFFFF0C9E0500000B0B110E04636F6E650D07737572666163650CFFFFFFFF04FFFFFFFF0CFFFF
310
FFFF1301000000000057400000000000A04E40CBCCCCCCCC4C124014000000000000F03F000000000000000000000000000000001400000000000000000000000000000000060000000000FCBF06000000000000F03F0B0B06000000000000000006000000000000F03F06060000000000FC3F0B0B0B0B0B110D06636F6564
310
67650CFFFFFFFF04FFFFFFFF0CFFFFFFFF0C520500000C620400000C9F0500000CA00500000B0CCE03000004000000000CFFFFFFFF110D06636F656467650CFFFFFFFF04FFFFFFFF0CFFFFFFFF0C620400000C520500000C4D0500000CA10500000B0CCE03000004000000000CFFFFFFFF110D06636F656467650CFFFFFFFF
310
04FFFFFFFF0CFFFFFFFF0C480500000CA20500000C620400000CFF0400000A0C4905000004000000000CFFFFFFFF110D04656467650CA305000004FFFFFFFF0CFFFFFFFF0CA40500000600000000000000000CA505000006C8BAB88D06F0763F0C620400000CA60500000B0707756E6B6E6F776E110D06636F656467650CFF
310
FFFFFF04FFFFFFFF0CFFFFFFFF0C8E0500000C780500000C630400000C010500000A0CCB04000004000000000CFFFFFFFF110D04656467650CA705000004FFFFFFFF0CFFFFFFFF0C910500000600000000000000000C040500000600AAF1D24D62603F0C630400000CA80500000B0707756E6B6E6F776E110D06636F656467
310
650CFFFFFFFF04FFFFFFFF0CFFFFFFFF0CA90500000C640400000C780500000CAA0500000B0C2C04000004000000000CFFFFFFFF110E04445849440D066174747269620CFFFFFFFF04FFFFFFFF0CFFFFFFFF0CFFFFFFFF0C65040000071241534D5F454447455F46524F4D5F53544550070432353030110D06766572746578
310
0CFFFFFFFF04FFFFFFFF0CFFFFFFFF0C6504000004000000000CAB050000110E0873747261696768740D0563757276650CFFFFFFFF04FFFFFFFF0CFFFFFFFF13E6FFFFFFFFFF15406566666666264D40666666666666FCBF14000000000000000000000000000000000000000000408FC00A0600000000000000000A06C8BA
310
B88D06F0763F110D06636F656467650CFFFFFFFF04FFFFFFFF0CFFFFFFFF0CAC0500000CAD0500000C660400000C070500000B0CAE05000004000000000CFFFFFFFF110D04656467650CAF05000004FFFFFFFF0CFFFFFFFF0C1205000006C8BAB88D06F076BF0C0C0500000600000000000000000C060500000CB00500000B
310
0707756E6B6E6F776E110D06636F656467650CFFFFFFFF04FFFFFFFF0CFFFFFFFF0CB10500000C670400000C6C0400000C170500000B0C0A05000004000000000CFFFFFFFF110D06636F656467650CFFFFFFFF04FFFFFFFF0CFFFFFFFF0C670400000CB10500000CAC0500000CB20500000A0C0A05000004000000000CFFFF
310
FFFF110D046C6F6F700CFFFFFFFF04FFFFFFFF0CFFFFFFFF0CFFFFFFFF0C080500000CB3050000110E04445849440D066174747269620CFFFFFFFF04FFFFFFFF0CFFFFFFFF0CFFFFFFFF0C68040000071241534D5F454447455F46524F4D5F53544550070431383730110D067665727465780CFFFFFFFF04FFFFFFFF0CFFFF
310
FFFF0CB205000004000000000CB4050000110E0873747261696768740D0563757276650CFFFFFFFF04FFFFFFFF0CFFFFFFFF130200000000E057406566666666264D40666666666666FCBF140000000000408FC0000000000000000000000000000000000A0600000000000000000A06ECA9F1D24D62603F110D06636F6564
310
67650CFFFFFFFF04FFFFFFFF0CFFFFFFFF0CB50500000C690400000CAD0500000CB60500000B0C1005000004000000000CFFFFFFFF110D06636F656467650CFFFFFFFF04FFFFFFFF0CFFFFFFFF0C690400000CB50500000C6B0400000C150500000A0C1005000004000000000CFFFFFFFF110D046C6F6F700CFFFFFFFF04FF
310
FFFFFF0CFFFFFFFF0CFFFFFFFF0C0E0500000CB7050000110E04445849440D066174747269620CFFFFFFFF04FFFFFFFF0CFFFFFFFF0CFFFFFFFF0C6A040000071241534D5F454447455F46524F4D5F535445500703353330110D067665727465780CFFFFFFFF04FFFFFFFF0CFFFFFFFF0CB605000004000000000CB8050000
310
110E0873747261696768740D0563757276650CFFFFFFFF04FFFFFFFF0CFFFFFFFF130200000000E057406566666666264D400000000000801DC0140000000000408F40000000000000000000000000000000000A06ECA9F1D24D6260BF0A060000000000000000110D06636F656467650CFFFFFFFF04FFFFFFFF0CFFFFFFFF
310
0CB90500000C6B0400000CBA0500000CBB0500000B0C6D04000004000000000CFFFFFFFF110D04656467650CBC05000004FFFFFFFF0CFFFFFFFF0C700400000600000000000000000CBD05000006000EBE30992A683F0C6B0400000CBE0500000B0707756E6B6E6F776E110D06636F656467650CFFFFFFFF04FFFFFFFF0CFF
310
FFFFFF0C6C0400000CB90500000CBF0500000CC00500000B0C6D04000004000000000CFFFFFFFF110D04656467650CC105000004FFFFFFFF0CFFFFFFFF0C6F0400000600000000000000000CC205000006000EBE30992A683F0C080500000CC30500000B0707756E6B6E6F776E110D04666163650CC405000004FFFFFFFF0C
310
FFFFFFFF0CC50500000C6D0400000C050000000CFFFFFFFF0CC60500000B0B110D05706F696E740CFFFFFFFF04FFFFFFFF0CFFFFFFFF1302000000006057406566666666264D40666666666666FCBF110D05706F696E740CFFFFFFFF04FFFFFFFF0CFFFFFFFF1302000000006057406566666666264D400000000000801DC0
310
110D06636F656467650CFFFFFFFF04FFFFFFFF0CFFFFFFFF0C8C0400000C720400000C750400000C210500000B0C1D05000004000000000CFFFFFFFF110D06636F656467650CFFFFFFFF04FFFFFFFF0CFFFFFFFF0C720400000CC70500000C7A0400000C250500000A0C1D05000004000000000CFFFFFFFF110D046C6F6F70
310
0CFFFFFFFF04FFFFFFFF0CFFFFFFFF0CFFFFFFFF0C1B0500000CFA040000110E04445849440D066174747269620CFFFFFFFF04FFFFFFFF0CFFFFFFFF0CFFFFFFFF0C73040000071241534D5F454447455F46524F4D5F53544550070431393635110E0873747261696768740D0563757276650CFFFFFFFF04FFFFFFFF0CFFFF
310
FFFF130000000000E057406566666666264D40FEFFFFFFFF7F1D4014000000000000000000000000000000000000000000408F400A06C8BAB88D06F076BF0A060000000000000000110D06636F656467650CFFFFFFFF04FFFFFFFF0CFFFFFFFF0C750400000C740400000C8B0400000C360500000B0C760400000400000000
310
0CFFFFFFFF110D04656467650CC805000004FFFFFFFF0CFFFFFFFF0C780400000600000000000000000C3905000006000EBE30992A683F0C1B0500000CC90500000B0707756E6B6E6F776E110D04666163650CCA05000004FFFFFFFF0CFFFFFFFF0C840400000C760400000C050000000CFFFFFFFF0CCB0500000B0B110D05
310
706F696E740CFFFFFFFF04FFFFFFFF0CFFFFFFFF130000000000E057406566666666264D40FEFFFFFFFF7F1D40110D06636F656467650CFFFFFFFF04FFFFFFFF0CFFFFFFFF0C7B0400000C7A0400000CCC0500000CCD0500000B0C7C04000004000000000CFFFFFFFF110D04656467650CCE05000004FFFFFFFF0CFFFFFFFF
310
0C7E0400000600000000000000000CCF05000006000EBE30992A683F0C1C0500000CD00500000B0707756E6B6E6F776E110D04666163650CD105000004FFFFFFFF0CFFFFFFFF0CD20500000C7C0400000C050000000CFFFFFFFF0CD30500000B0B110D05706F696E740CFFFFFFFF04FFFFFFFF0CFFFFFFFF130000000000E0
310
57406566666666264D405B6666666666FC3F110D06636F656467650CFFFFFFFF04FFFFFFFF0CFFFFFFFF0C820400000C800400000CD40500000CD50500000A0CDC03000004000000000CFFFFFFFF110D06636F656467650CFFFFFFFF04FFFFFFFF0CFFFFFFFF0CCC0500000CD60500000C800400000C2A0500000A0CD00000
310
0004000000000CFFFFFFFF110D04656467650CD705000004FFFFFFFF0CFFFFFFFF0C2C05000006C8BAB88D06F076BF0CD805000006C317265305A372BF0C290500000CD90500000B0707756E6B6E6F776E110E04445849440D066174747269620CFFFFFFFF04FFFFFFFF0CFFFFFFFF0CFFFFFFFF0C81040000071241534D5F
310
454447455F46524F4D5F53544550070431343333110D067665727465780CFFFFFFFF04FFFFFFFF0CFFFFFFFF0C2A05000004000000000CDA050000110E0873747261696768740D0563757276650CFFFFFFFF04FFFFFFFF0CFFFFFFFF1300000000006057406566666666264D405B6666666666FC3F14000000000000000000
310
00000000408F4000000000000000000A0600000000000000000A06000EBE30992A683F110D06636F656467650CFFFFFFFF04FFFFFFFF0CFFFFFFFF0CDB0500000C8B0400000C820400000C2F0500000A0CD000000004000000000CFFFFFFFF110D04656467650CDC05000004FFFFFFFF0CFFFFFFFF0CDD050000060F8C4AEA
310
043451BF0C310500000600000000000000000C2E0500000CDE0500000B0707756E6B6E6F776E110E04445849440D066174747269620CFFFFFFFF04FFFFFFFF0CFFFFFFFF0CFFFFFFFF0C83040000071241534D5F454447455F46524F4D5F53544550070432313738110D067665727465780CFFFFFFFF04FFFFFFFF0CFFFFFF
310
FF0C3605000004000000000CDF050000110E0873747261696768740D0563757276650CFFFFFFFF04FFFFFFFF0CFFFFFFFF1300000000006057406566666666264D40FEFFFFFFFF7F1D401400000000000000000000000000408F4000000000000000000A0600000000000000000A06000EBE30992A683F110E04445849440D
310
066174747269620CFFFFFFFF04FFFFFFFF0CFFFFFFFF0CFFFFFFFF0C84040000071241534D5F464143455F46524F4D5F535445500712445F7261696C496E6E657231382D32353033110D04666163650CE005000004FFFFFFFF0CFFFFFFFF0CE10500000CE20500000C050000000CFFFFFFFF0CE30500000A0B110E05706C61
310
6E650D07737572666163650CFFFFFFFF04FFFFFFFF0CFFFFFFFF1300000000006057406566666666264D40FEFFFFFFFF7F1D4014000000000000F03F000000000000000000000000000000001400000000000000000000000000000000000000000000F0BF0B0B0B0B0B110D04656467650CE405000004FFFFFFFF0CFFFFFF
310
FF0C310500000614AAF1D24D6260BF0C390500000600000000000000000C8B0400000CE50500000B0707756E6B6E6F776E110D06636F656467650CFFFFFFFF04FFFFFFFF0CFFFFFFFF0CC70500000C8C0400000C8F0400000C3C0500000A0C1D05000004000000000CFFFFFFFF110E04445849440D066174747269620CFFFF
310
FFFF04FFFFFFFF0CFFFFFFFF0CFFFFFFFF0C8D040000071241534D5F454447455F46524F4D5F5354455007023530110D067665727465780CFFFFFFFF04FFFFFFFF0CFFFFFFFF0C8D04000004000000000CE6050000110E0873747261696768740D0563757276650CFFFFFFFF04FFFFFFFF0CFFFFFFFF130000000000E05740
310
0000000000A04E40FEFFFFFFFF7F1D4014000000000000000000000000000000000000000000408FC00A0600000000000000000A060F8C4AEA0434513F110D06636F656467650CFFFFFFFF04FFFFFFFF0CFFFFFFFF0C8F0400000C8E0400000CE70500000CE80500000B0C9004000004000000000CFFFFFFFF110D04656467
310
650CE905000004FFFFFFFF0CFFFFFFFF0CEA05000006182D4454FB2109C00C920400000600000000000000000C8F0400000CEB0500000B0707756E6B6E6F776E110D05706F696E740CFFFFFFFF04FFFFFFFF0CFFFFFFFF130000000000E057400000000000A04E40CCCCCCCCCC4C1940110D06636F656467650CFFFFFFFF04
310
FFFFFFFF0CFFFFFFFF0C940400000CB90400000CEC0500000CED0500000B0CAF02000004000000000CFFFFFFFF110D06636F656467650CFFFFFFFF04FFFFFFFF0CFFFFFFFF0CEE0500000CE70500000C940400000C400500000B0CD000000004000000000CFFFFFFFF110D04656467650CEF05000004FFFFFFFF0CFFFFFFFF
310
0C420500000646F38E53742467BF0CF00500000646F38E537424673F0C3F0500000CF10500000B0707756E6B6E6F776E110E04445849440D066174747269620CFFFFFFFF04FFFFFFFF0CFFFFFFFF0CFFFFFFFF0C95040000071241534D5F454447455F46524F4D5F53544550070431353139110D067665727465780CFFFFFF
310
FF04FFFFFFFF0CFFFFFFFF0CE805000004000000000CF2050000110E07656C6C697073650D0563757276650CFFFFFFFF04FFFFFFFF0CFFFFFFFF130000000000C058400000000000A04E40CBCCCCCCCC4C124014000000000000F0BF0000000000000080000000000000008014000000000000000000000000000000000300
310
00000000FC3F06000000000000F03F0A06182D4454FB2109C00A060000000000000000110D06636F656467650CFFFFFFFF04FFFFFFFF0CFFFFFFFF0C970400000CF30500000CF40500000CF50500000B0CD000000004000000000CFFFFFFFF110D06636F656467650CFFFFFFFF04FFFFFFFF0CFFFFFFFF0CF60500000CF705
310
00000C970400000C460500000A0CF805000004000000000CFFFFFFFF110D04656467650CF905000004FFFFFFFF0CFFFFFFFF0CFA0500000600000000000000000C4B05000006FB7E6ABC7493583F0C970400000CFB0500000B0707756E6B6E6F776E110D06636F656467650CFFFFFFFF04FFFFFFFF0CFFFFFFFF0CFC050000
310
0C980400000CF70500000CFD0500000B0C4905000004000000000CFFFFFFFF110D06636F656467650CFFFFFFFF04FFFFFFFF0CFFFFFFFF0C980400000CFE0400000C9A0400000C4E0500000B0C4905000004000000000CFFFFFFFF110D046C6F6F700CFFFFFFFF04FFFFFFFF0CFFFFFFFF0CFFFFFFFF0CA20500000CFE0500
310
00110E04445849440D066174747269620CFFFFFFFF04FFFFFFFF0CFFFFFFFF0CFFFFFFFF0C99040000071241534D5F454447455F46524F4D5F53544550070431323834110D067665727465780CFFFFFFFF04FFFFFFFF0CFFFFFFFF0C4605000004010000000CFF050000110E0873747261696768740D0563757276650CFFFF
310
FFFF04FFFFFFFF0CFFFFFFFF1307000000000016400000000000A04E40FEFFFFFFFF7F1D4014000000000000000000000000000000000000000000408F400A060F8C4AEA043451BF0A060000000000000000110D06636F656467650CFFFFFFFF04FFFFFFFF0CFFFFFFFF0C9B0400000C9A0400000CFD0400000CA10500000A
310
0C9C04000004000000000CFFFFFFFF110D04656467650C0006000004FFFFFFFF0CFFFFFFFF0CA40500000600000000000000000C9E04000006000EBE30992A683F0C480500000C010600000B0707756E6B6E6F776E110D04666163650C0206000004FFFFFFFF0CFFFFFFFF0CA30400000C9C0400000C050000000CFFFFFFFF
310
0C030600000B0B110D05706F696E740CFFFFFFFF04FFFFFFFF0CFFFFFFFF1307000000000016400000000000A04E40FEFFFFFFFF7F1D40110D06636F656467650CFFFFFFFF04FFFFFFFF0CFFFFFFFF0CA20400000CA00400000C040600000C050600000B0CF503000004000000000CFFFFFFFF110D06636F656467650CFFFF
310
FFFF04FFFFFFFF0CFFFFFFFF0CFD0400000CFC0400000CA00400000C530500000B0CCE03000004000000000CFFFFFFFF110D04656467650C0606000004FFFFFFFF0CFFFFFFFF0C0706000006C8BAB88D06F076BF0C550500000600000000000000000C520500000C080600000B0707756E6B6E6F776E110E04445849440D06
310
6174747269620CFFFFFFFF04FFFFFFFF0CFFFFFFFF0CFFFFFFFF0CA1040000071241534D5F454447455F46524F4D5F535445500703343438110D067665727465780CFFFFFFFF04FFFFFFFF0CFFFFFFFF0C5305000004010000000C09060000110E0873747261696768740D0563757276650CFFFFFFFF04FFFFFFFF0CFFFFFF
310
FF130700000000000C406566666666264D40FEFFFFFFFF7F1D401400000000000000000000000000408F4000000000000000000A0600000000000000000A06000EBE30992A683F110D06636F656467650CFFFFFFFF04FFFFFFFF0CFFFFFFFF0C0A0600000CA50400000CA20400000C580500000B0CD000000004000000000C
310
FFFFFFFF110D04656467650C0B06000004FFFFFFFF0CFFFFFFFF0CA804000006C317265305A3723F0C0C06000006C8BAB88D06F0763F0C570500000C0D0600000B0707756E6B6E6F776E110E04445849440D066174747269620CFFFFFFFF04FFFFFFFF0CFFFFFFFF0CFFFFFFFF0CA3040000071241534D5F464143455F4652
310
4F4D5F535445500711445F7261696C496E6E657231382D333130110E05706C616E650D07737572666163650CFFFFFFFF04FFFFFFFF0CFFFFFFFF130700000000000C406566666666264D40FEFFFFFFFF7F1D4014000000000000F03F0000000000000000000000000000000014000000000000000000000000000000000000
310
00000000F03F0B0B0B0B0B110E04445849440D066174747269620CFFFFFFFF04FFFFFFFF0CFFFFFFFF0CFFFFFFFF0CA6040000071241534D5F454447455F46524F4D5F535445500703363837110E0873747261696768740D0563757276650CFFFFFFFF04FFFFFFFF0CFFFFFFFF130700000000001C400000000000A04E4093
310
99999999990640140000000000408F40000000000000000000000000000000000A0680E9263108AC7CBF0A0680E9263108AC6CBF110D05706F696E740CFFFFFFFF04FFFFFFFF0CFFFFFFFF130700000000000C400000000000A04E409399999999990640110D06636F656467650CFFFFFFFF04FFFFFFFF0CFFFFFFFF0C8605
310
00000CB40400000CAC0400000C5F0500000A0CD000000004000000000CFFFFFFFF110D04656467650C0E06000004FFFFFFFF0CFFFFFFFF0C640500000663EE5A423EE8793F0CB70400000640A4DFBE0E9C833F0C5E0500000C0F0600000B0707756E6B6E6F776E110D06636F656467650CFFFFFFFF04FFFFFFFF0CFFFFFFFF
310
0C890500000CAD0400000CAF0400000C670500000A0C6205000004000000000CFFFFFFFF110D06636F656467650CFFFFFFFF04FFFFFFFF0CFFFFFFFF0CAD0400000C890500000C860500000C100600000A0C6205000004000000000CFFFFFFFF110D046C6F6F700CFFFFFFFF04FFFFFFFF0CFFFFFFFF0CFFFFFFFF0C890500
310
000C76050000110E04445849440D066174747269620CFFFFFFFF04FFFFFFFF0CFFFFFFFF0CFFFFFFFF0CAE040000071241534D5F454447455F46524F4D5F535445500703363739110D067665727465780CFFFFFFFF04FFFFFFFF0CFFFFFFFF0C5F05000004000000000C11060000110E07656C6C697073650D056375727665
310
0CFFFFFFFF04FFFFFFFF0CFFFFFFFF1300000000000000000000000000A04E40CBCCCCCCCC4C12C014000000000000F0BF000000000000000000000000000000001400000000000000000000000000000000030000000000FCBF06000000000000F03F0A0600000000000000000A06182D4454FB210940110D06636F656467
310
650CFFFFFFFF04FFFFFFFF0CFFFFFFFF0CAF0400000C120600000C880500000C130600000B0CD000000004000000000CFFFFFFFF110D04656467650C1406000004FFFFFFFF0CFFFFFFFF0C1506000006C0E9263108AC6C3F0CB10400000680E9263108AC7C3F0CAF0400000C160600000B0707756E6B6E6F776E110D05706F
310
696E740CFFFFFFFF04FFFFFFFF0CFFFFFFFF1300000000000000000000000000A04E4093999999999906C0110D06636F656467650CFFFFFFFF04FFFFFFFF0CFFFFFFFF0CB40400000C170600000CB90400000C6D0500000B0CD000000004000000000CFFFFFFFF110E04445849440D066174747269620CFFFFFFFF04FFFFFF
310
FF0CFFFFFFFF0CFFFFFFFF0CB5040000071241534D5F454447455F46524F4D5F535445500703333930110E0873747261696768740D0563757276650CFFFFFFFF04FFFFFFFF0CFFFFFFFF130000000000C058400000000000A04E4066666666662623C0140000000000408FC0000000000000000000000000000000000A0600
310
000000000000000A06F2D24D621058B93F110D05706F696E740CFFFFFFFF04FFFFFFFF0CFFFFFFFF1300000000000000000000000000A04E4066666666662623C0110D04656467650C1806000004FFFFFFFF0CFFFFFFFF0C190600000663EE5A423EE8793F0CBB0400000640A4DFBE0E9C833F0C690500000C1A0600000B07
310
07756E6B6E6F776E110D05706F696E740CFFFFFFFF04FFFFFFFF0CFFFFFFFF130000000000C058400000000000A04E4066666666662623C0110D04656467650C1B06000004FFFFFFFF0CFFFFFFFF0C9505000006F6A9F1D24D6260BF0CC70400000600000000000000000CE70400000C1C0600000B0707756E6B6E6F776E11
310
0D04656467650C1D06000004FFFFFFFF0CFFFFFFFF0C9405000006F6A9F1D24D6260BF0CC40400000600000000000000000CE80400000C1E0600000B0707756E6B6E6F776E110E04445849440D066174747269620CFFFFFFFF04FFFFFFFF0CFFFFFFFF0CFFFFFFFF0CC2040000071241534D5F454447455F46524F4D5F5354
310
4550070432313230110E0873747261696768740D0563757276650CFFFFFFFF04FFFFFFFF0CFFFFFFFF130000000000C058406666666666C64D406666666666A62F40140000000000408FC0000000000000008000000000000000800A0600000000000000800A06F2D24D621058B93F110D05706F696E740CFFFFFFFF04FFFF
310
FFFF0CFFFFFFFF130000000000C058406666666666C64D406666666666A62F40110D05706F696E740CFFFFFFFF04FFFFFFFF0CFFFFFFFF1300000000000000006666666666C64D406666666666A62F40110E04445849440D066174747269620CFFFFFFFF04FFFFFFFF0CFFFFFFFF0CFFFFFFFF0CCA040000071241534D5F46
310
4143455F46524F4D5F535445500712445F7261696C496E6E657231382D31383537110D04666163650C1F06000004FFFFFFFF0CFFFFFFFF0C200600000C620500000C050000000CFFFFFFFF0C210600000A0B110E05706C616E650D07737572666163650CFFFFFFFF04FFFFFFFF0CFFFFFFFF13C8FFFFFFFFFF0B4065666666
310
66264D40666666666666FCBF14000000000000F03F000000000000000000000000000000001400000000000000000000000000000000000000000000F03F0B0B0B0B0B110D06636F656467650CFFFFFFFF04FFFFFFFF0CFFFFFFFF0C000500000C220600000C020500000CAA0500000A0CCB04000004000000000CFFFFFFFF
310
110D06636F656467650CFFFFFFFF04FFFFFFFF0CFFFFFFFF0CCD0400000C230600000CDC0400000C850500000A0C2C04000004000000000CFFFFFFFF110D06636F656467650CFFFFFFFF04FFFFFFFF0CFFFFFFFF0CCF0400000CCE0400000C230600000C240600000A0C8B03000004000000000CFFFFFFFF110D0465646765
310
0C2506000004FFFFFFFF0CFFFFFFFF0C2606000006807F6ABC749358BF0CD50400000600000000000000000CD20400000C270600000B0707756E6B6E6F776E110D04656467650C2806000004FFFFFFFF0CFFFFFFFF0CD40400000600000000000000000C2906000006807F6ABC7493583F0CD10400000C2A0600000B070775
310
6E6B6E6F776E110E04445849440D066174747269620CFFFFFFFF04FFFFFFFF0CFFFFFFFF0CFFFFFFFF0CD0040000071241534D5F454447455F46524F4D5F53544550070432323138110E07656C6C697073650D0563757276650CFFFFFFFF04FFFFFFFF0CFFFFFFFF130700000000001C400000000000A04E40CBCCCCCCCC4C
310
12C014000000000000F0BF000000000000000000000000000000001400000000000000000000000000000000030000000000FCBF06000000000000F03F0A0600000000000000000A06182D4454FB210940110D06636F656467650CFFFFFFFF04FFFFFFFF0CFFFFFFFF0C120600000CD10400000CA90500000C2B0600000B0C
310
D000000004000000000CFFFFFFFF110D05706F696E740CFFFFFFFF04FFFFFFFF0CFFFFFFFF130700000000001C400000000000A04E4093999999999906C0110D05706F696E740CFFFFFFFF04FFFFFFFF0CFFFFFFFF130700000000001C400000000000A04E40CCCCCCCCCC4C19C0110E04445849440D066174747269620CFF
310
FFFFFF04FFFFFFFF0CFFFFFFFF0CFFFFFFFF0CD7040000071241534D5F454447455F46524F4D5F53544550070431303736110E0873747261696768740D0563757276650CFFFFFFFF04FFFFFFFF0CFFFFFFFF13E6FFFFFFFFFF15406566666666264D400000000000801DC01400000000000000000000000000408F40000000
310
00000000000A0600000000000000000A06000EBE30992A683F110D05706F696E740CFFFFFFFF04FFFFFFFF0CFFFFFFFF13E6FFFFFFFFFF15406566666666264D400000000000801DC0110D04656467650C2C06000004FFFFFFFF0CFFFFFFFF0CDF04000006C8BAB88D06F076BF0C2606000006C117265305A372BF0CDC0400
310
000C2D0600000B0707756E6B6E6F776E110D06636F656467650CFFFFFFFF04FFFFFFFF0CFFFFFFFF0CDD0400000C5E0500000C610500000C100600000B0CD000000004000000000CFFFFFFFF110D05706F696E740CFFFFFFFF04FFFFFFFF0CFFFFFFFF13E6FFFFFFFFFF15400000000000A04E400000000000801DC0110D06
310
636F656467650CFFFFFFFF04FFFFFFFF0CFFFFFFFF0CE30400000CE10400000C660500000C130600000A0C3904000004000000000CFFFFFFFF110D06636F656467650CFFFFFFFF04FFFFFFFF0CFFFFFFFF0C610500000C600500000CE10400000C8A0500000A0C6205000004000000000CFFFFFFFF110D04656467650C2E06
310
000004FFFFFFFF0CFFFFFFFF0C8C05000006182D4454FB2109C00C150600000600000000000000000CE10400000C2F0600000B0707756E6B6E6F776E110E04445849440D066174747269620CFFFFFFFF04FFFFFFFF0CFFFFFFFF0CFFFFFFFF0CE2040000071241534D5F454447455F46524F4D5F5354455007043139303311
310
0D067665727465780CFFFFFFFF04FFFFFFFF0CFFFFFFFF0C1006000004010000000C30060000110E0873747261696768740D0563757276650CFFFFFFFF04FFFFFFFF0CFFFFFFFF13C8FFFFFFFFFF0B400000000000A04E40666666666666FCBF14000000000000000000000000000000000000000000408FC00A06C1172653
310
05A3723F0A06C8BAB88D06F0763F110D06636F656467650CFFFFFFFF04FFFFFFFF0CFFFFFFFF0C220600000C000500000CE30400000C8F0500000B0CCB04000004000000000CFFFFFFFF110D04656467650C3106000004FFFFFFFF0CFFFFFFFF0C910500000600000000000000000C3206000006000EBE30992A683F0C8E05
310
00000C330600000B0707756E6B6E6F776E110E04445849440D066174747269620CFFFFFFFF04FFFFFFFF0CFFFFFFFF0CFFFFFFFF0CE4040000071241534D5F454447455F46524F4D5F53544550070432363332110D067665727465780CFFFFFFFF04FFFFFFFF0CFFFFFFFF0CE404000004010000000C34060000110E087374
310
7261696768740D0563757276650CFFFFFFFF04FFFFFFFF0CFFFFFFFF13C8FFFFFFFFFF0B406566666666264D40666666666666FCBF14000000000000000000000000000000000000000000408F400A06C8BAB88D06F076BF0A060000000000000000110E04445849440D066174747269620CFFFFFFFF04FFFFFFFF0CFFFFFF
310
FF0CFFFFFFFF0CEA040000071241534D5F454447455F46524F4D5F535445500703383832110D067665727465780CFFFFFFFF04FFFFFFFF0CFFFFFFFF0CEA04000004000000000C35060000110D067665727465780CFFFFFFFF04FFFFFFFF0CFFFFFFFF0CEC04000004010000000C36060000110E0873747261696768740D05
310
63757276650CFFFFFFFF04FFFFFFFF0CFFFFFFFF130000000000C058406666666666C64D406866666666A62B40140000000000408FC0000000000000008000000000000000800A0600000000000000800A06F2D24D621058B93F110E04445849440D066174747269620CFFFFFFFF04FFFFFFFF0CFFFFFFFF0CFFFFFFFF0CEC
310
040000071241534D5F454447455F46524F4D5F535445500703373133110E0873747261696768740D0563757276650CFFFFFFFF04FFFFFFFF0CFFFFFFFF1300000000000000006666666666C64D406866666666A62B401400000000000000000000000000408F402E5D74D145BE7B3D0A06146EA301BC0552BF0A0600000000
310
00000000110E04445849440D066174747269620CFFFFFFFF04FFFFFFFF0CFFFFFFFF0CFFFFFFFF0CEE040000071241534D5F454447455F46524F4D5F535445500703313831110E0873747261696768740D0563757276650CFFFFFFFF04FFFFFFFF0CFFFFFFFF130000000000C058406666666666C64D406866666666A62B40
310
1400000000000000000000000000408F402E5D74D145BE7B3D0A06146EA301BC0552BF0A060000000000000000110D05706F696E740CFFFFFFFF04FFFFFFFF0CFFFFFFFF130000000000C058409A99999999394D406766666666A62B40110D05706F696E740CFFFFFFFF04FFFFFFFF0CFFFFFFFF1300000000000000009A99
310
999999394D406766666666A62B40110E04445849440D066174747269620CFFFFFFFF04FFFFFFFF0CFFFFFFFF0CFFFFFFFF0CFA040000071241534D5F464143455F46524F4D5F535445500711445F7261696C496E6E657231382D353736110E05706C616E650D07737572666163650CFFFFFFFF04FFFFFFFF0CFFFFFFFF1300
310
00000000E057406566666666264D40FEFFFFFFFF7F1D4014000000000000F0BF000000000000000000000000000000001400000000000000000000000000000000000000000000F03F0B0B0B0B0B110D06636F656467650CFFFFFFFF04FFFFFFFF0CFFFFFFFF0C370600000C040600000CFC0400000CA00500000A0C380600
310
0004000000000CFFFFFFFF110D04656467650C3906000004FFFFFFFF0CFFFFFFFF0CA50500000603AAF1D24D6260BF0C070600000600000000000000000CFC0400000C3A0600000B0707756E6B6E6F776E110D04656467650C3B06000004FFFFFFFF0CFFFFFFFF0C550500000600000000000000000CA40500000603AAF1D2
310
4D62603F0CFD0400000C3C0600000B0707756E6B6E6F776E110D06636F656467650CFFFFFFFF04FFFFFFFF0CFFFFFFFF0CFE0400000CFC0500000C370600000C3D0600000A0C4905000004000000000CFFFFFFFF110E04445849440D066174747269620CFFFFFFFF04FFFFFFFF0CFFFFFFFF0CFFFFFFFF0CFF040000071241
310
534D5F454447455F46524F4D5F53544550070431313734110D067665727465780CFFFFFFFF04FFFFFFFF0CFFFFFFFF0CFF04000004000000000C3E060000110D067665727465780CFFFFFFFF04FFFFFFFF0CFFFFFFFF0CFF04000004010000000C3F060000110E0873747261696768740D0563757276650CFFFFFFFF04FFFF
310
FFFF0CFFFFFFFF1307000000000016406566666666264D40FEFFFFFFFF7F1D4014000000000000000000000000000000000000000000408FC00A0600000000000000000A06C8BAB88D06F0763F110E04445849440D066174747269620CFFFFFFFF04FFFFFFFF0CFFFFFFFF0CFFFFFFFF0C01050000071241534D5F45444745
310
5F46524F4D5F53544550070432303136110E0873747261696768740D0563757276650CFFFFFFFF04FFFFFFFF0CFFFFFFFF13C8FFFFFFFFFF0B406566666666264D40666666666666FCBF140000000000408F40000000000000000000000000000000000A0600000000000000000A0600AAF1D24D62603F110D06636F656467
310
650CFFFFFFFF04FFFFFFFF0CFFFFFFFF0C230600000C020500000C7F0500000C2B0600000A0C2C04000004000000000CFFFFFFFF110D04656467650C4006000004FFFFFFFF0CFFFFFFFF0C040500000600000000000000000C4106000006000EBE30992A683F0C020500000C420600000B0707756E6B6E6F776E110D05706F
310
696E740CFFFFFFFF04FFFFFFFF0CFFFFFFFF13E6FFFFFFFFFF15406566666666264D40666666666666FCBF110D06636F656467650CFFFFFFFF04FFFFFFFF0CFFFFFFFF0C430600000C060500000C090500000CB20500000B0CAE05000004000000000CFFFFFFFF110D06636F656467650CFFFFFFFF04FFFFFFFF0CFFFFFFFF
310
0C060500000C440600000C0E0500000CB60500000A0CAE05000004000000000CFFFFFFFF110D046C6F6F700CFFFFFFFF04FFFFFFFF0CFFFFFFFF0CFFFFFFFF0CAC0500000C45060000110E04445849440D066174747269620CFFFFFFFF04FFFFFFFF0CFFFFFFFF0CFFFFFFFF0C07050000071241534D5F454447455F46524F
310
4D5F53544550070431383534110E0873747261696768740D0563757276650CFFFFFFFF04FFFFFFFF0CFFFFFFFF130200000000E057406566666666264D40666666666666FCBF14000000000000000000000000000000000000000000408F400A06C8BAB88D06F076BF0A060000000000000000110D06636F656467650CFFFF
310
FFFF04FFFFFFFF0CFFFFFFFF0C090500000C080500000C460600000C470600000B0C0A05000004000000000CFFFFFFFF110D04656467650C4806000004FFFFFFFF0CFFFFFFFF0C0C0500000600000000000000000C4906000006000EBE30992A683F0CAC0500000C4A0600000B0707756E6B6E6F776E110D04666163650C4B
310
06000004FFFFFFFF0CFFFFFFFF0C180500000C0A0500000C050000000CFFFFFFFF0C4C0600000B0B110D05706F696E740CFFFFFFFF04FFFFFFFF0CFFFFFFFF130200000000E057406566666666264D40666666666666FCBF110D06636F656467650CFFFFFFFF04FFFFFFFF0CFFFFFFFF0C0F0500000C0E0500000C4D060000
310
0C4E0600000B0C1005000004000000000CFFFFFFFF110D04656467650C4F06000004FFFFFFFF0CFFFFFFFF0C120500000600000000000000000C5006000006000EBE30992A683F0CAD0500000C510600000B0707756E6B6E6F776E110D04666163650C5206000004FFFFFFFF0CFFFFFFFF0C3B0200000C100500000C050000
310
000CFFFFFFFF0C530600000B0B110D05706F696E740CFFFFFFFF04FFFFFFFF0CFFFFFFFF130200000000E057406566666666264D400000000000801DC0110D06636F656467650CFFFFFFFF04FFFFFFFF0CFFFFFFFF0C160500000C140500000C540600000C550600000A0C6D04000004000000000CFFFFFFFF110D06636F65
310
6467650CFFFFFFFF04FFFFFFFF0CFFFFFFFF0C4D0600000C560600000C140500000CBB0500000A0CD000000004000000000CFFFFFFFF110D04656467650C5706000004FFFFFFFF0CFFFFFFFF0CBD05000006C8BAB88D06F076BF0C5806000006C117265305A372BF0CBA0500000C590600000B0707756E6B6E6F776E110E04
310
445849440D066174747269620CFFFFFFFF04FFFFFFFF0CFFFFFFFF0CFFFFFFFF0C15050000071241534D5F454447455F46524F4D5F535445500703313437110D067665727465780CFFFFFFFF04FFFFFFFF0CFFFFFFFF0CBB05000004000000000C5A060000110E0873747261696768740D0563757276650CFFFFFFFF04FFFF
310
FFFF0CFFFFFFFF1302000000006057406566666666264D400000000000801DC01400000000000000000000000000408F4000000000000000000A0600000000000000000A06000EBE30992A683F110D06636F656467650CFFFFFFFF04FFFFFFFF0CFFFFFFFF0C5B0600000C460600000C160500000CC00500000A0CD0000000
310
04000000000CFFFFFFFF110D04656467650C5C06000004FFFFFFFF0CFFFFFFFF0C5D06000006088C4AEA043451BF0CC20500000600000000000000000CBF0500000C5E0600000B0707756E6B6E6F776E110E04445849440D066174747269620CFFFFFFFF04FFFFFFFF0CFFFFFFFF0CFFFFFFFF0C17050000071241534D5F45
310
4447455F46524F4D5F535445500703333434110D067665727465780CFFFFFFFF04FFFFFFFF0CFFFFFFFF0C4706000004000000000C5F060000110E0873747261696768740D0563757276650CFFFFFFFF04FFFFFFFF0CFFFFFFFF1302000000006057406566666666264D40666666666666FCBF140000000000000000000000
310
0000408F4000000000000000000A0600000000000000000A06000EBE30992A683F110E04445849440D066174747269620CFFFFFFFF04FFFFFFFF0CFFFFFFFF0CFFFFFFFF0C18050000071241534D5F464143455F46524F4D5F535445500712445F7261696C496E6E657231382D32333837110D04666163650C6006000004FF
310
FFFFFF0CFFFFFFFF0C610600000C620600000C050000000CFFFFFFFF0C630600000A0B110E05706C616E650D07737572666163650CFFFFFFFF04FFFFFFFF0CFFFFFFFF1302000000006057406566666666264D40666666666666FCBF14000000000000F03F0000000000000000000000000000000014000000000000000000
310
00000000000000000000000000F0BF0B0B0B0B0B110D06636F656467650CFFFFFFFF04FFFFFFFF0CFFFFFFFF0C1C0500000C370500000C640600000C650600000B0C1D05000004000000000CFFFFFFFF110E04445849440D066174747269620CFFFFFFFF04FFFFFFFF0CFFFFFFFF0CFFFFFFFF0C21050000071241534D5F45
310
4447455F46524F4D5F535445500703393635110E0873747261696768740D0563757276650CFFFFFFFF04FFFFFFFF0CFFFFFFFF130000000000E057406566666666264D40FEFFFFFFFF7F1D401400000000000000000000000000408F4000000000000000000A0600000000000000000A06000EBE30992A683F110E04445849
310
440D066174747269620CFFFFFFFF04FFFFFFFF0CFFFFFFFF0CFFFFFFFF0C22050000071241534D5F464143455F46524F4D5F535445500711445F7261696C496E6E657231382D333830110E05706C616E650D07737572666163650CFFFFFFFF04FFFFFFFF0CFFFFFFFF130000000000E057406566666666264D40FEFFFFFFFF
310
7F1D401400000000000000000000000000000000000000000000F0BF14000000000000F0BF000000000000000000000000000000000B0B0B0B0B110D06636F656467650CFFFFFFFF04FFFFFFFF0CFFFFFFFF0C640600000C290500000C240500000CCD0500000A0CD000000004000000000CFFFFFFFF110D04656467650C66
310
06000004FFFFFFFF0CFFFFFFFF0CCF0500000600000000000000000C2C0500000614AAF1D24D62603F0CCC0500000C670600000B0707756E6B6E6F776E110E04445849440D066174747269620CFFFFFFFF04FFFFFFFF0CFFFFFFFF0CFFFFFFFF0C25050000071241534D5F454447455F46524F4D5F53544550070332333111
310
0D067665727465780CFFFFFFFF04FFFFFFFF0CFFFFFFFF0CCD05000004000000000C68060000110E0873747261696768740D0563757276650CFFFFFFFF04FFFFFFFF0CFFFFFFFF130000000000E057406566666666264D405B6666666666FC3F1400000000000000000000000000408F4000000000000000000A0600000000
310
000000000A06000EBE30992A683F110E04445849440D066174747269620CFFFFFFFF04FFFFFFFF0CFFFFFFFF0CFFFFFFFF0C26050000071241534D5F464143455F46524F4D5F535445500712445F7261696C496E6E657231382D32343137110D04666163650C6906000004FFFFFFFF0CFFFFFFFF0C450600000C6A0600000C
310
050000000CFFFFFFFF0C6B0600000A0B110E05706C616E650D07737572666163650CFFFFFFFF04FFFFFFFF0CFFFFFFFF130000000000E057406566666666264D405B6666666666FC3F1400000000000000000000000000000000000000000000F03F14000000000000F03F000000000000000000000000000000000B0B0B0B
310
0B110D06636F656467650CFFFFFFFF04FFFFFFFF0CFFFFFFFF0C6C0600000C6D0600000C280500000CD50500000B0CE205000004000000000CFFFFFFFF110D04656467650C6E06000004FFFFFFFF0CFFFFFFFF0CDD05000006182D4454FB2109C00CD80500000600000000000000000C280500000C6F0600000B0707756E6B
310
6E6F776E110D06636F656467650CFFFFFFFF04FFFFFFFF0CFFFFFFFF0C290500000C700600000C6C0600000C710600000A0CD000000004000000000CFFFFFFFF110E04445849440D066174747269620CFFFFFFFF04FFFFFFFF0CFFFFFFFF0CFFFFFFFF0C2A050000071241534D5F454447455F46524F4D5F53544550070333
310
3935110D067665727465780CFFFFFFFF04FFFFFFFF0CFFFFFFFF0C7106000004000000000C72060000110E0873747261696768740D0563757276650CFFFFFFFF04FFFFFFFF0CFFFFFFFF1300000000006057400000000000A04E40FEFFFFFFFF7F1D4014000000000000000000000000000000000000000000408F400A06C8
310
BAB88D06F076BF0A06C317265305A372BF110D05706F696E740CFFFFFFFF04FFFFFFFF0CFFFFFFFF1300000000006057400000000000A04E405B6666666666FC3F110D06636F656467650CFFFFFFFF04FFFFFFFF0CFFFFFFFF0C700600000C2E0500000C6D0600000C730600000A0CD000000004000000000CFFFFFFFF110E
310
04445849440D066174747269620CFFFFFFFF04FFFFFFFF0CFFFFFFFF0CFFFFFFFF0C2F050000071241534D5F454447455F46524F4D5F535445500703383839110D067665727465780CFFFFFFFF04FFFFFFFF0CFFFFFFFF0C2F05000004000000000C74060000110E0873747261696768740D0563757276650CFFFFFFFF04FF
310
FFFFFF0CFFFFFFFF1300000000006057400000000000A04E40FEFFFFFFFF7F1D4014000000000000000000000000000000000000000000408F400A060F8C4AEA043451BF0A060000000000000000110D05706F696E740CFFFFFFFF04FFFFFFFF0CFFFFFFFF1300000000006057400000000000A04E40FEFFFFFFFF7F1D4011
310
0E04445849440D066174747269620CFFFFFFFF04FFFFFFFF0CFFFFFFFF0CFFFFFFFF0C34050000071241534D5F464143455F46524F4D5F535445500711445F7261696C496E6E657231382D383730110D04666163650C7506000004FFFFFFFF0CFFFFFFFF0C260500000C760600000C050000000CFFFFFFFF0C770600000B0B
310
110D046C6F6F700CFFFFFFFF04FFFFFFFF0CFFFFFFFF0CFFFFFFFF0C780600000C34050000110E04636F6E650D07737572666163650CFFFFFFFF04FFFFFFFF0CFFFFFFFF1301000000000057400000000000A04E40CBCCCCCCCC4C124014000000000000F03F00000000000000000000000000000000140000000000000000
310
0000000000000000060000000000FCBF06000000000000F03F0B0B06000000000000000006000000000000F03F06060000000000FC3F0B0B0B0B0B110E04445849440D066174747269620CFFFFFFFF04FFFFFFFF0CFFFFFFFF0CFFFFFFFF0C36050000071241534D5F454447455F46524F4D5F53544550070431393337110E
310
0873747261696768740D0563757276650CFFFFFFFF04FFFFFFFF0CFFFFFFFF130000000000E057400000000000A04E40FEFFFFFFFF7F1D40140000000000408F40000000000000000000000000000000000A0614AAF1D24D6260BF0A060000000000000000110D05706F696E740CFFFFFFFF04FFFFFFFF0CFFFFFFFF130000
310
000000E057400000000000A04E40FEFFFFFFFF7F1D40110D06636F656467650CFFFFFFFF04FFFFFFFF0CFFFFFFFF0C3F0500000C640600000C3B0500000CE80500000A0CD000000004000000000CFFFFFFFF110D04656467650C7906000004FFFFFFFF0CFFFFFFFF0C420500000671E9263108AC7CBF0CEA0500000671E926
310
3108AC6CBF0CE70500000C7A0600000B0707756E6B6E6F776E110E04445849440D066174747269620CFFFFFFFF04FFFFFFFF0CFFFFFFFF0CFFFFFFFF0C3C050000071241534D5F454447455F46524F4D5F535445500703353933110D067665727465780CFFFFFFFF04FFFFFFFF0CFFFFFFFF0C6506000004000000000C7B06
310
0000110E07656C6C697073650D0563757276650CFFFFFFFF04FFFFFFFF0CFFFFFFFF130000000000E057400000000000A04E40CBCCCCCCCC4C124014000000000000F0BF000000000000000000000000000000001400000000000000000000000000000000030000000000FC3F06000000000000F03F0A06182D4454FB2109
310
C00A060000000000000000110D06636F656467650CFFFFFFFF04FFFFFFFF0CFFFFFFFF0C7C0600000C7D0600000C3E0500000CED0500000A0C6A06000004000000000CFFFFFFFF110D04656467650C7E06000004FFFFFFFF0CFFFFFFFF0C190600000600000000000000000CF005000006182D4454FB2109400C3E0500000C
310
7F0600000B0707756E6B6E6F776E110D06636F656467650CFFFFFFFF04FFFFFFFF0CFFFFFFFF0C800600000C3F0500000C7D0600000C810600000A0CD000000004000000000CFFFFFFFF110E04445849440D066174747269620CFFFFFFFF04FFFFFFFF0CFFFFFFFF0CFFFFFFFF0C40050000071241534D5F454447455F4652
310
4F4D5F535445500703373833110D067665727465780CFFFFFFFF04FFFFFFFF0CFFFFFFFF0C4005000004010000000C82060000110E0873747261696768740D0563757276650CFFFFFFFF04FFFFFFFF0CFFFFFFFF130000000000C058400000000000A04E400000000000000000140000000000000000000000000000000000
310
00000000408FC00A0646F38E53742467BF0A0646F38E537424673F110D05706F696E740CFFFFFFFF04FFFFFFFF0CFFFFFFFF130000000000C058400000000000A04E409399999999990640110D06636F656467650CFFFFFFFF04FFFFFFFF0CFFFFFFFF0C440500000C830600000C840600000C850600000B0CD00000000400
310
0000000CFFFFFFFF110D06636F656467650CFFFFFFFF04FFFFFFFF0CFFFFFFFF0C860600000C860600000C440500000CF50500000A0C8706000004000000000CFFFFFFFF110D04656467650C8806000004FFFFFFFF0CFFFFFFFF0C890600000680E9263108AC5CBF0CFA050000067DE9263108AC5C3F0C440500000C8A0600
310
000B0707756E6B6E6F776E110D06636F656467650CFFFFFFFF04FFFFFFFF0CFFFFFFFF0C840600000C450500000C860600000C8B0600000A0CF805000004000000000CFFFFFFFF110D06636F656467650CFFFFFFFF04FFFFFFFF0CFFFFFFFF0C450500000C840600000C470500000CFD0500000A0CF805000004000000000C
310
FFFFFFFF110D046C6F6F700CFFFFFFFF04FFFFFFFF0CFFFFFFFF0CFFFFFFFF0CF60500000C8C060000110E04445849440D066174747269620CFFFFFFFF04FFFFFFFF0CFFFFFFFF0CFFFFFFFF0C46050000071241534D5F454447455F46524F4D5F53544550070431373334110D067665727465780CFFFFFFFF04FFFFFFFF0C
310
FFFFFFFF0CF505000004010000000C8D060000110E0873747261696768740D0563757276650CFFFFFFFF04FFFFFFFF0CFFFFFFFF130700000000001C400000000000A04E40CCCCCCCCCC4C1940140000000000408FC0000000000000000000000000000000000A0600000000000000000A06FB7E6ABC7493583F110D06636F
310
656467650CFFFFFFFF04FFFFFFFF0CFFFFFFFF0CA20500000C470500000C830600000C8E0600000A0C4905000004000000000CFFFFFFFF110D04656467650C8F06000004FFFFFFFF0CFFFFFFFF0C4B05000006182D4454FB2109C00C900600000600000000000000000CF70500000C910600000B0707756E6B6E6F776E110D
310
04666163650C9206000004FFFFFFFF0CFFFFFFFF0C4F0500000C490500000C050000000CFFFFFFFF0C930600000B0B110D05706F696E740CFFFFFFFF04FFFFFFFF0CFFFFFFFF1307000000000016400000000000A04E40CCCCCCCCCC4C1940110E04445849440D066174747269620CFFFFFFFF04FFFFFFFF0CFFFFFFFF0CFF
310
FFFFFF0C4E050000071241534D5F454447455F46524F4D5F53544550070432333432110E0873747261696768740D0563757276650CFFFFFFFF04FFFFFFFF0CFFFFFFFF1307000000000016406566666666264D40FEFFFFFFFF7F1D401400000000000000000000000000408F4000000000000000000A060000000000000000
310
0A06000EBE30992A683F110E04445849440D066174747269620CFFFFFFFF04FFFFFFFF0CFFFFFFFF0CFFFFFFFF0C4F050000071241534D5F464143455F46524F4D5F535445500712445F7261696C496E6E657231382D32343639110E05706C616E650D07737572666163650CFFFFFFFF04FFFFFFFF0CFFFFFFFF1307000000
310
00000C406566666666264D40FEFFFFFFFF7F1D401400000000000000000000000000000000000000000000F0BF14000000000000F03F000000000000000000000000000000000B0B0B0B0B110D06636F656467650CFFFFFFFF04FFFFFFFF0CFFFFFFFF0C9F0500000C940600000C510500000C050600000A0C380600000400
310
0000000CFFFFFFFF110D04656467650C9506000004FFFFFFFF0CFFFFFFFF0C070600000600000000000000000C0C06000006000EBE30992A683F0C040600000C960600000B0707756E6B6E6F776E110E04445849440D066174747269620CFFFFFFFF04FFFFFFFF0CFFFFFFFF0CFFFFFFFF0C53050000071241534D5F454447
310
455F46524F4D5F53544550070432303132110D067665727465780CFFFFFFFF04FFFFFFFF0CFFFFFFFF0CA005000004010000000C97060000110E0873747261696768740D0563757276650CFFFFFFFF04FFFFFFFF0CFFFFFFFF130700000000000C406566666666264D40FEFFFFFFFF7F1D4014000000000000000000000000
310
000000000000000000408F400A06C8BAB88D06F076BF0A060000000000000000110D05706F696E740CFFFFFFFF04FFFFFFFF0CFFFFFFFF130700000000000C406566666666264D40FEFFFFFFFF7F1D40110D06636F656467650CFFFFFFFF04FFFFFFFF0CFFFFFFFF0C830600000C570500000C940600000C980600000B0CD0
310
00000004000000000CFFFFFFFF110E04445849440D066174747269620CFFFFFFFF04FFFFFFFF0CFFFFFFFF0CFFFFFFFF0C58050000071241534D5F454447455F46524F4D5F535445500703333633110D067665727465780CFFFFFFFF04FFFFFFFF0CFFFFFFFF0C5805000004010000000C99060000110E0873747261696768
310
740D0563757276650CFFFFFFFF04FFFFFFFF0CFFFFFFFF130700000000000C400000000000A04E40FEFFFFFFFF7F1D4014000000000000000000000000000000000000000000408FC00A06C317265305A3723F0A06C8BAB88D06F0763F110E04445849440D066174747269620CFFFFFFFF04FFFFFFFF0CFFFFFFFF0CFFFFFF
310
FF0C5F050000071241534D5F454447455F46524F4D5F53544550070431383131110E0873747261696768740D0563757276650CFFFFFFFF04FFFFFFFF0CFFFFFFFF1300000000000000000000000000A04E40000000000000000014000000000000000000000000000000000000000000408FC00A0663EE5A423EE8793F0A06
310
40A4DFBE0E9C833F110D04656467650C9A06000004FFFFFFFF0CFFFFFFFF0C640500000680E9263108AC7CBF0C8C05000006C0E9263108AC6CBF0C860500000C9B0600000B0707756E6B6E6F776E110D05706F696E740CFFFFFFFF04FFFFFFFF0CFFFFFFFF1300000000000000000000000000A04E40CCCCCCCCCC4C19C011
310
0D06636F656467650CFFFFFFFF04FFFFFFFF0CFFFFFFFF0C660500000C7F0500000C220600000C9C0600000B0CD000000004000000000CFFFFFFFF110D04656467650C9D06000004FFFFFFFF0CFFFFFFFF0C320600000600000000000000000C1506000006088C4AEA0434513F0C660500000C9E0600000B0707756E6B6E6F
310
776E110E04445849440D066174747269620CFFFFFFFF04FFFFFFFF0CFFFFFFFF0CFFFFFFFF0C67050000071241534D5F454447455F46524F4D5F535445500703373432110D067665727465780CFFFFFFFF04FFFFFFFF0CFFFFFFFF0C1306000004010000000C9F060000110E0873747261696768740D0563757276650CFFFF
310
FFFF04FFFFFFFF0CFFFFFFFF130700000000001C400000000000A04E4093999999999906C0140000000000408FC0000000000000000000000000000000000A06C0E9263108AC6C3F0A0680E9263108AC7C3F110D06636F656467650CFFFFFFFF04FFFFFFFF0CFFFFFFFF0C690500000CA00600000C7C0600000CA10600000A
310
0CD000000004000000000CFFFFFFFF110E04445849440D066174747269620CFFFFFFFF04FFFFFFFF0CFFFFFFFF0CFFFFFFFF0C6D050000071241534D5F454447455F46524F4D5F535445500703363130110D067665727465780CFFFFFFFF04FFFFFFFF0CFFFFFFFF0CA106000004000000000CA2060000110E087374726169
310
6768740D0563757276650CFFFFFFFF04FFFFFFFF0CFFFFFFFF130000000000C058400000000000A04E40000000000000000014000000000000000000000000000000000000000000408FC00A0663EE5A423EE8793F0A0640A4DFBE0E9C833F110E04445849440D066174747269620CFFFFFFFF04FFFFFFFF0CFFFFFFFF0CFF
310
FFFFFF0C6F050000071241534D5F454447455F46524F4D5F535445500703383435110E0873747261696768740D0563757276650CFFFFFFFF04FFFFFFFF0CFFFFFFFF1300000000000000006666666666C64D406666666666A62F4014000000000000000000000000000000000000000000408F400A06F6A9F1D24D6260BF0A
310
060000000000000000110E04445849440D066174747269620CFFFFFFFF04FFFFFFFF0CFFFFFFFF0CFFFFFFFF0C70050000071241534D5F454447455F46524F4D5F535445500703393730110E0873747261696768740D0563757276650CFFFFFFFF04FFFFFFFF0CFFFFFFFF130000000000C058406666666666C64D40666666
310
6666A62F4014000000000000000000000000000000000000000000408F400A06F6A9F1D24D6260BF0A060000000000000000110E04445849440D066174747269620CFFFFFFFF04FFFFFFFF0CFFFFFFFF0CFFFFFFFF0C76050000071241534D5F464143455F46524F4D5F535445500711445F7261696C496E6E657231382D34
310
3739110D04666163650CA306000004FFFFFFFF0CFFFFFFFF0CA40600000C380600000C050000000CFFFFFFFF0CA50600000B0B110E04636F6E650D07737572666163650CFFFFFFFF04FFFFFFFF0CFFFFFFFF130700000000001C400000000000A04E40CBCCCCCCCC4C12C014000000000000F0BF0000000000000000000000
310
00000000001400000000000000000000000000000000030000000000FCBF06000000000000F03F0B0B06000000000000000006000000000000F03F06030000000000FC3F0B0B0B0B0B110D06636F656467650CFFFFFFFF04FFFFFFFF0CFFFFFFFF0C780500000C8E0500000C120600000C9C0600000A0CCB04000004000000
310
000CFFFFFFFF110D06636F656467650CFFFFFFFF04FFFFFFFF0CFFFFFFFF0C790500000CA90500000C7A0500000C240600000B0C2C04000004000000000CFFFFFFFF110D04656467650CA606000004FFFFFFFF0CFFFFFFFF0C2906000006182D4454FB2109C00C260600000600000000000000000C7A0500000CA70600000B
310
0707756E6B6E6F776E110E04445849440D066174747269620CFFFFFFFF04FFFFFFFF0CFFFFFFFF0CFFFFFFFF0C7B050000071241534D5F454447455F46524F4D5F53544550070432313839110D067665727465780CFFFFFFFF04FFFFFFFF0CFFFFFFFF0C8505000004010000000CA8060000110E0873747261696768740D05
310
63757276650CFFFFFFFF04FFFFFFFF0CFFFFFFFF130700000000001C400000000000A04E40CCCCCCCCCC4C19C0140000000000408F40000000000000000000000000000000000A06807F6ABC749358BF0A060000000000000000110E04445849440D066174747269620CFFFFFFFF04FFFFFFFF0CFFFFFFFF0CFFFFFFFF0C7C
310
050000071241534D5F454447455F46524F4D5F53544550070431333836110D067665727465780CFFFFFFFF04FFFFFFFF0CFFFFFFFF0C7C05000004010000000CA9060000110E0873747261696768740D0563757276650CFFFFFFFF04FFFFFFFF0CFFFFFFFF130700000000001C400000000000A04E4093999999999906C014
310
0000000000408FC0000000000000000000000000000000000A0600000000000000000A06807F6ABC7493583F110D04656467650CAA06000004FFFFFFFF0CFFFFFFFF0C2906000006088C4AEA043451BF0C410600000600000000000000000C7F0500000CAB0600000B0707756E6B6E6F776E110E04445849440D0661747472
310
69620CFFFFFFFF04FFFFFFFF0CFFFFFFFF0CFFFFFFFF0C85050000071241534D5F454447455F46524F4D5F53544550070432333936110E0873747261696768740D0563757276650CFFFFFFFF04FFFFFFFF0CFFFFFFFF13E6FFFFFFFFFF15400000000000A04E40666666666666FCBF14000000000000000000000000000000
310
000000000000408F400A06C8BAB88D06F076BF0A06C117265305A372BF110E04445849440D066174747269620CFFFFFFFF04FFFFFFFF0CFFFFFFFF0CFFFFFFFF0C8A050000071241534D5F454447455F46524F4D5F53544550070431363137110E07656C6C697073650D0563757276650CFFFFFFFF04FFFFFFFF0CFFFFFFFF
310
13C8FFFFFFFFFF0B400000000000A04E40CBCCCCCCCC4C12C014000000000000F0BF000000000000008000000000000000801400000000000000000000000000000000060000000000FC3F06000000000000F03F0A06182D4454FB2109C00A060000000000000000110D05706F696E740CFFFFFFFF04FFFFFFFF0CFFFFFFFF
310
13C8FFFFFFFFFF0B400000000000A04E40CCCCCCCCCC4C19C0110E04445849440D066174747269620CFFFFFFFF04FFFFFFFF0CFFFFFFFF0CFFFFFFFF0C8F050000071241534D5F454447455F46524F4D5F53544550070432363136110D067665727465780CFFFFFFFF04FFFFFFFF0CFFFFFFFF0C9C06000004010000000CAC
310
060000110E0873747261696768740D0563757276650CFFFFFFFF04FFFFFFFF0CFFFFFFFF13C8FFFFFFFFFF0B406566666666264D40666666666666FCBF1400000000000000000000000000408F4000000000000000000A0600000000000000000A06000EBE30992A683F110D05706F696E740CFFFFFFFF04FFFFFFFF0CFFFF
310
FFFF13C8FFFFFFFFFF0B406566666666264D40666666666666FCBF110D05706F696E740CFFFFFFFF04FFFFFFFF0CFFFFFFFF130000000000C058406666666666C64D406866666666A62B40110D05706F696E740CFFFFFFFF04FFFFFFFF0CFFFFFFFF1300000000000000006666666666C64D406866666666A62B40110D0663
310
6F656467650CFFFFFFFF04FFFFFFFF0CFFFFFFFF0C940600000C9F0500000CA20500000C3D0600000B0C3806000004000000000CFFFFFFFF110D046C6F6F700CFFFFFFFF04FFFFFFFF0CFFFFFFFF0CFFFFFFFF0C040600000C20060000110E04445849440D066174747269620CFFFFFFFF04FFFFFFFF0CFFFFFFFF0CFFFFFF
310
FF0CA0050000071241534D5F454447455F46524F4D5F535445500703323836110E0873747261696768740D0563757276650CFFFFFFFF04FFFFFFFF0CFFFFFFFF130700000000000C406566666666264D405B6666666666FC3F140000000000408FC0000000000000000000000000000000000A0603AAF1D24D6260BF0A0600
310
00000000000000110E04445849440D066174747269620CFFFFFFFF04FFFFFFFF0CFFFFFFFF0CFFFFFFFF0CA1050000071241534D5F454447455F46524F4D5F53544550070432333834110E0873747261696768740D0563757276650CFFFFFFFF04FFFFFFFF0CFFFFFFFF130700000000000C406566666666264D40FEFFFFFF
310
FF7F1D40140000000000408F40000000000000000000000000000000000A0600000000000000000A0603AAF1D24D62603F110D04656467650CAD06000004FFFFFFFF0CFFFFFFFF0CA50500000600000000000000000CAE06000006000EBE30992A683F0C370600000CAF0600000B0707756E6B6E6F776E110D05706F696E74
310
0CFFFFFFFF04FFFFFFFF0CFFFFFFFF1307000000000016406566666666264D40FEFFFFFFFF7F1D40110D05706F696E740CFFFFFFFF04FFFFFFFF0CFFFFFFFF1307000000000016406566666666264D405B6666666666FC3F110E04445849440D066174747269620CFFFFFFFF04FFFFFFFF0CFFFFFFFF0CFFFFFFFF0CAA0500
310
00071241534D5F454447455F46524F4D5F5354455007023837110D067665727465780CFFFFFFFF04FFFFFFFF0CFFFFFFFF0C2B06000004010000000CB0060000110E0873747261696768740D0563757276650CFFFFFFFF04FFFFFFFF0CFFFFFFFF13E6FFFFFFFFFF15406566666666264D40666666666666FCBF1400000000
310
000000000000000000408F4000000000000000000A0600000000000000000A06000EBE30992A683F110D06636F656467650CFFFFFFFF04FFFFFFFF0CFFFFFFFF0CB10600000CAC0500000C800600000CB20600000B0CAE05000004000000000CFFFFFFFF110D06636F656467650CFFFFFFFF04FFFFFFFF0CFFFFFFFF0CAD05
310
00000CB10600000CA00600000CB30600000B0CAE05000004000000000CFFFFFFFF110D04666163650CB406000004FFFFFFFF0CFFFFFFFF0CB30500000CAE0500000C050000000CFFFFFFFF0CB50600000B0B110D06636F656467650CFFFFFFFF04FFFFFFFF0CFFFFFFFF0CBF0500000C800600000CB10500000C470600000A
310
0CD000000004000000000CFFFFFFFF110D04656467650CB606000004FFFFFFFF0CFFFFFFFF0CC205000006ECA9F1D24D6260BF0C490600000600000000000000000C460600000CB70600000B0707756E6B6E6F776E110E04445849440D066174747269620CFFFFFFFF04FFFFFFFF0CFFFFFFFF0CFFFFFFFF0CB20500000712
310
41534D5F454447455F46524F4D5F53544550070432303937110D067665727465780CFFFFFFFF04FFFFFFFF0CFFFFFFFF0CB206000004000000000CB8060000110E0873747261696768740D0563757276650CFFFFFFFF04FFFFFFFF0CFFFFFFFF130200000000E057406566666666264D40666666666666FCBF140000000000
310
0000000000000000408F4000000000000000000A0600000000000000000A06000EBE30992A683F110E04445849440D066174747269620CFFFFFFFF04FFFFFFFF0CFFFFFFFF0CFFFFFFFF0CB3050000071241534D5F464143455F46524F4D5F535445500712445F7261696C496E6E657231382D32313530110E05706C616E65
310
0D07737572666163650CFFFFFFFF04FFFFFFFF0CFFFFFFFF130200000000E057406566666666264D40666666666666FCBF1400000000000000000000000000000000000000000000F0BF14000000000000F0BF000000000000000000000000000000000B0B0B0B0B110D06636F656467650CFFFFFFFF04FFFFFFFF0CFFFFFF
310
FF0CA00600000CBA0500000CB50500000C4E0600000A0CD000000004000000000CFFFFFFFF110D04656467650CB906000004FFFFFFFF0CFFFFFFFF0C500600000600000000000000000CBD05000006ECA9F1D24D62603F0C4D0600000CBA0600000B0707756E6B6E6F776E110E04445849440D066174747269620CFFFFFFFF
310
04FFFFFFFF0CFFFFFFFF0CFFFFFFFF0CB6050000071241534D5F454447455F46524F4D5F53544550070431333530110D067665727465780CFFFFFFFF04FFFFFFFF0CFFFFFFFF0C4E06000004000000000CBB060000110E0873747261696768740D0563757276650CFFFFFFFF04FFFFFFFF0CFFFFFFFF130200000000E05740
310
6566666666264D400000000000801DC01400000000000000000000000000408F4000000000000000000A0600000000000000000A06000EBE30992A683F110E04445849440D066174747269620CFFFFFFFF04FFFFFFFF0CFFFFFFFF0CFFFFFFFF0CB7050000071241534D5F464143455F46524F4D5F535445500712445F7261
310
696C496E6E657231382D31303032110E05706C616E650D07737572666163650CFFFFFFFF04FFFFFFFF0CFFFFFFFF130200000000E057406566666666264D400000000000801DC01400000000000000000000000000000000000000000000F03F14000000000000F03F000000000000000000000000000000000B0B0B0B0B11
310
0D06636F656467650CFFFFFFFF04FFFFFFFF0CFFFFFFFF0CBC0600000CBD0600000CB90500000C550600000B0C6206000004000000000CFFFFFFFF110D04656467650CBE06000004FFFFFFFF0CFFFFFFFF0C5D06000006182D4454FB2109C00C580600000600000000000000000CB90500000CBF0600000B0707756E6B6E6F
310
776E110D06636F656467650CFFFFFFFF04FFFFFFFF0CFFFFFFFF0CBA0500000CC00600000CBC0600000CC10600000A0CD000000004000000000CFFFFFFFF110E04445849440D066174747269620CFFFFFFFF04FFFFFFFF0CFFFFFFFF0CFFFFFFFF0CBB050000071241534D5F454447455F46524F4D5F535445500704313938
310
35110D067665727465780CFFFFFFFF04FFFFFFFF0CFFFFFFFF0CC106000004000000000CC2060000110E0873747261696768740D0563757276650CFFFFFFFF04FFFFFFFF0CFFFFFFFF1302000000006057400000000000A04E40666666666666FCBF14000000000000000000000000000000000000000000408F400A06C8BA
310
B88D06F076BF0A06C117265305A372BF110D05706F696E740CFFFFFFFF04FFFFFFFF0CFFFFFFFF1302000000006057400000000000A04E400000000000801DC0110D06636F656467650CFFFFFFFF04FFFFFFFF0CFFFFFFFF0CC00600000CBF0500000CBD0600000CC30600000A0CD000000004000000000CFFFFFFFF110E04
310
445849440D066174747269620CFFFFFFFF04FFFFFFFF0CFFFFFFFF0CFFFFFFFF0CC0050000071241534D5F454447455F46524F4D5F53544550070431343535110D067665727465780CFFFFFFFF04FFFFFFFF0CFFFFFFFF0CC005000004000000000CC4060000110E0873747261696768740D0563757276650CFFFFFFFF04FF
310
FFFFFF0CFFFFFFFF1302000000006057400000000000A04E40666666666666FCBF14000000000000000000000000000000000000000000408F400A06088C4AEA043451BF0A060000000000000000110D05706F696E740CFFFFFFFF04FFFFFFFF0CFFFFFFFF1302000000006057400000000000A04E40666666666666FCBF11
310
0E04445849440D066174747269620CFFFFFFFF04FFFFFFFF0CFFFFFFFF0CFFFFFFFF0CC5050000071241534D5F464143455F46524F4D5F535445500712445F7261696C496E6E657231382D31353034110D04666163650CC506000004FFFFFFFF0CFFFFFFFF0CB70500000CC60600000C050000000CFFFFFFFF0CC70600000A
310
0B110D046C6F6F700CFFFFFFFF04FFFFFFFF0CFFFFFFFF0CFFFFFFFF0CC80600000CC5050000110E04636F6E650D07737572666163650CFFFFFFFF04FFFFFFFF0CFFFFFFFF1301000000000057400000000000A04E40CBCCCCCCCC4C12C014000000000000F03F000000000000000000000000000000001400000000000000
310
000000000000000000030000000000FCBF06000000000000F03F0B0B06000000000000000006000000000000F03F06030000000000FC3F0B0B0B0B0B110D06636F656467650CFFFFFFFF04FFFFFFFF0CFFFFFFFF0CE70500000CCC0500000CC70500000C650600000A0CD000000004000000000CFFFFFFFF110D0465646765
310
0CC906000004FFFFFFFF0CFFFFFFFF0CEA05000006C317265305A3723F0CCF05000006C8BAB88D06F0763F0C640600000CCA0600000B0707756E6B6E6F776E110E04445849440D066174747269620CFFFFFFFF04FFFFFFFF0CFFFFFFFF0CFFFFFFFF0CCD050000071241534D5F454447455F46524F4D5F5354455007033136
310
38110E0873747261696768740D0563757276650CFFFFFFFF04FFFFFFFF0CFFFFFFFF130000000000E057400000000000A04E405B6666666666FC3F140000000000408FC0000000000000000000000000000000000A0600000000000000000A0614AAF1D24D62603F110D05706F696E740CFFFFFFFF04FFFFFFFF0CFFFFFFFF
310
130000000000E057400000000000A04E405B6666666666FC3F110E04445849440D066174747269620CFFFFFFFF04FFFFFFFF0CFFFFFFFF0CFFFFFFFF0CD2050000071241534D5F464143455F46524F4D5F535445500711445F7261696C496E6E657231382D383531110D046C6F6F700CFFFFFFFF04FFFFFFFF0CFFFFFFFF0C
310
FFFFFFFF0CCB0600000CD2050000110E04636F6E650D07737572666163650CFFFFFFFF04FFFFFFFF0CFFFFFFFF1301000000000057400000000000A04E40CBCCCCCCCC4C12C014000000000000F03F000000000000000000000000000000001400000000000000000000000000000000030000000000FCBF06000000000000
310
F03F0B0B06000000000000000006000000000000F03F06030000000000FC3F0B0B0B0B0B110D06636F656467650CFFFFFFFF04FFFFFFFF0CFFFFFFFF0C780600000CD40500000CD60500000C710600000B0CE205000004000000000CFFFFFFFF110D06636F656467650CFFFFFFFF04FFFFFFFF0CFFFFFFFF0CD40500000C78
310
0600000CDB0500000C730600000B0CE205000004000000000CFFFFFFFF110E04445849440D066174747269620CFFFFFFFF04FFFFFFFF0CFFFFFFFF0CFFFFFFFF0CD5050000071241534D5F454447455F46524F4D5F53544550070431313939110E07656C6C697073650D0563757276650CFFFFFFFF04FFFFFFFF0CFFFFFFFF
310
1300000000006057400000000000A04E40CBCCCCCCCC4C124014000000000000F03F000000000000000000000000000000001400000000000000000000000000000000060000000000FCBF06000000000000F03F0A06182D4454FB2109C00A060000000000000000110D06636F656467650CFFFFFFFF04FFFFFFFF0CFFFFFF
310
FF0CD60500000CDB0500000CCC0600000CCD0600000A0CD000000004000000000CFFFFFFFF110D04656467650CCE06000004FFFFFFFF0CFFFFFFFF0CD805000006B87E6ABC749358BF0CCF0600000600000000000000000CD60500000CD00600000B0707756E6B6E6F776E110D05706F696E740CFFFFFFFF04FFFFFFFF0CFF
310
FFFFFF1300000000006057400000000000A04E409399999999990640110D04656467650CD106000004FFFFFFFF0CFFFFFFFF0CD20600000600000000000000000CDD05000006B87E6ABC7493583F0CDB0500000CD30600000B0707756E6B6E6F776E110D05706F696E740CFFFFFFFF04FFFFFFFF0CFFFFFFFF130000000000
310
6057400000000000A04E40CCCCCCCCCC4C1940110E04445849440D066174747269620CFFFFFFFF04FFFFFFFF0CFFFFFFFF0CFFFFFFFF0CE1050000071241534D5F464143455F46524F4D5F535445500712445F7261696C496E6E657231382D32353833110D046C6F6F700CFFFFFFFF04FFFFFFFF0CFFFFFFFF0CFFFFFFFF0C
310
D40600000CE1050000110E05706C616E650D07737572666163650CFFFFFFFF04FFFFFFFF0CFFFFFFFF1301000000000057400000000000A04E40CBCCCCCCCC4C124014000000000000F03F000000000000000000000000000000001400000000000000000000000000000000000000000000F03F0B0B0B0B0B110D06636F65
310
6467650CFFFFFFFF04FFFFFFFF0CFFFFFFFF0C6D0600000C6C0600000CD40600000CD50600000B0CE205000004000000000CFFFFFFFF110E04445849440D066174747269620CFFFFFFFF04FFFFFFFF0CFFFFFFFF0CFFFFFFFF0CE8050000071241534D5F454447455F46524F4D5F53544550070431363335110E0873747261
310
696768740D0563757276650CFFFFFFFF04FFFFFFFF0CFFFFFFFF1301000000000057400000000000A04E409399999999990640140000000000408FC0000000000000000000000000000000000A0671E9263108AC7CBF0A0671E9263108AC6CBF110D05706F696E740CFFFFFFFF04FFFFFFFF0CFFFFFFFF130000000000E057
310
400000000000A04E409399999999990640110D06636F656467650CFFFFFFFF04FFFFFFFF0CFFFFFFFF0CCB0600000CEC0500000C170600000CA10600000B0C6A06000004000000000CFFFFFFFF110D06636F656467650CFFFFFFFF04FFFFFFFF0CFFFFFFFF0CEC0500000CCB0600000CEE0500000C810600000B0C6A060000
310
04000000000CFFFFFFFF110E04445849440D066174747269620CFFFFFFFF04FFFFFFFF0CFFFFFFFF0CFFFFFFFF0CED050000071241534D5F454447455F46524F4D5F53544550070431363833110E07656C6C697073650D0563757276650CFFFFFFFF04FFFFFFFF0CFFFFFFFF130000000000C058400000000000A04E40CBCC
310
CCCCCC4C12C014000000000000F0BF000000000000008000000000000000801400000000000000000000000000000000030000000000FCBF06000000000000F03F0A0600000000000000000A06182D4454FB210940110D06636F656467650CFFFFFFFF04FFFFFFFF0CFFFFFFFF0C460600000CEE0500000C430600000CB206
310
00000A0CD000000004000000000CFFFFFFFF110D04656467650CD606000004FFFFFFFF0CFFFFFFFF0CD7060000069AE9263108AC6C3F0CF00500000671E9263108AC7C3F0CEE0500000CD80600000B0707756E6B6E6F776E110D05706F696E740CFFFFFFFF04FFFFFFFF0CFFFFFFFF130000000000C058400000000000A04E
310
4093999999999906C0110D06636F656467650CFFFFFFFF04FFFFFFFF0CFFFFFFFF0CF30500000C0A0600000CFC0500000C8E0600000B0CD000000004000000000CFFFFFFFF110D06636F656467650CFFFFFFFF04FFFFFFFF0CFFFFFFFF0CF70500000CF60500000CF30500000C850600000A0CF805000004000000000CFFFF
310
FFFF110D04656467650CD906000004FFFFFFFF0CFFFFFFFF0C9006000006FB7E6ABC749358BF0C890600000600000000000000000CF30500000CDA0600000B0707756E6B6E6F776E110D06636F656467650CFFFFFFFF04FFFFFFFF0CFFFFFFFF0CF40500000CF40500000CF60500000C8B0600000B0C870600000400000000
310
0CFFFFFFFF110D046C6F6F700CFFFFFFFF04FFFFFFFF0CFFFFFFFF0CFFFFFFFF0C860600000CA4060000110E04445849440D066174747269620CFFFFFFFF04FFFFFFFF0CFFFFFFFF0CFFFFFFFF0CF5050000071241534D5F454447455F46524F4D5F53544550070431323837110D067665727465780CFFFFFFFF04FFFFFFFF
310
0CFFFFFFFF0C8506000004010000000CDB060000110E0873747261696768740D0563757276650CFFFFFFFF04FFFFFFFF0CFFFFFFFF130700000000001C400000000000A04E40CBCCCCCCCC4C124014000000000000000000000000000000000000000000408F400A0680E9263108AC5CBF0A067DE9263108AC5C3F110D0465
310
6467650CDC06000004FFFFFFFF0CFFFFFFFF0C8906000006182D4454FB2109C00CFA0500000600000000000000000C860600000CDD0600000B0707756E6B6E6F776E110D04666163650CDE06000004FFFFFFFF0CFFFFFFFF0CFE0500000CF80500000C050000000CFFFFFFFF0CDF0600000A0B110D05706F696E740CFFFFFF
310
FF04FFFFFFFF0CFFFFFFFF130700000000001C400000000000A04E40CCCCCCCCCC4C1940110D04656467650CE006000004FFFFFFFF0CFFFFFFFF0CAE06000006C8BAB88D06F076BF0C9006000006C317265305A372BF0C830600000CE10600000B0707756E6B6E6F776E110E04445849440D066174747269620CFFFFFFFF04
310
FFFFFFFF0CFFFFFFFF0CFFFFFFFF0CFD050000071241534D5F454447455F46524F4D5F53544550070431393036110D067665727465780CFFFFFFFF04FFFFFFFF0CFFFFFFFF0C8E06000004010000000CE2060000110E07656C6C697073650D0563757276650CFFFFFFFF04FFFFFFFF0CFFFFFFFF1307000000000016400000
310
000000A04E40CBCCCCCCCC4C124014000000000000F03F000000000000000000000000000000001400000000000000000000000000000000060000000000FCBF06000000000000F03F0A06182D4454FB2109C00A060000000000000000110E04445849440D066174747269620CFFFFFFFF04FFFFFFFF0CFFFFFFFF0CFFFFFF
310
FF0CFE050000071241534D5F464143455F46524F4D5F535445500712445F7261696C496E6E657231382D31383333110E05706C616E650D07737572666163650CFFFFFFFF04FFFFFFFF0CFFFFFFFF1307000000000016406566666666264D40FEFFFFFFFF7F1D4014000000000000F0BF000000000000000000000000000000
310
001400000000000000000000000000000000000000000000F0BF0B0B0B0B0B110D06636F656467650CFFFFFFFF04FFFFFFFF0CFFFFFFFF0C040600000C370600000C0A0600000C980600000A0C3806000004000000000CFFFFFFFF110E04445849440D066174747269620CFFFFFFFF04FFFFFFFF0CFFFFFFFF0CFFFFFFFF0C
310
05060000071241534D5F454447455F46524F4D5F53544550070431343837110E0873747261696768740D0563757276650CFFFFFFFF04FFFFFFFF0CFFFFFFFF130700000000000C406566666666264D405B6666666666FC3F1400000000000000000000000000408F4000000000000000000A0600000000000000000A06000E
310
BE30992A683F110D05706F696E740CFFFFFFFF04FFFFFFFF0CFFFFFFFF130700000000000C406566666666264D405B6666666666FC3F110D04656467650CE306000004FFFFFFFF0CFFFFFFFF0C0C0600000600000000000000000CAE0600000603AAF1D24D62603F0C0A0600000CE40600000B0707756E6B6E6F776E110D05
310
706F696E740CFFFFFFFF04FFFFFFFF0CFFFFFFFF130700000000000C400000000000A04E405B6666666666FC3F110E04445849440D066174747269620CFFFFFFFF04FFFFFFFF0CFFFFFFFF0CFFFFFFFF0C10060000071241534D5F454447455F46524F4D5F53544550070431343336110E0873747261696768740D05637572
310
76650CFFFFFFFF04FFFFFFFF0CFFFFFFFF130700000000001C400000000000A04E40CCCCCCCCCC4C19C0140000000000408F40000000000000000000000000000000000A0680E9263108AC7CBF0A06C0E9263108AC6CBF110D04656467650CE506000004FFFFFFFF0CFFFFFFFF0C410600000600AAF1D24D6260BF0C320600
310
000600000000000000000C120600000CE60600000B0707756E6B6E6F776E110E04445849440D066174747269620CFFFFFFFF04FFFFFFFF0CFFFFFFFF0CFFFFFFFF0C13060000071241534D5F454447455F46524F4D5F5354455007023230110E0873747261696768740D0563757276650CFFFFFFFF04FFFFFFFF0CFFFFFFFF
310
13C8FFFFFFFFFF0B400000000000A04E40666666666666FCBF14000000000000000000000000000000000000000000408FC00A0600000000000000000A06088C4AEA0434513F110D05706F696E740CFFFFFFFF04FFFFFFFF0CFFFFFFFF13C8FFFFFFFFFF0B400000000000A04E4093999999999906C0110D06636F65646765
310
0CFFFFFFFF04FFFFFFFF0CFFFFFFFF0C170600000C4D0600000C440600000CB30600000A0CD000000004000000000CFFFFFFFF110D04656467650CE706000004FFFFFFFF0CFFFFFFFF0C190600000671E9263108AC7CBF0CE8060000069AE9263108AC6CBF0C170600000CE90600000B0707756E6B6E6F776E110D05706F69
310
6E740CFFFFFFFF04FFFFFFFF0CFFFFFFFF130000000000C058400000000000A04E40CCCCCCCCCC4C19C0110E04445849440D066174747269620CFFFFFFFF04FFFFFFFF0CFFFFFFFF0CFFFFFFFF0C20060000071241534D5F464143455F46524F4D5F535445500711445F7261696C496E6E657231382D343636110D04666163
310
650CEA06000004FFFFFFFF0CFFFFFFFF0C8C0600000C870600000C050000000CFFFFFFFF0CEB0600000B0B110E05706C616E650D07737572666163650CFFFFFFFF04FFFFFFFF0CFFFFFFFF130700000000000C406566666666264D405B6666666666FC3F1400000000000000000000000000000000000000000000F03F1400
310
0000000000F0BF000000000000000000000000000000000B0B0B0B0B110E04445849440D066174747269620CFFFFFFFF04FFFFFFFF0CFFFFFFFF0CFFFFFFFF0C24060000071241534D5F454447455F46524F4D5F53544550070431363838110E07656C6C697073650D0563757276650CFFFFFFFF04FFFFFFFF0CFFFFFFFF13
310
E6FFFFFFFFFF15400000000000A04E40CBCCCCCCCC4C12C014000000000000F03F000000000000000000000000000000001400000000000000000000000000000000030000000000FCBF06000000000000F03F0A06182D4454FB2109C00A060000000000000000110D05706F696E740CFFFFFFFF04FFFFFFFF0CFFFFFFFF13
310
E6FFFFFFFFFF15400000000000A04E40CCCCCCCCCC4C19C0110D05706F696E740CFFFFFFFF04FFFFFFFF0CFFFFFFFF13E6FFFFFFFFFF15400000000000A04E4093999999999906C0110E04445849440D066174747269620CFFFFFFFF04FFFFFFFF0CFFFFFFFF0CFFFFFFFF0C2B060000071241534D5F454447455F46524F4D
310
5F53544550070431323334110E0873747261696768740D0563757276650CFFFFFFFF04FFFFFFFF0CFFFFFFFF13E6FFFFFFFFFF15400000000000A04E40666666666666FCBF14000000000000000000000000000000000000000000408F400A06088C4AEA043451BF0A060000000000000000110D05706F696E740CFFFFFFFF
310
04FFFFFFFF0CFFFFFFFF13C8FFFFFFFFFF0B400000000000A04E40666666666666FCBF110E04445849440D066174747269620CFFFFFFFF04FFFFFFFF0CFFFFFFFF0CFFFFFFFF0C3D060000071241534D5F454447455F46524F4D5F53544550070432333032110D067665727465780CFFFFFFFF04FFFFFFFF0CFFFFFFFF0C98
310
06000004010000000CEC060000110E0873747261696768740D0563757276650CFFFFFFFF04FFFFFFFF0CFFFFFFFF1307000000000016406566666666264D405B6666666666FC3F1400000000000000000000000000408F4000000000000000000A0600000000000000000A06000EBE30992A683F110D05706F696E740CFFFF
310
FFFF04FFFFFFFF0CFFFFFFFF13E6FFFFFFFFFF15400000000000A04E40666666666666FCBF110D06636F656467650CFFFFFFFF04FFFFFFFF0CFFFFFFFF0C440600000C430600000CCB0600000CED0600000A0CAE05000004000000000CFFFFFFFF110D04656467650CEE06000004FFFFFFFF0CFFFFFFFF0C49060000060000
310
0000000000000CD706000006088C4AEA0434513F0C800600000CEF0600000B0707756E6B6E6F776E110D04656467650CF006000004FFFFFFFF0CFFFFFFFF0CE806000006C117265305A3723F0C5006000006C8BAB88D06F0763F0CA00600000CF10600000B0707756E6B6E6F776E110E04445849440D066174747269620CFF
310
FFFFFF04FFFFFFFF0CFFFFFFFF0CFFFFFFFF0C45060000071241534D5F464143455F46524F4D5F535445500712445F7261696C496E6E657231382D32363637110E05706C616E650D07737572666163650CFFFFFFFF04FFFFFFFF0CFFFFFFFF130200000000E057406566666666264D40666666666666FCBF14000000000000
310
F0BF000000000000000000000000000000001400000000000000000000000000000000000000000000F03F0B0B0B0B0B110E04445849440D066174747269620CFFFFFFFF04FFFFFFFF0CFFFFFFFF0CFFFFFFFF0C47060000071241534D5F454447455F46524F4D5F53544550070431333034110E0873747261696768740D05
310
63757276650CFFFFFFFF04FFFFFFFF0CFFFFFFFF130200000000E057400000000000A04E40666666666666FCBF140000000000408F40000000000000000000000000000000000A06ECA9F1D24D6260BF0A060000000000000000110D05706F696E740CFFFFFFFF04FFFFFFFF0CFFFFFFFF130200000000E057400000000000
310
A04E40666666666666FCBF110E04445849440D066174747269620CFFFFFFFF04FFFFFFFF0CFFFFFFFF0CFFFFFFFF0C4E060000071241534D5F454447455F46524F4D5F53544550070431353830110E0873747261696768740D0563757276650CFFFFFFFF04FFFFFFFF0CFFFFFFFF130200000000E057400000000000A04E40
310
0000000000801DC0140000000000408FC0000000000000000000000000000000000A0600000000000000000A06ECA9F1D24D62603F110D05706F696E740CFFFFFFFF04FFFFFFFF0CFFFFFFFF130200000000E057400000000000A04E400000000000801DC0110D06636F656467650CFFFFFFFF04FFFFFFFF0CFFFFFFFF0CC8
310
0600000C540600000C560600000CC10600000B0C6206000004000000000CFFFFFFFF110D06636F656467650CFFFFFFFF04FFFFFFFF0CFFFFFFFF0C540600000CC80600000C5B0600000CC30600000B0C6206000004000000000CFFFFFFFF110E04445849440D066174747269620CFFFFFFFF04FFFFFFFF0CFFFFFFFF0CFFFF
310
FFFF0C55060000071241534D5F454447455F46524F4D5F535445500703313737110E07656C6C697073650D0563757276650CFFFFFFFF04FFFFFFFF0CFFFFFFFF1302000000006057400000000000A04E40CBCCCCCCCC4C12C014000000000000F03F0000000000000000000000000000000014000000000000000000000000
310
00000000030000000000FCBF06000000000000F03F0A06182D4454FB2109C00A060000000000000000110D06636F656467650CFFFFFFFF04FFFFFFFF0CFFFFFFFF0C560600000C5B0600000CF20600000CF30600000B0CD000000004000000000CFFFFFFFF110D04656467650CF406000004FFFFFFFF0CFFFFFFFF0C580600
310
00065C7F6ABC749358BF0CF50600000600000000000000000C560600000CF60600000B0707756E6B6E6F776E110D05706F696E740CFFFFFFFF04FFFFFFFF0CFFFFFFFF1302000000006057400000000000A04E40CCCCCCCCCC4C19C0110D04656467650CF706000004FFFFFFFF0CFFFFFFFF0CF80600000600000000000000
310
000C5D060000065C7F6ABC7493583F0C5B0600000CF90600000B0707756E6B6E6F776E110D05706F696E740CFFFFFFFF04FFFFFFFF0CFFFFFFFF1302000000006057400000000000A04E4093999999999906C0110E04445849440D066174747269620CFFFFFFFF04FFFFFFFF0CFFFFFFFF0CFFFFFFFF0C6106000007124153
310
4D5F464143455F46524F4D5F535445500710445F7261696C496E6E657231382D3332110D046C6F6F700CFFFFFFFF04FFFFFFFF0CFFFFFFFF0CFFFFFFFF0CF20600000C61060000110E05706C616E650D07737572666163650CFFFFFFFF04FFFFFFFF0CFFFFFFFF1301000000000057400000000000A04E40CBCCCCCCCC4C12
310
C014000000000000F0BF000000000000000000000000000000001400000000000000000000000000000000000000000000F0BF0B0B0B0B0B110D06636F656467650CFFFFFFFF04FFFFFFFF0CFFFFFFFF0CBD0600000CBC0600000CFA0600000CFB0600000B0C6206000004000000000CFFFFFFFF110E04445849440D066174
310
747269620CFFFFFFFF04FFFFFFFF0CFFFFFFFF0CFFFFFFFF0C65060000071241534D5F454447455F46524F4D5F535445500703393836110E0873747261696768740D0563757276650CFFFFFFFF04FFFFFFFF0CFFFFFFFF130000000000E057400000000000A04E40FEFFFFFFFF7F1D40140000000000000000000000000000
310
00000000000000408FC00A06C317265305A3723F0A06C8BAB88D06F0763F110D06636F656467650CFFFFFFFF04FFFFFFFF0CFFFFFFFF0C7D0600000C7C0600000CB10600000CED0600000B0C6A06000004000000000CFFFFFFFF110D06636F656467650CFFFFFFFF04FFFFFFFF0CFFFFFFFF0CD40600000CD40600000C7006
310
00000CCD0600000B0C7606000004000000000CFFFFFFFF110D04656467650CFC06000004FFFFFFFF0CFFFFFFFF0CCF0600000680E9263108AC5CBF0CD2060000067DE9263108AC5C3F0C700600000CFD0600000B0707756E6B6E6F776E110E04445849440D066174747269620CFFFFFFFF04FFFFFFFF0CFFFFFFFF0CFFFFFF
310
FF0C71060000071241534D5F454447455F46524F4D5F53544550070432333939110D067665727465780CFFFFFFFF04FFFFFFFF0CFFFFFFFF0CCD06000004000000000CFE060000110E0873747261696768740D0563757276650CFFFFFFFF04FFFFFFFF0CFFFFFFFF1301000000000057400000000000A04E40939999999999
310
0640140000000000408FC0000000000000000000000000000000000A06B87E6ABC749358BF0A060000000000000000110E04445849440D066174747269620CFFFFFFFF04FFFFFFFF0CFFFFFFFF0CFFFFFFFF0C73060000071241534D5F454447455F46524F4D5F53544550070431313431110D067665727465780CFFFFFFFF
310
04FFFFFFFF0CFFFFFFFF0C7306000004000000000CFF060000110E0873747261696768740D0563757276650CFFFFFFFF04FFFFFFFF0CFFFFFFFF1301000000000057400000000000A04E40CCCCCCCCCC4C1940140000000000408F40000000000000000000000000000000000A0600000000000000000A06B87E6ABC749358
310
3F110D06636F656467650CFFFFFFFF04FFFFFFFF0CFFFFFFFF0CCC0600000CCC0600000C780600000CD50600000A0C7606000004000000000CFFFFFFFF110D04656467650C0007000004FFFFFFFF0CFFFFFFFF0CCF06000006182D4454FB2109C00CD20600000600000000000000000C780600000C010700000B0707756E6B
310
6E6F776E110E04445849440D066174747269620CFFFFFFFF04FFFFFFFF0CFFFFFFFF0CFFFFFFFF0C81060000071241534D5F454447455F46524F4D5F53544550070432343336110D067665727465780CFFFFFFFF04FFFFFFFF0CFFFFFFFF0C8106000004000000000C02070000110E0873747261696768740D056375727665
310
0CFFFFFFFF04FFFFFFFF0CFFFFFFFF1301000000000057400000000000A04E4093999999999906C0140000000000408F40000000000000000000000000000000000A069AE9263108AC6C3F0A0671E9263108AC7C3F110E04445849440D066174747269620CFFFFFFFF04FFFFFFFF0CFFFFFFFF0CFFFFFFFF0C850600000712
310
41534D5F454447455F46524F4D5F53544550070431343439110E0873747261696768740D0563757276650CFFFFFFFF04FFFFFFFF0CFFFFFFFF130700000000001C400000000000A04E409399999999990640140000000000408F40000000000000000000000000000000000A06FB7E6ABC749358BF0A060000000000000000
310
110D05706F696E740CFFFFFFFF04FFFFFFFF0CFFFFFFFF130700000000001C400000000000A04E409399999999990640110E04445849440D066174747269620CFFFFFFFF04FFFFFFFF0CFFFFFFFF0CFFFFFFFF0C8B060000071241534D5F454447455F46524F4D5F53544550070431343431110E07656C6C697073650D0563
310
757276650CFFFFFFFF04FFFFFFFF0CFFFFFFFF130700000000001C400000000000A04E40CBCCCCCCCC4C124014000000000000F0BF000000000000000000000000000000001400000000000000000000000000000000030000000000FC3F06000000000000F03F0A06182D4454FB2109C00A060000000000000000110E0444
310
5849440D066174747269620CFFFFFFFF04FFFFFFFF0CFFFFFFFF0CFFFFFFFF0C8C060000071241534D5F464143455F46524F4D5F535445500712445F7261696C496E6E657231382D31303037110E04636F6E650D07737572666163650CFFFFFFFF04FFFFFFFF0CFFFFFFFF130700000000001C400000000000A04E40CBCCCC
310
CCCC4C124014000000000000F0BF000000000000000000000000000000001400000000000000000000000000000000060000000000FCBF06000000000000F03F0B0B06000000000000000006000000000000F03F06060000000000FC3F0B0B0B0B0B110E04445849440D066174747269620CFFFFFFFF04FFFFFFFF0CFFFFFF
310
FF0CFFFFFFFF0C8E060000071241534D5F454447455F46524F4D5F53544550070432303335110E0873747261696768740D0563757276650CFFFFFFFF04FFFFFFFF0CFFFFFFFF1307000000000016400000000000A04E40FEFFFFFFFF7F1D4014000000000000000000000000000000000000000000408F400A06C8BAB88D06
310
F076BF0A06C317265305A372BF110D05706F696E740CFFFFFFFF04FFFFFFFF0CFFFFFFFF1307000000000016400000000000A04E409399999999990640110E04445849440D066174747269620CFFFFFFFF04FFFFFFFF0CFFFFFFFF0CFFFFFFFF0C98060000071241534D5F454447455F46524F4D5F53544550070334383111
310
0E0873747261696768740D0563757276650CFFFFFFFF04FFFFFFFF0CFFFFFFFF130700000000000C400000000000A04E405B6666666666FC3F140000000000408F40000000000000000000000000000000000A0600000000000000000A0603AAF1D24D62603F110E04445849440D066174747269620CFFFFFFFF04FFFFFFFF
310
0CFFFFFFFF0CFFFFFFFF0C9C060000071241534D5F454447455F46524F4D5F535445500703363632110E0873747261696768740D0563757276650CFFFFFFFF04FFFFFFFF0CFFFFFFFF13C8FFFFFFFFFF0B400000000000A04E40666666666666FCBF140000000000408FC0000000000000000000000000000000000A0600AA
310
F1D24D6260BF0A060000000000000000110E04445849440D066174747269620CFFFFFFFF04FFFFFFFF0CFFFFFFFF0CFFFFFFFF0CA1060000071241534D5F454447455F46524F4D5F53544550070432333336110D067665727465780CFFFFFFFF04FFFFFFFF0CFFFFFFFF0CB306000004000000000C03070000110E08737472
310
61696768740D0563757276650CFFFFFFFF04FFFFFFFF0CFFFFFFFF1301000000000057400000000000A04E40CCCCCCCCCC4C19C0140000000000408FC0000000000000000000000000000000000A0671E9263108AC7CBF0A069AE9263108AC6CBF110E04445849440D066174747269620CFFFFFFFF04FFFFFFFF0CFFFFFFFF
310
0CFFFFFFFF0CA4060000071241534D5F464143455F46524F4D5F535445500712445F7261696C496E6E657231382D31383330110E05706C616E650D07737572666163650CFFFFFFFF04FFFFFFFF0CFFFFFFFF130700000000001C400000000000A04E40CBCCCCCCCC4C124014000000000000F0BF0000000000000000000000
310
00000000001400000000000000000000000000000000000000000000F03F0B0B0B0B0B110D05706F696E740CFFFFFFFF04FFFFFFFF0CFFFFFFFF1307000000000016400000000000A04E405B6666666666FC3F110D04656467650C0407000004FFFFFFFF0CFFFFFFFF0CE806000006182D4454FB2109C00CD7060000060000
310
0000000000000CCB0600000C050700000B0707756E6B6E6F776E110E04445849440D066174747269620CFFFFFFFF04FFFFFFFF0CFFFFFFFF0CFFFFFFFF0CB2060000071241534D5F454447455F46524F4D5F535445500703383238110E0873747261696768740D0563757276650CFFFFFFFF04FFFFFFFF0CFFFFFFFF130200
310
000000E057400000000000A04E40666666666666FCBF14000000000000000000000000000000000000000000408FC00A0600000000000000000A06088C4AEA0434513F110E04445849440D066174747269620CFFFFFFFF04FFFFFFFF0CFFFFFFFF0CFFFFFFFF0CB3060000071241534D5F454447455F46524F4D5F53544550
310
070431323534110E0873747261696768740D0563757276650CFFFFFFFF04FFFFFFFF0CFFFFFFFF130200000000E057400000000000A04E40666666666666FCBF14000000000000000000000000000000000000000000408FC00A06C117265305A3723F0A06C8BAB88D06F0763F110D06636F656467650CFFFFFFFF04FFFFFF
310
FF0CFFFFFFFF0CFA0600000CFA0600000CC00600000CF30600000A0CC606000004000000000CFFFFFFFF110D04656467650C0607000004FFFFFFFF0CFFFFFFFF0CF80600000680E9263108AC5CBF0CF5060000067DE9263108AC5C3F0CC00600000C070700000B0707756E6B6E6F776E110E04445849440D06617474726962
310
0CFFFFFFFF04FFFFFFFF0CFFFFFFFF0CFFFFFFFF0CC1060000071241534D5F454447455F46524F4D5F53544550070431313835110D067665727465780CFFFFFFFF04FFFFFFFF0CFFFFFFFF0CF306000004010000000C08070000110E0873747261696768740D0563757276650CFFFFFFFF04FFFFFFFF0CFFFFFFFF13010000
310
00000057400000000000A04E40CCCCCCCCCC4C19C0140000000000408FC0000000000000000000000000000000000A065C7F6ABC749358BF0A060000000000000000110E04445849440D066174747269620CFFFFFFFF04FFFFFFFF0CFFFFFFFF0CFFFFFFFF0CC3060000071241534D5F454447455F46524F4D5F5354455007
310
0431303836110D067665727465780CFFFFFFFF04FFFFFFFF0CFFFFFFFF0CC306000004000000000C09070000110E0873747261696768740D0563757276650CFFFFFFFF04FFFFFFFF0CFFFFFFFF1301000000000057400000000000A04E4093999999999906C0140000000000408F4000000000000000000000000000000000
310
0A0600000000000000000A065C7F6ABC7493583F110D06636F656467650CFFFFFFFF04FFFFFFFF0CFFFFFFFF0CF20600000CF20600000CC80600000CFB0600000A0CC606000004000000000CFFFFFFFF110D04656467650C0A07000004FFFFFFFF0CFFFFFFFF0CF50600000600000000000000000CF806000006182D4454FB
310
2109400CC80600000C0B0700000B0707756E6B6E6F776E110E04445849440D066174747269620CFFFFFFFF04FFFFFFFF0CFFFFFFFF0CFFFFFFFF0CCD060000071241534D5F454447455F46524F4D5F535445500703373730110E0873747261696768740D0563757276650CFFFFFFFF04FFFFFFFF0CFFFFFFFF130100000000
310
0057400000000000A04E40CBCCCCCCCC4C124014000000000000000000000000000000000000000000408F400A0680E9263108AC5CBF0A067DE9263108AC5C3F110D05706F696E740CFFFFFFFF04FFFFFFFF0CFFFFFFFF1301000000000057400000000000A04E409399999999990640110D05706F696E740CFFFFFFFF04FF
310
FFFFFF0CFFFFFFFF1301000000000057400000000000A04E40CCCCCCCCCC4C1940110E04445849440D066174747269620CFFFFFFFF04FFFFFFFF0CFFFFFFFF0CFFFFFFFF0CD5060000071241534D5F454447455F46524F4D5F53544550070432323532110E07656C6C697073650D0563757276650CFFFFFFFF04FFFFFFFF0C
310
FFFFFFFF1301000000000057400000000000A04E40CBCCCCCCCC4C124014000000000000F0BF000000000000008000000000000000801400000000000000000000000000000000030000000000FC3F06000000000000F03F0A06182D4454FB2109C00A060000000000000000110D05706F696E740CFFFFFFFF04FFFFFFFF0C
310
FFFFFFFF130200000000E057400000000000A04E4093999999999906C0110D05706F696E740CFFFFFFFF04FFFFFFFF0CFFFFFFFF130200000000E057400000000000A04E40CCCCCCCCCC4C19C0110E04445849440D066174747269620CFFFFFFFF04FFFFFFFF0CFFFFFFFF0CFFFFFFFF0CED060000071241534D5F45444745
310
5F46524F4D5F53544550070431303537110E07656C6C697073650D0563757276650CFFFFFFFF04FFFFFFFF0CFFFFFFFF130200000000E057400000000000A04E40CBCCCCCCCC4C12C014000000000000F0BF000000000000000000000000000000001400000000000000000000000000000000060000000000FC3F06000000
310
000000F03F0A06182D4454FB2109C00A060000000000000000110E04445849440D066174747269620CFFFFFFFF04FFFFFFFF0CFFFFFFFF0CFFFFFFFF0CF3060000071241534D5F454447455F46524F4D5F535445500703323136110E0873747261696768740D0563757276650CFFFFFFFF04FFFFFFFF0CFFFFFFFF13010000
310
00000057400000000000A04E40CBCCCCCCCC4C12C014000000000000000000000000000000000000000000408FC00A0680E9263108AC5CBF0A067DE9263108AC5C3F110D05706F696E740CFFFFFFFF04FFFFFFFF0CFFFFFFFF1301000000000057400000000000A04E40CCCCCCCCCC4C19C0110D05706F696E740CFFFFFFFF
310
04FFFFFFFF0CFFFFFFFF1301000000000057400000000000A04E4093999999999906C0110E04445849440D066174747269620CFFFFFFFF04FFFFFFFF0CFFFFFFFF0CFFFFFFFF0CFB060000071241534D5F454447455F46524F4D5F53544550070431363438110E07656C6C697073650D0563757276650CFFFFFFFF04FFFFFF
310
FF0CFFFFFFFF1301000000000057400000000000A04E40CBCCCCCCCC4C12C014000000000000F0BF000000000000008000000000000000801400000000000000000000000000000000030000000000FCBF06000000000000F03F0A0600000000000000000A06182D4454FB210940110E03456E640E026F660E0341534D0D04
310
64617461
  0
ENDSEC
  0
EOF
